[Startup] История предзагружена: 20 раундов
[Startup] Активных паттернов: 5
  - run_streak: N одинаковых подряд, опционально с пропуском и последующим повтором
  - repeating_pair: Пара -> ждём повтор ТОЙ ЖЕ пары; любая другая пара сбивает цель
  - symmetric_gap: Симметричный повтор значения: x o^N x o^N x (N от MIN до MAX)
  - streak_burst: Накопление N последовательностей (2+ подряд) на обоих кубиках суммарно
  - pair_chain: Любая пара запускает ожидание любой следующей пары (на любом кубике)
Подключение к потоку событий...
Активных паттернов: 5
─────────────────────────────────────
[13:22:01] ✅ V-684   🔴6 vs 5🔵
[13:22:07] ▶ Раунд V-685 начался
[13:22:39] ✅ V-685   🔴6 vs 4🔵
[13:22:45] ▶ Раунд V-686 начался
[13:23:17] ✅ V-686   🔴2 vs 4🔵
[13:23:23] ▶ Раунд V-687 начался
[13:23:55] ✅ V-687   🔴2 vs 2🔵

  ++++++++++++++++++++++++++++++++++
  🔴 НОВАЯ ПАРА!
  Красный — 2
  Длина цепочки: 4 раундов
  ++++++++++++++++++++++++++++++++++
     [V-684]  🔴6  vs  5🔵
     [V-685]  🔴6  vs  4🔵
     [V-686]  🔴2  vs  4🔵
     [V-687]  🔴2  vs  2🔵
  ++++++++++++++++++++++++++++++++++

[Telegram] Ошибка отправки сообщения в чат 1477129493: 403 Client Error: Forbidden for url: https://my-tg-proxy.iwantbunnygirl.workers.dev/bot8603609103:AAENi9LYuF8bXjwK9E1oZIIpG21UNZeZW5s/sendMessage
[Telegram] Ошибка отправки сообщения в чат 1329987939: 403 Client Error: Forbidden for url: https://my-tg-proxy.iwantbunnygirl.workers.dev/bot8603609103:AAENi9LYuF8bXjwK9E1oZIIpG21UNZeZW5s/sendMessage
[Telegram] Ошибка отправки сообщения в чат 705506250: 403 Client Error: Forbidden for url: https://my-tg-proxy.iwantbunnygirl.workers.dev/bot8603609103:AAENi9LYuF8bXjwK9E1oZIIpG21UNZeZW5s/sendMessage
[13:24:01] ▶ Раунд V-688 начался
[13:24:33] ✅ V-688   🔴3 vs 3🔵
[13:24:39] ▶ Раунд V-689 начался
[13:25:11] ✅ V-689   🔴1 vs 3🔵

  ~~~~~~~~~~~~~~~~~~~~~~~~~~~~~~~~~~
  🎲 МНОГО ПОСЛЕДОВАТЕЛЬНОСТЕЙ!
  Найдено: 4
  🔴66, 🔵44, 🔴22, 🔵33
  ~~~~~~~~~~~~~~~~~~~~~~~~~~~~~~~~~~
  🔥 [V-684]  🔴6  vs  5🔵
  🔥 [V-685]  🔴6  vs  4🔵
  🔥 [V-686]  🔴2  vs  4🔵
  🔥 [V-687]  🔴2  vs  2🔵
  🔥 [V-688]  🔴3  vs  3🔵
  🔥 [V-689]  🔴1  vs  3🔵
  ~~~~~~~~~~~~~~~~~~~~~~~~~~~~~~~~~~

[Telegram] Ошибка отправки сообщения в чат 1477129493: 403 Client Error: Forbidden for url: https://my-tg-proxy.iwantbunnygirl.workers.dev/bot8603609103:AAENi9LYuF8bXjwK9E1oZIIpG21UNZeZW5s/sendMessage
[Telegram] Ошибка отправки сообщения в чат 1329987939: 403 Client Error: Forbidden for url: https://my-tg-proxy.iwantbunnygirl.workers.dev/bot8603609103:AAENi9LYuF8bXjwK9E1oZIIpG21UNZeZW5s/sendMessage
[Telegram] Ошибка отправки сообщения в чат 705506250: 403 Client Error: Forbidden for url: https://my-tg-proxy.iwantbunnygirl.workers.dev/bot8603609103:AAENi9LYuF8bXjwK9E1oZIIpG21UNZeZW5s/sendMessage

  ++++++++++++++++++++++++++++++++++
  🔵 НОВАЯ ПАРА!
  Синий — 3
  Длина цепочки: 4 раундов
  ++++++++++++++++++++++++++++++++++
     [V-686]  🔴2  vs  4🔵
     [V-687]  🔴2  vs  2🔵
     [V-688]  🔴3  vs  3🔵
     [V-689]  🔴1  vs  3🔵
  ++++++++++++++++++++++++++++++++++

[Telegram] Ошибка отправки сообщения в чат 1477129493: 403 Client Error: Forbidden for url: https://my-tg-proxy.iwantbunnygirl.workers.dev/bot8603609103:AAENi9LYuF8bXjwK9E1oZIIpG21UNZeZW5s/sendMessage
[Telegram] Ошибка отправки сообщения в чат 1329987939: 403 Client Error: Forbidden for url: https://my-tg-proxy.iwantbunnygirl.workers.dev/bot8603609103:AAENi9LYuF8bXjwK9E1oZIIpG21UNZeZW5s/sendMessage
[Telegram] Ошибка отправки сообщения в чат 705506250: 403 Client Error: Forbidden for url: https://my-tg-proxy.iwantbunnygirl.workers.dev/bot8603609103:AAENi9LYuF8bXjwK9E1oZIIpG21UNZeZW5s/sendMessage
[13:25:17] ▶ Раунд V-690 начался
[13:25:49] ✅ V-690   🔴3 vs 4🔵
[13:25:55] ▶ Раунд V-691 начался
[13:26:27] ✅ V-691   🔴1 vs 5🔵
[13:26:33] ▶ Раунд V-692 начался
[13:27:05] ✅ V-692   🔴5 vs 3🔵
[13:27:11] ▶ Раунд V-693 начался
[13:27:43] ✅ V-693   🔴5 vs 5🔵

  ++++++++++++++++++++++++++++++++++
  🔴 НОВАЯ ПАРА!
  Красный — 5
  Длина цепочки: 6 раундов
  ++++++++++++++++++++++++++++++++++
     [V-688]  🔴3  vs  3🔵
     [V-689]  🔴1  vs  3🔵
     [V-690]  🔴3  vs  4🔵
     [V-691]  🔴1  vs  5🔵
     [V-692]  🔴5  vs  3🔵
     [V-693]  🔴5  vs  5🔵
  ++++++++++++++++++++++++++++++++++

[Telegram] Ошибка отправки сообщения в чат 1477129493: 403 Client Error: Forbidden for url: https://my-tg-proxy.iwantbunnygirl.workers.dev/bot8603609103:AAENi9LYuF8bXjwK9E1oZIIpG21UNZeZW5s/sendMessage
[Telegram] Ошибка отправки сообщения в чат 1329987939: 403 Client Error: Forbidden for url: https://my-tg-proxy.iwantbunnygirl.workers.dev/bot8603609103:AAENi9LYuF8bXjwK9E1oZIIpG21UNZeZW5s/sendMessage
[Telegram] Ошибка отправки сообщения в чат 705506250: 403 Client Error: Forbidden for url: https://my-tg-proxy.iwantbunnygirl.workers.dev/bot8603609103:AAENi9LYuF8bXjwK9E1oZIIpG21UNZeZW5s/sendMessage
[13:27:49] ▶ Раунд V-694 начался
[13:28:21] ✅ V-694   🔴3 vs 6🔵
[13:28:27] ▶ Раунд V-695 начался
[13:28:59] ✅ V-695   🔴2 vs 2🔵
[13:29:05] ▶ Раунд V-696 начался
[13:29:37] ✅ V-696   🔴1 vs 6🔵
[13:29:43] ▶ Раунд V-697 начался
[13:30:15] ✅ V-697   🔴6 vs 4🔵
[13:30:21] ▶ Раунд V-698 начался
[13:30:53] ✅ V-698   🔴1 vs 2🔵
[13:30:59] ▶ Раунд V-699 начался
[13:31:31] ✅ V-699   🔴1 vs 1🔵

  ++++++++++++++++++++++++++++++++++
  🔴 НОВАЯ ПАРА!
  Красный — 1
  Длина цепочки: 8 раундов
  ++++++++++++++++++++++++++++++++++
     [V-692]  🔴5  vs  3🔵
     [V-693]  🔴5  vs  5🔵
     [V-694]  🔴3  vs  6🔵
     [V-695]  🔴2  vs  2🔵
     [V-696]  🔴1  vs  6🔵
     [V-697]  🔴6  vs  4🔵
     [V-698]  🔴1  vs  2🔵
     [V-699]  🔴1  vs  1🔵
  ++++++++++++++++++++++++++++++++++

[Telegram] Ошибка отправки сообщения в чат 1477129493: 403 Client Error: Forbidden for url: https://my-tg-proxy.iwantbunnygirl.workers.dev/bot8603609103:AAENi9LYuF8bXjwK9E1oZIIpG21UNZeZW5s/sendMessage
[Telegram] Ошибка отправки сообщения в чат 1329987939: 403 Client Error: Forbidden for url: https://my-tg-proxy.iwantbunnygirl.workers.dev/bot8603609103:AAENi9LYuF8bXjwK9E1oZIIpG21UNZeZW5s/sendMessage
[Telegram] Ошибка отправки сообщения в чат 705506250: 403 Client Error: Forbidden for url: https://my-tg-proxy.iwantbunnygirl.workers.dev/bot8603609103:AAENi9LYuF8bXjwK9E1oZIIpG21UNZeZW5s/sendMessage
[13:31:37] ▶ Раунд V-700 начался
[13:32:09] ✅ V-700   🔴5 vs 4🔵
[13:32:15] ▶ Раунд V-701 начался
[13:32:47] ✅ V-701   🔴2 vs 2🔵

  ##################################
  🔵 XOX-ПАТТЕРН!
  Синий — 2
  Шаблон: xooxoox
  ##################################
  🎯 [V-695]  🔴2  vs  2🔵
     [V-696]  🔴1  vs  6🔵
     [V-697]  🔴6  vs  4🔵
  🎯 [V-698]  🔴1  vs  2🔵
     [V-699]  🔴1  vs  1🔵
     [V-700]  🔴5  vs  4🔵
  🎯 [V-701]  🔴2  vs  2🔵
  ##################################

[13:32:53] ▶ Раунд V-702 начался
[13:33:25] ✅ V-702   🔴6 vs 6🔵
[13:33:31] ▶ Раунд V-703 начался
[13:34:03] ✅ V-703   🔴1 vs 2🔵
[13:34:09] ▶ Раунд V-704 начался
[13:34:41] ✅ V-704   🔴3 vs 3🔵
[13:34:47] ▶ Раунд V-705 начался
[13:35:19] ✅ V-705   🔴5 vs 3🔵

  ++++++++++++++++++++++++++++++++++
  🔵 НОВАЯ ПАРА!
  Синий — 3
  Длина цепочки: 8 раундов
  ++++++++++++++++++++++++++++++++++
     [V-698]  🔴1  vs  2🔵
     [V-699]  🔴1  vs  1🔵
     [V-700]  🔴5  vs  4🔵
     [V-701]  🔴2  vs  2🔵
     [V-702]  🔴6  vs  6🔵
     [V-703]  🔴1  vs  2🔵
     [V-704]  🔴3  vs  3🔵
     [V-705]  🔴5  vs  3🔵
  ++++++++++++++++++++++++++++++++++

[Telegram] Ошибка отправки сообщения в чат 1477129493: 403 Client Error: Forbidden for url: https://my-tg-proxy.iwantbunnygirl.workers.dev/bot8603609103:AAENi9LYuF8bXjwK9E1oZIIpG21UNZeZW5s/sendMessage
[Telegram] Ошибка отправки сообщения в чат 1329987939: 403 Client Error: Forbidden for url: https://my-tg-proxy.iwantbunnygirl.workers.dev/bot8603609103:AAENi9LYuF8bXjwK9E1oZIIpG21UNZeZW5s/sendMessage
[Telegram] Ошибка отправки сообщения в чат 705506250: 403 Client Error: Forbidden for url: https://my-tg-proxy.iwantbunnygirl.workers.dev/bot8603609103:AAENi9LYuF8bXjwK9E1oZIIpG21UNZeZW5s/sendMessage
[13:35:25] ▶ Раунд V-706 начался
[13:35:57] ✅ V-706   🔴4 vs 1🔵
[13:36:03] ▶ Раунд V-707 начался
[13:36:35] ✅ V-707   🔴1 vs 2🔵

  ##################################
  🔴 XOX-ПАТТЕРН!
  Красный — 1
  Шаблон: xoooxooox
  ##################################
  🎯 [V-699]  🔴1  vs  1🔵
     [V-700]  🔴5  vs  4🔵
     [V-701]  🔴2  vs  2🔵
     [V-702]  🔴6  vs  6🔵
  🎯 [V-703]  🔴1  vs  2🔵
     [V-704]  🔴3  vs  3🔵
     [V-705]  🔴5  vs  3🔵
     [V-706]  🔴4  vs  1🔵
  🎯 [V-707]  🔴1  vs  2🔵
  ##################################

[13:36:41] ▶ Раунд V-708 начался
[13:37:13] ✅ V-708   🔴4 vs 1🔵
[13:37:19] ▶ Раунд V-709 начался
[13:37:51] ✅ V-709   🔴1 vs 1🔵

  ~~~~~~~~~~~~~~~~~~~~~~~~~~~~~~~~~~
  🎲 МНОГО ПОСЛЕДОВАТЕЛЬНОСТЕЙ!
  Найдено: 4
  🔴55, 🔴11, 🔵33, 🔵11
  ~~~~~~~~~~~~~~~~~~~~~~~~~~~~~~~~~~
  🔥 [V-692]  🔴5  vs  3🔵
  🔥 [V-693]  🔴5  vs  5🔵
     [V-694]  🔴3  vs  6🔵
     [V-695]  🔴2  vs  2🔵
     [V-696]  🔴1  vs  6🔵
     [V-697]  🔴6  vs  4🔵
  🔥 [V-698]  🔴1  vs  2🔵
  🔥 [V-699]  🔴1  vs  1🔵
     [V-700]  🔴5  vs  4🔵
     [V-701]  🔴2  vs  2🔵
     [V-702]  🔴6  vs  6🔵
     [V-703]  🔴1  vs  2🔵
  🔥 [V-704]  🔴3  vs  3🔵
  🔥 [V-705]  🔴5  vs  3🔵
     [V-706]  🔴4  vs  1🔵
     [V-707]  🔴1  vs  2🔵
  🔥 [V-708]  🔴4  vs  1🔵
  🔥 [V-709]  🔴1  vs  1🔵
  ~~~~~~~~~~~~~~~~~~~~~~~~~~~~~~~~~~

[Telegram] Ошибка отправки сообщения в чат 1477129493: 403 Client Error: Forbidden for url: https://my-tg-proxy.iwantbunnygirl.workers.dev/bot8603609103:AAENi9LYuF8bXjwK9E1oZIIpG21UNZeZW5s/sendMessage
[Telegram] Ошибка отправки сообщения в чат 1329987939: 403 Client Error: Forbidden for url: https://my-tg-proxy.iwantbunnygirl.workers.dev/bot8603609103:AAENi9LYuF8bXjwK9E1oZIIpG21UNZeZW5s/sendMessage
[Telegram] Ошибка отправки сообщения в чат 705506250: 403 Client Error: Forbidden for url: https://my-tg-proxy.iwantbunnygirl.workers.dev/bot8603609103:AAENi9LYuF8bXjwK9E1oZIIpG21UNZeZW5s/sendMessage

  ++++++++++++++++++++++++++++++++++
  🔵 НОВАЯ ПАРА!
  Синий — 1
  Длина цепочки: 6 раундов
  ++++++++++++++++++++++++++++++++++
     [V-704]  🔴3  vs  3🔵
     [V-705]  🔴5  vs  3🔵
     [V-706]  🔴4  vs  1🔵
     [V-707]  🔴1  vs  2🔵
     [V-708]  🔴4  vs  1🔵
     [V-709]  🔴1  vs  1🔵
  ++++++++++++++++++++++++++++++++++

[Telegram] Ошибка отправки сообщения в чат 1477129493: 403 Client Error: Forbidden for url: https://my-tg-proxy.iwantbunnygirl.workers.dev/bot8603609103:AAENi9LYuF8bXjwK9E1oZIIpG21UNZeZW5s/sendMessage
[Telegram] Ошибка отправки сообщения в чат 1329987939: 403 Client Error: Forbidden for url: https://my-tg-proxy.iwantbunnygirl.workers.dev/bot8603609103:AAENi9LYuF8bXjwK9E1oZIIpG21UNZeZW5s/sendMessage
[Telegram] Ошибка отправки сообщения в чат 705506250: 403 Client Error: Forbidden for url: https://my-tg-proxy.iwantbunnygirl.workers.dev/bot8603609103:AAENi9LYuF8bXjwK9E1oZIIpG21UNZeZW5s/sendMessage
[13:37:57] ▶ Раунд V-710 начался
[13:38:29] ✅ V-710   🔴5 vs 6🔵

  ##################################
  🔴 XOX-ПАТТЕРН!
  Красный — 5
  Шаблон: xooooxoooox
  ##################################
  🎯 [V-700]  🔴5  vs  4🔵
     [V-701]  🔴2  vs  2🔵
     [V-702]  🔴6  vs  6🔵
     [V-703]  🔴1  vs  2🔵
     [V-704]  🔴3  vs  3🔵
  🎯 [V-705]  🔴5  vs  3🔵
     [V-706]  🔴4  vs  1🔵
     [V-707]  🔴1  vs  2🔵
     [V-708]  🔴4  vs  1🔵
     [V-709]  🔴1  vs  1🔵
  🎯 [V-710]  🔴5  vs  6🔵
  ##################################

[13:38:35] ▶ Раунд V-711 начался
[13:39:07] ✅ V-711   🔴5 vs 3🔵

  ++++++++++++++++++++++++++++++++++
  🔴 НОВАЯ ПАРА!
  Красный — 5
  Длина цепочки: 4 раундов
  ++++++++++++++++++++++++++++++++++
     [V-708]  🔴4  vs  1🔵
     [V-709]  🔴1  vs  1🔵
     [V-710]  🔴5  vs  6🔵
     [V-711]  🔴5  vs  3🔵
  ++++++++++++++++++++++++++++++++++

[Telegram] Ошибка отправки сообщения в чат 1477129493: 403 Client Error: Forbidden for url: https://my-tg-proxy.iwantbunnygirl.workers.dev/bot8603609103:AAENi9LYuF8bXjwK9E1oZIIpG21UNZeZW5s/sendMessage
[Telegram] Ошибка отправки сообщения в чат 1329987939: 403 Client Error: Forbidden for url: https://my-tg-proxy.iwantbunnygirl.workers.dev/bot8603609103:AAENi9LYuF8bXjwK9E1oZIIpG21UNZeZW5s/sendMessage
[Telegram] Ошибка отправки сообщения в чат 705506250: 403 Client Error: Forbidden for url: https://my-tg-proxy.iwantbunnygirl.workers.dev/bot8603609103:AAENi9LYuF8bXjwK9E1oZIIpG21UNZeZW5s/sendMessage
[13:39:13] ▶ Раунд V-712 начался
[13:39:45] ✅ V-712   🔴6 vs 2🔵
[13:39:51] ▶ Раунд V-713 начался
[13:40:23] ✅ V-713   🔴3 vs 1🔵
[13:40:29] ▶ Раунд V-714 начался
[13:41:01] ✅ V-714   🔴5 vs 3🔵
[13:41:07] ▶ Раунд V-715 начался
[13:41:39] ✅ V-715   🔴1 vs 5🔵
[13:41:45] ▶ Раунд V-716 начался
[13:42:17] ✅ V-716   🔴3 vs 3🔵
[13:42:23] ▶ Раунд V-717 начался
[13:42:55] ✅ V-717   🔴5 vs 1🔵

  ##################################
  🔴 XOX-ПАТТЕРН!
  Красный — 5
  Шаблон: xooxoox
  ##################################
  🎯 [V-711]  🔴5  vs  3🔵
     [V-712]  🔴6  vs  2🔵
     [V-713]  🔴3  vs  1🔵
  🎯 [V-714]  🔴5  vs  3🔵
     [V-715]  🔴1  vs  5🔵
     [V-716]  🔴3  vs  3🔵
  🎯 [V-717]  🔴5  vs  1🔵
  ##################################


  ##################################
  🔵 XOX-ПАТТЕРН!
  Синий — 1
  Шаблон: xoooxooox
  ##################################
  🎯 [V-709]  🔴1  vs  1🔵
     [V-710]  🔴5  vs  6🔵
     [V-711]  🔴5  vs  3🔵
     [V-712]  🔴6  vs  2🔵
  🎯 [V-713]  🔴3  vs  1🔵
     [V-714]  🔴5  vs  3🔵
     [V-715]  🔴1  vs  5🔵
     [V-716]  🔴3  vs  3🔵
  🎯 [V-717]  🔴5  vs  1🔵
  ##################################

[13:43:01] ▶ Раунд V-718 начался
[13:43:33] ✅ V-718   🔴3 vs 6🔵
[13:43:39] ▶ Раунд V-719 начался
[13:44:11] ✅ V-719   🔴2 vs 3🔵
[13:44:17] ▶ Раунд V-720 начался
[13:44:49] ✅ V-720   🔴2 vs 4🔵

  ++++++++++++++++++++++++++++++++++
  🔴 НОВАЯ ПАРА!
  Красный — 2
  Длина цепочки: 11 раундов
  ++++++++++++++++++++++++++++++++++
     [V-710]  🔴5  vs  6🔵
     [V-711]  🔴5  vs  3🔵
     [V-712]  🔴6  vs  2🔵
     [V-713]  🔴3  vs  1🔵
     [V-714]  🔴5  vs  3🔵
     [V-715]  🔴1  vs  5🔵
     [V-716]  🔴3  vs  3🔵
     [V-717]  🔴5  vs  1🔵
     [V-718]  🔴3  vs  6🔵
     [V-719]  🔴2  vs  3🔵
     [V-720]  🔴2  vs  4🔵
  ++++++++++++++++++++++++++++++++++

[Telegram] Ошибка отправки сообщения в чат 1477129493: 403 Client Error: Forbidden for url: https://my-tg-proxy.iwantbunnygirl.workers.dev/bot8603609103:AAENi9LYuF8bXjwK9E1oZIIpG21UNZeZW5s/sendMessage
[Telegram] Ошибка отправки сообщения в чат 1329987939: 403 Client Error: Forbidden for url: https://my-tg-proxy.iwantbunnygirl.workers.dev/bot8603609103:AAENi9LYuF8bXjwK9E1oZIIpG21UNZeZW5s/sendMessage
[Telegram] Ошибка отправки сообщения в чат 705506250: 403 Client Error: Forbidden for url: https://my-tg-proxy.iwantbunnygirl.workers.dev/bot8603609103:AAENi9LYuF8bXjwK9E1oZIIpG21UNZeZW5s/sendMessage
[13:44:55] ▶ Раунд V-721 начался
[13:45:27] ✅ V-721   🔴5 vs 5🔵
[13:45:33] ▶ Раунд V-722 начался
[13:46:05] ✅ V-722   🔴5 vs 4🔵

  ++++++++++++++++++++++++++++++++++
  🔴 НОВАЯ ПАРА!
  Красный — 5
  Длина цепочки: 4 раундов
  ++++++++++++++++++++++++++++++++++
     [V-719]  🔴2  vs  3🔵
     [V-720]  🔴2  vs  4🔵
     [V-721]  🔴5  vs  5🔵
     [V-722]  🔴5  vs  4🔵
  ++++++++++++++++++++++++++++++++++

[Telegram] Ошибка отправки сообщения в чат 1477129493: 403 Client Error: Forbidden for url: https://my-tg-proxy.iwantbunnygirl.workers.dev/bot8603609103:AAENi9LYuF8bXjwK9E1oZIIpG21UNZeZW5s/sendMessage
[Telegram] Ошибка отправки сообщения в чат 1329987939: 403 Client Error: Forbidden for url: https://my-tg-proxy.iwantbunnygirl.workers.dev/bot8603609103:AAENi9LYuF8bXjwK9E1oZIIpG21UNZeZW5s/sendMessage
[Telegram] Ошибка отправки сообщения в чат 705506250: 403 Client Error: Forbidden for url: https://my-tg-proxy.iwantbunnygirl.workers.dev/bot8603609103:AAENi9LYuF8bXjwK9E1oZIIpG21UNZeZW5s/sendMessage
[13:46:11] ▶ Раунд V-723 начался
[13:46:43] ✅ V-723   🔴5 vs 3🔵
[13:46:49] ▶ Раунд V-724 начался
[13:47:21] ✅ V-724   🔴2 vs 1🔵
[13:47:27] ▶ Раунд V-725 начался
[13:47:59] ✅ V-725   🔴4 vs 3🔵
[13:48:05] ▶ Раунд V-726 начался
[13:48:37] ✅ V-726   🔴3 vs 3🔵

  ~~~~~~~~~~~~~~~~~~~~~~~~~~~~~~~~~~
  🎲 МНОГО ПОСЛЕДОВАТЕЛЬНОСТЕЙ!
  Найдено: 4
  🔴55, 🔴22, 🔴55, 🔵33
  ~~~~~~~~~~~~~~~~~~~~~~~~~~~~~~~~~~
  🔥 [V-710]  🔴5  vs  6🔵
  🔥 [V-711]  🔴5  vs  3🔵
     [V-712]  🔴6  vs  2🔵
     [V-713]  🔴3  vs  1🔵
     [V-714]  🔴5  vs  3🔵
     [V-715]  🔴1  vs  5🔵
     [V-716]  🔴3  vs  3🔵
     [V-717]  🔴5  vs  1🔵
     [V-718]  🔴3  vs  6🔵
  🔥 [V-719]  🔴2  vs  3🔵
  🔥 [V-720]  🔴2  vs  4🔵
  🔥 [V-721]  🔴5  vs  5🔵
  🔥 [V-722]  🔴5  vs  4🔵
     [V-723]  🔴5  vs  3🔵
     [V-724]  🔴2  vs  1🔵
  🔥 [V-725]  🔴4  vs  3🔵
  🔥 [V-726]  🔴3  vs  3🔵
  ~~~~~~~~~~~~~~~~~~~~~~~~~~~~~~~~~~

[Telegram] Ошибка отправки сообщения в чат 1477129493: 403 Client Error: Forbidden for url: https://my-tg-proxy.iwantbunnygirl.workers.dev/bot8603609103:AAENi9LYuF8bXjwK9E1oZIIpG21UNZeZW5s/sendMessage
[Telegram] Ошибка отправки сообщения в чат 1329987939: 403 Client Error: Forbidden for url: https://my-tg-proxy.iwantbunnygirl.workers.dev/bot8603609103:AAENi9LYuF8bXjwK9E1oZIIpG21UNZeZW5s/sendMessage
[Telegram] Ошибка отправки сообщения в чат 705506250: 403 Client Error: Forbidden for url: https://my-tg-proxy.iwantbunnygirl.workers.dev/bot8603609103:AAENi9LYuF8bXjwK9E1oZIIpG21UNZeZW5s/sendMessage

  ++++++++++++++++++++++++++++++++++
  🔵 НОВАЯ ПАРА!
  Синий — 3
  Длина цепочки: 6 раундов
  ++++++++++++++++++++++++++++++++++
     [V-721]  🔴5  vs  5🔵
     [V-722]  🔴5  vs  4🔵
     [V-723]  🔴5  vs  3🔵
     [V-724]  🔴2  vs  1🔵
     [V-725]  🔴4  vs  3🔵
     [V-726]  🔴3  vs  3🔵
  ++++++++++++++++++++++++++++++++++

[Telegram] Ошибка отправки сообщения в чат 1477129493: 403 Client Error: Forbidden for url: https://my-tg-proxy.iwantbunnygirl.workers.dev/bot8603609103:AAENi9LYuF8bXjwK9E1oZIIpG21UNZeZW5s/sendMessage
[Telegram] Ошибка отправки сообщения в чат 1329987939: 403 Client Error: Forbidden for url: https://my-tg-proxy.iwantbunnygirl.workers.dev/bot8603609103:AAENi9LYuF8bXjwK9E1oZIIpG21UNZeZW5s/sendMessage
[Telegram] Ошибка отправки сообщения в чат 705506250: 403 Client Error: Forbidden for url: https://my-tg-proxy.iwantbunnygirl.workers.dev/bot8603609103:AAENi9LYuF8bXjwK9E1oZIIpG21UNZeZW5s/sendMessage
[13:48:43] ▶ Раунд V-727 начался
[13:49:15] ✅ V-727   🔴2 vs 2🔵
[13:49:21] ▶ Раунд V-728 начался
[13:49:53] ✅ V-728   🔴2 vs 3🔵

  ++++++++++++++++++++++++++++++++++
  🔴 НОВАЯ ПАРА!
  Красный — 2
  Длина цепочки: 4 раундов
  ++++++++++++++++++++++++++++++++++
     [V-725]  🔴4  vs  3🔵
     [V-726]  🔴3  vs  3🔵
     [V-727]  🔴2  vs  2🔵
     [V-728]  🔴2  vs  3🔵
  ++++++++++++++++++++++++++++++++++

[Telegram] Ошибка отправки сообщения в чат 1477129493: 403 Client Error: Forbidden for url: https://my-tg-proxy.iwantbunnygirl.workers.dev/bot8603609103:AAENi9LYuF8bXjwK9E1oZIIpG21UNZeZW5s/sendMessage
[Telegram] Ошибка отправки сообщения в чат 1329987939: 403 Client Error: Forbidden for url: https://my-tg-proxy.iwantbunnygirl.workers.dev/bot8603609103:AAENi9LYuF8bXjwK9E1oZIIpG21UNZeZW5s/sendMessage
[Telegram] Ошибка отправки сообщения в чат 705506250: 403 Client Error: Forbidden for url: https://my-tg-proxy.iwantbunnygirl.workers.dev/bot8603609103:AAENi9LYuF8bXjwK9E1oZIIpG21UNZeZW5s/sendMessage
[13:49:59] ▶ Раунд V-729 начался
[13:50:31] ✅ V-729   🔴2 vs 4🔵
[13:50:37] ▶ Раунд V-730 начался
[13:51:09] ✅ V-730   🔴5 vs 3🔵

  ##################################
  🔵 XOX-ПАТТЕРН!
  Синий — 3
  Шаблон: xoxox
  ##################################
  🎯 [V-726]  🔴3  vs  3🔵
     [V-727]  🔴2  vs  2🔵
  🎯 [V-728]  🔴2  vs  3🔵
     [V-729]  🔴2  vs  4🔵
  🎯 [V-730]  🔴5  vs  3🔵
  ##################################

[13:51:15] ▶ Раунд V-731 начался
[13:51:47] ✅ V-731   🔴6 vs 5🔵
[13:51:53] ▶ Раунд V-732 начался
[13:52:25] ✅ V-732   🔴4 vs 3🔵

  ##################################
  🔵 XOX-ПАТТЕРН!
  Синий — 3
  Шаблон: xoxox
  ##################################
  🎯 [V-728]  🔴2  vs  3🔵
     [V-729]  🔴2  vs  4🔵
  🎯 [V-730]  🔴5  vs  3🔵
     [V-731]  🔴6  vs  5🔵
  🎯 [V-732]  🔴4  vs  3🔵
  ##################################

[13:52:31] ▶ Раунд V-733 начался
[13:53:03] ✅ V-733   🔴1 vs 2🔵
[13:53:09] ▶ Раунд V-734 начался
[13:53:41] ✅ V-734   🔴6 vs 6🔵
[13:53:47] ▶ Раунд V-735 начался
[13:54:19] ✅ V-735   🔴1 vs 4🔵
[13:54:25] ▶ Раунд V-736 начался
[13:54:57] ✅ V-736   🔴2 vs 2🔵
[13:55:03] ▶ Раунд V-737 начался
[13:55:35] ✅ V-737   🔴6 vs 4🔵

  ##################################
  🔴 XOX-ПАТТЕРН!
  Красный — 6
  Шаблон: xooxoox
  ##################################
  🎯 [V-731]  🔴6  vs  5🔵
     [V-732]  🔴4  vs  3🔵
     [V-733]  🔴1  vs  2🔵
  🎯 [V-734]  🔴6  vs  6🔵
     [V-735]  🔴1  vs  4🔵
     [V-736]  🔴2  vs  2🔵
  🎯 [V-737]  🔴6  vs  4🔵
  ##################################

[13:55:41] ▶ Раунд V-738 начался
[13:56:13] ✅ V-738   🔴4 vs 1🔵
[13:56:19] ▶ Раунд V-739 начался
[13:56:51] ✅ V-739   🔴6 vs 5🔵
[13:56:57] ▶ Раунд V-740 начался
[13:57:29] ✅ V-740   🔴2 vs 2🔵
[13:57:35] ▶ Раунд V-741 начался
[13:58:07] ✅ V-741   🔴2 vs 5🔵

  ==================================
  🔴 ПОВТОР ПАРЫ!
  Красный — 2
  Длина серии: 15 раундов
  ==================================
     [V-727]  🔴2  vs  2🔵
     [V-728]  🔴2  vs  3🔵
     [V-729]  🔴2  vs  4🔵
     [V-730]  🔴5  vs  3🔵
     [V-731]  🔴6  vs  5🔵
     [V-732]  🔴4  vs  3🔵
     [V-733]  🔴1  vs  2🔵
     [V-734]  🔴6  vs  6🔵
     [V-735]  🔴1  vs  4🔵
     [V-736]  🔴2  vs  2🔵
     [V-737]  🔴6  vs  4🔵
     [V-738]  🔴4  vs  1🔵
     [V-739]  🔴6  vs  5🔵
     [V-740]  🔴2  vs  2🔵
     [V-741]  🔴2  vs  5🔵
  ==================================


  ++++++++++++++++++++++++++++++++++
  🔴 НОВАЯ ПАРА!
  Красный — 2
  Длина цепочки: 15 раундов
  ++++++++++++++++++++++++++++++++++
     [V-727]  🔴2  vs  2🔵
     [V-728]  🔴2  vs  3🔵
     [V-729]  🔴2  vs  4🔵
     [V-730]  🔴5  vs  3🔵
     [V-731]  🔴6  vs  5🔵
     [V-732]  🔴4  vs  3🔵
     [V-733]  🔴1  vs  2🔵
     [V-734]  🔴6  vs  6🔵
     [V-735]  🔴1  vs  4🔵
     [V-736]  🔴2  vs  2🔵
     [V-737]  🔴6  vs  4🔵
     [V-738]  🔴4  vs  1🔵
     [V-739]  🔴6  vs  5🔵
     [V-740]  🔴2  vs  2🔵
     [V-741]  🔴2  vs  5🔵
  ++++++++++++++++++++++++++++++++++

[Telegram] Ошибка отправки сообщения в чат 1477129493: 403 Client Error: Forbidden for url: https://my-tg-proxy.iwantbunnygirl.workers.dev/bot8603609103:AAENi9LYuF8bXjwK9E1oZIIpG21UNZeZW5s/sendMessage
[Telegram] Ошибка отправки сообщения в чат 1329987939: 403 Client Error: Forbidden for url: https://my-tg-proxy.iwantbunnygirl.workers.dev/bot8603609103:AAENi9LYuF8bXjwK9E1oZIIpG21UNZeZW5s/sendMessage
[Telegram] Ошибка отправки сообщения в чат 705506250: 403 Client Error: Forbidden for url: https://my-tg-proxy.iwantbunnygirl.workers.dev/bot8603609103:AAENi9LYuF8bXjwK9E1oZIIpG21UNZeZW5s/sendMessage
[13:58:13] ▶ Раунд V-742 начался
[13:58:45] ✅ V-742   🔴5 vs 3🔵
[13:58:51] ▶ Раунд V-743 начался
[13:59:23] ✅ V-743   🔴4 vs 5🔵

  ##################################
  🔵 XOX-ПАТТЕРН!
  Синий — 5
  Шаблон: xoxox
  ##################################
  🎯 [V-739]  🔴6  vs  5🔵
     [V-740]  🔴2  vs  2🔵
  🎯 [V-741]  🔴2  vs  5🔵
     [V-742]  🔴5  vs  3🔵
  🎯 [V-743]  🔴4  vs  5🔵
  ##################################

[13:59:29] ▶ Раунд V-744 начался
[14:00:01] ✅ V-744   🔴3 vs 5🔵

  ++++++++++++++++++++++++++++++++++
  🔵 НОВАЯ ПАРА!
  Синий — 5
  Длина цепочки: 5 раундов
  ++++++++++++++++++++++++++++++++++
     [V-740]  🔴2  vs  2🔵
     [V-741]  🔴2  vs  5🔵
     [V-742]  🔴5  vs  3🔵
     [V-743]  🔴4  vs  5🔵
     [V-744]  🔴3  vs  5🔵
  ++++++++++++++++++++++++++++++++++

[Telegram] Ошибка отправки сообщения в чат 1477129493: 403 Client Error: Forbidden for url: https://my-tg-proxy.iwantbunnygirl.workers.dev/bot8603609103:AAENi9LYuF8bXjwK9E1oZIIpG21UNZeZW5s/sendMessage
[Telegram] Ошибка отправки сообщения в чат 1329987939: 403 Client Error: Forbidden for url: https://my-tg-proxy.iwantbunnygirl.workers.dev/bot8603609103:AAENi9LYuF8bXjwK9E1oZIIpG21UNZeZW5s/sendMessage
[Telegram] Ошибка отправки сообщения в чат 705506250: 403 Client Error: Forbidden for url: https://my-tg-proxy.iwantbunnygirl.workers.dev/bot8603609103:AAENi9LYuF8bXjwK9E1oZIIpG21UNZeZW5s/sendMessage
[14:00:07] ▶ Раунд V-745 начался
[14:00:39] ✅ V-745   🔴4 vs 3🔵
[14:00:45] ▶ Раунд V-746 начался
[14:01:23] ▶ Раунд V-747 начался
[14:01:55] ✅ V-747   🔴1 vs 6🔵
[14:02:01] ▶ Раунд V-748 начался
[14:02:33] ✅ V-748   🔴5 vs 5🔵
[14:02:39] ▶ Раунд V-749 начался
[14:03:11] ✅ V-749   🔴5 vs 1🔵

  ~~~~~~~~~~~~~~~~~~~~~~~~~~~~~~~~~~
  🎲 МНОГО ПОСЛЕДОВАТЕЛЬНОСТЕЙ!
  Найдено: 4
  🔴22, 🔴22, 🔵55, 🔴55
  ~~~~~~~~~~~~~~~~~~~~~~~~~~~~~~~~~~
  🔥 [V-727]  🔴2  vs  2🔵
  🔥 [V-728]  🔴2  vs  3🔵
     [V-729]  🔴2  vs  4🔵
     [V-730]  🔴5  vs  3🔵
     [V-731]  🔴6  vs  5🔵
     [V-732]  🔴4  vs  3🔵
     [V-733]  🔴1  vs  2🔵
     [V-734]  🔴6  vs  6🔵
     [V-735]  🔴1  vs  4🔵
     [V-736]  🔴2  vs  2🔵
     [V-737]  🔴6  vs  4🔵
     [V-738]  🔴4  vs  1🔵
     [V-739]  🔴6  vs  5🔵
  🔥 [V-740]  🔴2  vs  2🔵
  🔥 [V-741]  🔴2  vs  5🔵
     [V-742]  🔴5  vs  3🔵
  🔥 [V-743]  🔴4  vs  5🔵
  🔥 [V-744]  🔴3  vs  5🔵
     [V-745]  🔴4  vs  3🔵
     [V-747]  🔴1  vs  6🔵
  🔥 [V-748]  🔴5  vs  5🔵
  🔥 [V-749]  🔴5  vs  1🔵
  ~~~~~~~~~~~~~~~~~~~~~~~~~~~~~~~~~~

[Telegram] Ошибка отправки сообщения в чат 1477129493: 403 Client Error: Forbidden for url: https://my-tg-proxy.iwantbunnygirl.workers.dev/bot8603609103:AAENi9LYuF8bXjwK9E1oZIIpG21UNZeZW5s/sendMessage
[Telegram] Ошибка отправки сообщения в чат 1329987939: 403 Client Error: Forbidden for url: https://my-tg-proxy.iwantbunnygirl.workers.dev/bot8603609103:AAENi9LYuF8bXjwK9E1oZIIpG21UNZeZW5s/sendMessage
[Telegram] Ошибка отправки сообщения в чат 705506250: 403 Client Error: Forbidden for url: https://my-tg-proxy.iwantbunnygirl.workers.dev/bot8603609103:AAENi9LYuF8bXjwK9E1oZIIpG21UNZeZW5s/sendMessage

  ++++++++++++++++++++++++++++++++++
  🔴 НОВАЯ ПАРА!
  Красный — 5
  Длина цепочки: 6 раундов
  ++++++++++++++++++++++++++++++++++
     [V-743]  🔴4  vs  5🔵
     [V-744]  🔴3  vs  5🔵
     [V-745]  🔴4  vs  3🔵
     [V-747]  🔴1  vs  6🔵
     [V-748]  🔴5  vs  5🔵
     [V-749]  🔴5  vs  1🔵
  ++++++++++++++++++++++++++++++++++

[Telegram] Ошибка отправки сообщения в чат 1477129493: 403 Client Error: Forbidden for url: https://my-tg-proxy.iwantbunnygirl.workers.dev/bot8603609103:AAENi9LYuF8bXjwK9E1oZIIpG21UNZeZW5s/sendMessage
[Telegram] Ошибка отправки сообщения в чат 1329987939: 403 Client Error: Forbidden for url: https://my-tg-proxy.iwantbunnygirl.workers.dev/bot8603609103:AAENi9LYuF8bXjwK9E1oZIIpG21UNZeZW5s/sendMessage
[Telegram] Ошибка отправки сообщения в чат 705506250: 403 Client Error: Forbidden for url: https://my-tg-proxy.iwantbunnygirl.workers.dev/bot8603609103:AAENi9LYuF8bXjwK9E1oZIIpG21UNZeZW5s/sendMessage
[14:03:17] ▶ Раунд V-750 начался
[14:03:49] ✅ V-750   🔴4 vs 1🔵
[14:03:55] ▶ Раунд V-751 начался
[14:04:27] ✅ V-751   🔴6 vs 6🔵
[14:04:33] ▶ Раунд V-752 начался
[14:05:05] ✅ V-752   🔴3 vs 1🔵
[14:05:11] ▶ Раунд V-753 начался
[14:05:43] ✅ V-753   🔴6 vs 2🔵
[14:05:49] ▶ Раунд V-754 начался
[14:06:21] ✅ V-754   🔴2 vs 2🔵

  ++++++++++++++++++++++++++++++++++
  🔵 НОВАЯ ПАРА!
  Синий — 2
  Длина цепочки: 7 раундов
  ++++++++++++++++++++++++++++++++++
     [V-748]  🔴5  vs  5🔵
     [V-749]  🔴5  vs  1🔵
     [V-750]  🔴4  vs  1🔵
     [V-751]  🔴6  vs  6🔵
     [V-752]  🔴3  vs  1🔵
     [V-753]  🔴6  vs  2🔵
     [V-754]  🔴2  vs  2🔵
  ++++++++++++++++++++++++++++++++++

[Telegram] Ошибка отправки сообщения в чат 1477129493: 403 Client Error: Forbidden for url: https://my-tg-proxy.iwantbunnygirl.workers.dev/bot8603609103:AAENi9LYuF8bXjwK9E1oZIIpG21UNZeZW5s/sendMessage
[Telegram] Ошибка отправки сообщения в чат 1329987939: 403 Client Error: Forbidden for url: https://my-tg-proxy.iwantbunnygirl.workers.dev/bot8603609103:AAENi9LYuF8bXjwK9E1oZIIpG21UNZeZW5s/sendMessage
[Telegram] Ошибка отправки сообщения в чат 705506250: 403 Client Error: Forbidden for url: https://my-tg-proxy.iwantbunnygirl.workers.dev/bot8603609103:AAENi9LYuF8bXjwK9E1oZIIpG21UNZeZW5s/sendMessage
[14:06:27] ▶ Раунд V-755 начался
[14:06:59] ✅ V-755   🔴6 vs 2🔵

  ##################################
  🔴 XOX-ПАТТЕРН!
  Красный — 6
  Шаблон: xoxox
  ##################################
  🎯 [V-751]  🔴6  vs  6🔵
     [V-752]  🔴3  vs  1🔵
  🎯 [V-753]  🔴6  vs  2🔵
     [V-754]  🔴2  vs  2🔵
  🎯 [V-755]  🔴6  vs  2🔵
  ##################################

[14:07:05] ▶ Раунд V-756 начался
[14:07:37] ✅ V-756   🔴2 vs 2🔵

  ──────────────────────────────────
  🔵 ПАТТЕРН!
  Синий — 2
  четыре подряд подряд
  ──────────────────────────────────
  ⬅️ [V-751]  🔴6  vs  6🔵
  ⬅️ [V-752]  🔴3  vs  1🔵
  🔥 [V-753]  🔴6  vs  2🔵
  🔥 [V-754]  🔴2  vs  2🔵
  🔥 [V-755]  🔴6  vs  2🔵
  🔥 [V-756]  🔴2  vs  2🔵
  ──────────────────────────────────

[14:07:43] ▶ Раунд V-757 начался
[14:08:15] ✅ V-757   🔴6 vs 1🔵

  ##################################
  🔴 XOX-ПАТТЕРН!
  Красный — 6
  Шаблон: xoxox
  ##################################
  🎯 [V-753]  🔴6  vs  2🔵
     [V-754]  🔴2  vs  2🔵
  🎯 [V-755]  🔴6  vs  2🔵
     [V-756]  🔴2  vs  2🔵
  🎯 [V-757]  🔴6  vs  1🔵
  ##################################

[14:08:21] ▶ Раунд V-758 начался
[14:08:53] ✅ V-758   🔴4 vs 4🔵

  ··································
  📊 СТАТИСТИКА!
  Синий — 2
  четыре подряд подряд
  ··································
  ⬅️ [V-751]  🔴6  vs  6🔵
  ⬅️ [V-752]  🔴3  vs  1🔵
  🔥 [V-753]  🔴6  vs  2🔵
  🔥 [V-754]  🔴2  vs  2🔵
  🔥 [V-755]  🔴6  vs  2🔵
  🔥 [V-756]  🔴2  vs  2🔵
  🆕 [V-757]  🔴6  vs  1🔵
  🆕 [V-758]  🔴4  vs  4🔵
  ··································

[14:08:59] ▶ Раунд V-759 начался
[14:09:31] ✅ V-759   🔴4 vs 5🔵

  ++++++++++++++++++++++++++++++++++
  🔴 НОВАЯ ПАРА!
  Красный — 4
  Длина цепочки: 7 раундов
  ++++++++++++++++++++++++++++++++++
     [V-753]  🔴6  vs  2🔵
     [V-754]  🔴2  vs  2🔵
     [V-755]  🔴6  vs  2🔵
     [V-756]  🔴2  vs  2🔵
     [V-757]  🔴6  vs  1🔵
     [V-758]  🔴4  vs  4🔵
     [V-759]  🔴4  vs  5🔵
  ++++++++++++++++++++++++++++++++++

[Telegram] Ошибка отправки сообщения в чат 1477129493: 403 Client Error: Forbidden for url: https://my-tg-proxy.iwantbunnygirl.workers.dev/bot8603609103:AAENi9LYuF8bXjwK9E1oZIIpG21UNZeZW5s/sendMessage
[Telegram] Ошибка отправки сообщения в чат 1329987939: 403 Client Error: Forbidden for url: https://my-tg-proxy.iwantbunnygirl.workers.dev/bot8603609103:AAENi9LYuF8bXjwK9E1oZIIpG21UNZeZW5s/sendMessage
[Telegram] Ошибка отправки сообщения в чат 705506250: 403 Client Error: Forbidden for url: https://my-tg-proxy.iwantbunnygirl.workers.dev/bot8603609103:AAENi9LYuF8bXjwK9E1oZIIpG21UNZeZW5s/sendMessage
[14:09:37] ▶ Раунд V-760 начался
[14:10:09] ✅ V-760   🔴1 vs 4🔵
[14:10:15] ▶ Раунд V-761 начался
[14:10:47] ✅ V-761   🔴1 vs 1🔵

  ~~~~~~~~~~~~~~~~~~~~~~~~~~~~~~~~~~
  🎲 МНОГО ПОСЛЕДОВАТЕЛЬНОСТЕЙ!
  Найдено: 4
  🔵11, 🔵22, 🔴44, 🔴11
  ~~~~~~~~~~~~~~~~~~~~~~~~~~~~~~~~~~
  🔥 [V-749]  🔴5  vs  1🔵
  🔥 [V-750]  🔴4  vs  1🔵
     [V-751]  🔴6  vs  6🔵
     [V-752]  🔴3  vs  1🔵
  🔥 [V-753]  🔴6  vs  2🔵
  🔥 [V-754]  🔴2  vs  2🔵
     [V-755]  🔴6  vs  2🔵
     [V-756]  🔴2  vs  2🔵
     [V-757]  🔴6  vs  1🔵
  🔥 [V-758]  🔴4  vs  4🔵
  🔥 [V-759]  🔴4  vs  5🔵
  🔥 [V-760]  🔴1  vs  4🔵
  🔥 [V-761]  🔴1  vs  1🔵
  ~~~~~~~~~~~~~~~~~~~~~~~~~~~~~~~~~~

[Telegram] Ошибка отправки сообщения в чат 1477129493: 403 Client Error: Forbidden for url: https://my-tg-proxy.iwantbunnygirl.workers.dev/bot8603609103:AAENi9LYuF8bXjwK9E1oZIIpG21UNZeZW5s/sendMessage
[Telegram] Ошибка отправки сообщения в чат 1329987939: 403 Client Error: Forbidden for url: https://my-tg-proxy.iwantbunnygirl.workers.dev/bot8603609103:AAENi9LYuF8bXjwK9E1oZIIpG21UNZeZW5s/sendMessage
[Telegram] Ошибка отправки сообщения в чат 705506250: 403 Client Error: Forbidden for url: https://my-tg-proxy.iwantbunnygirl.workers.dev/bot8603609103:AAENi9LYuF8bXjwK9E1oZIIpG21UNZeZW5s/sendMessage

  ++++++++++++++++++++++++++++++++++
  🔴 НОВАЯ ПАРА!
  Красный — 1
  Длина цепочки: 4 раундов
  ++++++++++++++++++++++++++++++++++
     [V-758]  🔴4  vs  4🔵
     [V-759]  🔴4  vs  5🔵
     [V-760]  🔴1  vs  4🔵
     [V-761]  🔴1  vs  1🔵
  ++++++++++++++++++++++++++++++++++

[Telegram] Ошибка отправки сообщения в чат 1477129493: 403 Client Error: Forbidden for url: https://my-tg-proxy.iwantbunnygirl.workers.dev/bot8603609103:AAENi9LYuF8bXjwK9E1oZIIpG21UNZeZW5s/sendMessage
[Telegram] Ошибка отправки сообщения в чат 1329987939: 403 Client Error: Forbidden for url: https://my-tg-proxy.iwantbunnygirl.workers.dev/bot8603609103:AAENi9LYuF8bXjwK9E1oZIIpG21UNZeZW5s/sendMessage
[Telegram] Ошибка отправки сообщения в чат 705506250: 403 Client Error: Forbidden for url: https://my-tg-proxy.iwantbunnygirl.workers.dev/bot8603609103:AAENi9LYuF8bXjwK9E1oZIIpG21UNZeZW5s/sendMessage
[14:10:53] ▶ Раунд V-762 начался
[14:11:25] ✅ V-762   🔴1 vs 5🔵
[14:11:31] ▶ Раунд V-763 начался
[14:12:03] ✅ V-763   🔴6 vs 2🔵
[14:12:09] ▶ Раунд V-764 начался
[14:12:41] ✅ V-764   🔴2 vs 5🔵
[14:12:47] ▶ Раунд V-765 начался
[14:13:19] ✅ V-765   🔴5 vs 6🔵
[14:13:25] ▶ Раунд V-766 начался
[14:13:57] ✅ V-766   🔴3 vs 5🔵

  ##################################
  🔵 XOX-ПАТТЕРН!
  Синий — 5
  Шаблон: xoxox
  ##################################
  🎯 [V-762]  🔴1  vs  5🔵
     [V-763]  🔴6  vs  2🔵
  🎯 [V-764]  🔴2  vs  5🔵
     [V-765]  🔴5  vs  6🔵
  🎯 [V-766]  🔴3  vs  5🔵
  ##################################

[14:14:03] ▶ Раунд V-767 начался
[14:14:35] ✅ V-767   🔴6 vs 5🔵

  ++++++++++++++++++++++++++++++++++
  🔵 НОВАЯ ПАРА!
  Синий — 5
  Длина цепочки: 8 раундов
  ++++++++++++++++++++++++++++++++++
     [V-760]  🔴1  vs  4🔵
     [V-761]  🔴1  vs  1🔵
     [V-762]  🔴1  vs  5🔵
     [V-763]  🔴6  vs  2🔵
     [V-764]  🔴2  vs  5🔵
     [V-765]  🔴5  vs  6🔵
     [V-766]  🔴3  vs  5🔵
     [V-767]  🔴6  vs  5🔵
  ++++++++++++++++++++++++++++++++++

[Telegram] Ошибка отправки сообщения в чат 1477129493: 403 Client Error: Forbidden for url: https://my-tg-proxy.iwantbunnygirl.workers.dev/bot8603609103:AAENi9LYuF8bXjwK9E1oZIIpG21UNZeZW5s/sendMessage
[Telegram] Ошибка отправки сообщения в чат 1329987939: 403 Client Error: Forbidden for url: https://my-tg-proxy.iwantbunnygirl.workers.dev/bot8603609103:AAENi9LYuF8bXjwK9E1oZIIpG21UNZeZW5s/sendMessage
[Telegram] Ошибка отправки сообщения в чат 705506250: 403 Client Error: Forbidden for url: https://my-tg-proxy.iwantbunnygirl.workers.dev/bot8603609103:AAENi9LYuF8bXjwK9E1oZIIpG21UNZeZW5s/sendMessage
[14:14:41] ▶ Раунд V-768 начался
[14:15:13] ✅ V-768   🔴4 vs 6🔵
[14:15:19] ▶ Раунд V-769 начался
[14:15:51] ✅ V-769   🔴6 vs 4🔵
[14:15:57] ▶ Раунд V-770 начался
[14:16:29] ✅ V-770   🔴3 vs 5🔵
[14:16:35] ▶ Раунд V-771 начался
[14:17:07] ✅ V-771   🔴4 vs 3🔵
[14:17:13] ▶ Раунд V-772 начался
[14:17:45] ✅ V-772   🔴3 vs 3🔵

  ++++++++++++++++++++++++++++++++++
  🔵 НОВАЯ ПАРА!
  Синий — 3
  Длина цепочки: 7 раундов
  ++++++++++++++++++++++++++++++++++
     [V-766]  🔴3  vs  5🔵
     [V-767]  🔴6  vs  5🔵
     [V-768]  🔴4  vs  6🔵
     [V-769]  🔴6  vs  4🔵
     [V-770]  🔴3  vs  5🔵
     [V-771]  🔴4  vs  3🔵
     [V-772]  🔴3  vs  3🔵
  ++++++++++++++++++++++++++++++++++

[Telegram] Ошибка отправки сообщения в чат 1477129493: 403 Client Error: Forbidden for url: https://my-tg-proxy.iwantbunnygirl.workers.dev/bot8603609103:AAENi9LYuF8bXjwK9E1oZIIpG21UNZeZW5s/sendMessage
[Telegram] Ошибка отправки сообщения в чат 1329987939: 403 Client Error: Forbidden for url: https://my-tg-proxy.iwantbunnygirl.workers.dev/bot8603609103:AAENi9LYuF8bXjwK9E1oZIIpG21UNZeZW5s/sendMessage
[Telegram] Ошибка отправки сообщения в чат 705506250: 403 Client Error: Forbidden for url: https://my-tg-proxy.iwantbunnygirl.workers.dev/bot8603609103:AAENi9LYuF8bXjwK9E1oZIIpG21UNZeZW5s/sendMessage
[14:17:51] ▶ Раунд V-773 начался
[14:18:23] ✅ V-773   🔴3 vs 1🔵
[14:18:29] ▶ Раунд V-774 начался
[14:19:01] ✅ V-774   🔴2 vs 6🔵
[14:19:07] ▶ Раунд V-775 начался
[14:19:39] ✅ V-775   🔴5 vs 2🔵
[14:19:44] ▶ Раунд V-776 начался
[14:20:16] ✅ V-776   🔴2 vs 2🔵

  ~~~~~~~~~~~~~~~~~~~~~~~~~~~~~~~~~~
  🎲 МНОГО ПОСЛЕДОВАТЕЛЬНОСТЕЙ!
  Найдено: 4
  🔵55, 🔵33, 🔴33, 🔵22
  ~~~~~~~~~~~~~~~~~~~~~~~~~~~~~~~~~~
  🔥 [V-766]  🔴3  vs  5🔵
  🔥 [V-767]  🔴6  vs  5🔵
     [V-768]  🔴4  vs  6🔵
     [V-769]  🔴6  vs  4🔵
     [V-770]  🔴3  vs  5🔵
  🔥 [V-771]  🔴4  vs  3🔵
  🔥 [V-772]  🔴3  vs  3🔵
  🔥 [V-773]  🔴3  vs  1🔵
     [V-774]  🔴2  vs  6🔵
  🔥 [V-775]  🔴5  vs  2🔵
  🔥 [V-776]  🔴2  vs  2🔵
  ~~~~~~~~~~~~~~~~~~~~~~~~~~~~~~~~~~

[Telegram] Ошибка отправки сообщения в чат 1477129493: 403 Client Error: Forbidden for url: https://my-tg-proxy.iwantbunnygirl.workers.dev/bot8603609103:AAENi9LYuF8bXjwK9E1oZIIpG21UNZeZW5s/sendMessage
[Telegram] Ошибка отправки сообщения в чат 1329987939: 403 Client Error: Forbidden for url: https://my-tg-proxy.iwantbunnygirl.workers.dev/bot8603609103:AAENi9LYuF8bXjwK9E1oZIIpG21UNZeZW5s/sendMessage
[Telegram] Ошибка отправки сообщения в чат 705506250: 403 Client Error: Forbidden for url: https://my-tg-proxy.iwantbunnygirl.workers.dev/bot8603609103:AAENi9LYuF8bXjwK9E1oZIIpG21UNZeZW5s/sendMessage

  ++++++++++++++++++++++++++++++++++
  🔵 НОВАЯ ПАРА!
  Синий — 2
  Длина цепочки: 6 раундов
  ++++++++++++++++++++++++++++++++++
     [V-771]  🔴4  vs  3🔵
     [V-772]  🔴3  vs  3🔵
     [V-773]  🔴3  vs  1🔵
     [V-774]  🔴2  vs  6🔵
     [V-775]  🔴5  vs  2🔵
     [V-776]  🔴2  vs  2🔵
  ++++++++++++++++++++++++++++++++++

[Telegram] Ошибка отправки сообщения в чат 1477129493: 403 Client Error: Forbidden for url: https://my-tg-proxy.iwantbunnygirl.workers.dev/bot8603609103:AAENi9LYuF8bXjwK9E1oZIIpG21UNZeZW5s/sendMessage
[Telegram] Ошибка отправки сообщения в чат 1329987939: 403 Client Error: Forbidden for url: https://my-tg-proxy.iwantbunnygirl.workers.dev/bot8603609103:AAENi9LYuF8bXjwK9E1oZIIpG21UNZeZW5s/sendMessage
[Telegram] Ошибка отправки сообщения в чат 705506250: 403 Client Error: Forbidden for url: https://my-tg-proxy.iwantbunnygirl.workers.dev/bot8603609103:AAENi9LYuF8bXjwK9E1oZIIpG21UNZeZW5s/sendMessage
[14:20:22] ▶ Раунд V-777 начался
[14:20:54] ✅ V-777   🔴5 vs 6🔵
[14:21:00] ▶ Раунд V-778 начался
[14:21:32] ✅ V-778   🔴3 vs 2🔵
[14:21:38] ▶ Раунд V-779 начался
[14:22:10] ✅ V-779   🔴1 vs 4🔵
[14:22:16] ▶ Раунд V-780 начался
[14:22:48] ✅ V-780   🔴1 vs 3🔵

  ++++++++++++++++++++++++++++++++++
  🔴 НОВАЯ ПАРА!
  Красный — 1
  Длина цепочки: 6 раундов
  ++++++++++++++++++++++++++++++++++
     [V-775]  🔴5  vs  2🔵
     [V-776]  🔴2  vs  2🔵
     [V-777]  🔴5  vs  6🔵
     [V-778]  🔴3  vs  2🔵
     [V-779]  🔴1  vs  4🔵
     [V-780]  🔴1  vs  3🔵
  ++++++++++++++++++++++++++++++++++

[Telegram] Ошибка отправки сообщения в чат 1477129493: 403 Client Error: Forbidden for url: https://my-tg-proxy.iwantbunnygirl.workers.dev/bot8603609103:AAENi9LYuF8bXjwK9E1oZIIpG21UNZeZW5s/sendMessage
[Telegram] Ошибка отправки сообщения в чат 1329987939: 403 Client Error: Forbidden for url: https://my-tg-proxy.iwantbunnygirl.workers.dev/bot8603609103:AAENi9LYuF8bXjwK9E1oZIIpG21UNZeZW5s/sendMessage
[Telegram] Ошибка отправки сообщения в чат 705506250: 403 Client Error: Forbidden for url: https://my-tg-proxy.iwantbunnygirl.workers.dev/bot8603609103:AAENi9LYuF8bXjwK9E1oZIIpG21UNZeZW5s/sendMessage
[14:22:54] ▶ Раунд V-781 начался
[14:23:26] ✅ V-781   🔴5 vs 3🔵
[14:23:32] ▶ Раунд V-782 начался
[14:24:04] ✅ V-782   🔴4 vs 3🔵
[14:24:10] ▶ Раунд V-783 начался
[14:24:42] ✅ V-783   🔴4 vs 5🔵

  ++++++++++++++++++++++++++++++++++
  🔴 НОВАЯ ПАРА!
  Красный — 4
  Длина цепочки: 5 раундов
  ++++++++++++++++++++++++++++++++++
     [V-779]  🔴1  vs  4🔵
     [V-780]  🔴1  vs  3🔵
     [V-781]  🔴5  vs  3🔵
     [V-782]  🔴4  vs  3🔵
     [V-783]  🔴4  vs  5🔵
  ++++++++++++++++++++++++++++++++++

[Telegram] Ошибка отправки сообщения в чат 1477129493: 403 Client Error: Forbidden for url: https://my-tg-proxy.iwantbunnygirl.workers.dev/bot8603609103:AAENi9LYuF8bXjwK9E1oZIIpG21UNZeZW5s/sendMessage
[Telegram] Ошибка отправки сообщения в чат 1329987939: 403 Client Error: Forbidden for url: https://my-tg-proxy.iwantbunnygirl.workers.dev/bot8603609103:AAENi9LYuF8bXjwK9E1oZIIpG21UNZeZW5s/sendMessage
[Telegram] Ошибка отправки сообщения в чат 705506250: 403 Client Error: Forbidden for url: https://my-tg-proxy.iwantbunnygirl.workers.dev/bot8603609103:AAENi9LYuF8bXjwK9E1oZIIpG21UNZeZW5s/sendMessage
[14:24:48] ▶ Раунд V-784 начался
[14:25:20] ✅ V-784   🔴2 vs 3🔵
[14:25:26] ▶ Раунд V-785 начался
[14:25:58] ✅ V-785   🔴6 vs 3🔵

  ~~~~~~~~~~~~~~~~~~~~~~~~~~~~~~~~~~
  🎲 МНОГО ПОСЛЕДОВАТЕЛЬНОСТЕЙ!
  Найдено: 4
  🔴11, 🔵33, 🔴44, 🔵33
  ~~~~~~~~~~~~~~~~~~~~~~~~~~~~~~~~~~
  🔥 [V-779]  🔴1  vs  4🔵
  🔥 [V-780]  🔴1  vs  3🔵
  🔥 [V-781]  🔴5  vs  3🔵
  🔥 [V-782]  🔴4  vs  3🔵
  🔥 [V-783]  🔴4  vs  5🔵
  🔥 [V-784]  🔴2  vs  3🔵
  🔥 [V-785]  🔴6  vs  3🔵
  ~~~~~~~~~~~~~~~~~~~~~~~~~~~~~~~~~~

[Telegram] Ошибка отправки сообщения в чат 1477129493: 403 Client Error: Forbidden for url: https://my-tg-proxy.iwantbunnygirl.workers.dev/bot8603609103:AAENi9LYuF8bXjwK9E1oZIIpG21UNZeZW5s/sendMessage
[Telegram] Ошибка отправки сообщения в чат 1329987939: 403 Client Error: Forbidden for url: https://my-tg-proxy.iwantbunnygirl.workers.dev/bot8603609103:AAENi9LYuF8bXjwK9E1oZIIpG21UNZeZW5s/sendMessage
[Telegram] Ошибка отправки сообщения в чат 705506250: 403 Client Error: Forbidden for url: https://my-tg-proxy.iwantbunnygirl.workers.dev/bot8603609103:AAENi9LYuF8bXjwK9E1oZIIpG21UNZeZW5s/sendMessage

  ++++++++++++++++++++++++++++++++++
  🔵 НОВАЯ ПАРА!
  Синий — 3
  Длина цепочки: 4 раундов
  ++++++++++++++++++++++++++++++++++
     [V-782]  🔴4  vs  3🔵
     [V-783]  🔴4  vs  5🔵
     [V-784]  🔴2  vs  3🔵
     [V-785]  🔴6  vs  3🔵
  ++++++++++++++++++++++++++++++++++

[Telegram] Ошибка отправки сообщения в чат 1477129493: 403 Client Error: Forbidden for url: https://my-tg-proxy.iwantbunnygirl.workers.dev/bot8603609103:AAENi9LYuF8bXjwK9E1oZIIpG21UNZeZW5s/sendMessage
[Telegram] Ошибка отправки сообщения в чат 1329987939: 403 Client Error: Forbidden for url: https://my-tg-proxy.iwantbunnygirl.workers.dev/bot8603609103:AAENi9LYuF8bXjwK9E1oZIIpG21UNZeZW5s/sendMessage
[Telegram] Ошибка отправки сообщения в чат 705506250: 403 Client Error: Forbidden for url: https://my-tg-proxy.iwantbunnygirl.workers.dev/bot8603609103:AAENi9LYuF8bXjwK9E1oZIIpG21UNZeZW5s/sendMessage
[14:26:04] ▶ Раунд V-786 начался
[14:26:36] ✅ V-786   🔴6 vs 5🔵
[14:26:42] ▶ Раунд V-787 начался
[14:27:14] ✅ V-787   🔴1 vs 6🔵
[14:27:20] ▶ Раунд V-788 начался
[14:27:52] ✅ V-788   🔴3 vs 3🔵
[14:27:58] ▶ Раунд V-789 начался
[14:28:30] ✅ V-789   🔴1 vs 1🔵
[14:28:36] ▶ Раунд V-790 начался
[14:29:08] ✅ V-790   🔴5 vs 3🔵
[14:29:14] ▶ Раунд V-791 начался
[14:29:46] ✅ V-791   🔴6 vs 5🔵
[14:29:52] ▶ Раунд V-792 начался
[14:30:24] ✅ V-792   🔴3 vs 4🔵
[14:30:30] ▶ Раунд V-793 начался
[14:31:02] ✅ V-793   🔴3 vs 6🔵

  ++++++++++++++++++++++++++++++++++
  🔴 НОВАЯ ПАРА!
  Красный — 3
  Длина цепочки: 10 раундов
  ++++++++++++++++++++++++++++++++++
     [V-784]  🔴2  vs  3🔵
     [V-785]  🔴6  vs  3🔵
     [V-786]  🔴6  vs  5🔵
     [V-787]  🔴1  vs  6🔵
     [V-788]  🔴3  vs  3🔵
     [V-789]  🔴1  vs  1🔵
     [V-790]  🔴5  vs  3🔵
     [V-791]  🔴6  vs  5🔵
     [V-792]  🔴3  vs  4🔵
     [V-793]  🔴3  vs  6🔵
  ++++++++++++++++++++++++++++++++++

[Telegram] Ошибка отправки сообщения в чат 1477129493: 403 Client Error: Forbidden for url: https://my-tg-proxy.iwantbunnygirl.workers.dev/bot8603609103:AAENi9LYuF8bXjwK9E1oZIIpG21UNZeZW5s/sendMessage
[Telegram] Ошибка отправки сообщения в чат 1329987939: 403 Client Error: Forbidden for url: https://my-tg-proxy.iwantbunnygirl.workers.dev/bot8603609103:AAENi9LYuF8bXjwK9E1oZIIpG21UNZeZW5s/sendMessage
[Telegram] Ошибка отправки сообщения в чат 705506250: 403 Client Error: Forbidden for url: https://my-tg-proxy.iwantbunnygirl.workers.dev/bot8603609103:AAENi9LYuF8bXjwK9E1oZIIpG21UNZeZW5s/sendMessage
[14:31:08] ▶ Раунд V-794 начался
[14:31:40] ✅ V-794   🔴6 vs 6🔵
[14:31:46] ▶ Раунд V-795 начался
[14:32:18] ✅ V-795   🔴3 vs 1🔵
[14:32:24] ▶ Раунд V-796 начался
[14:32:56] ✅ V-796   🔴3 vs 5🔵

  ##################################
  🔵 XOX-ПАТТЕРН!
  Синий — 5
  Шаблон: xooooxoooox
  ##################################
  🎯 [V-786]  🔴6  vs  5🔵
     [V-787]  🔴1  vs  6🔵
     [V-788]  🔴3  vs  3🔵
     [V-789]  🔴1  vs  1🔵
     [V-790]  🔴5  vs  3🔵
  🎯 [V-791]  🔴6  vs  5🔵
     [V-792]  🔴3  vs  4🔵
     [V-793]  🔴3  vs  6🔵
     [V-794]  🔴6  vs  6🔵
     [V-795]  🔴3  vs  1🔵
  🎯 [V-796]  🔴3  vs  5🔵
  ##################################


  ~~~~~~~~~~~~~~~~~~~~~~~~~~~~~~~~~~
  🎲 МНОГО ПОСЛЕДОВАТЕЛЬНОСТЕЙ!
  Найдено: 4
  🔴66, 🔴33, 🔵66, 🔴33
  ~~~~~~~~~~~~~~~~~~~~~~~~~~~~~~~~~~
  🔥 [V-785]  🔴6  vs  3🔵
  🔥 [V-786]  🔴6  vs  5🔵
     [V-787]  🔴1  vs  6🔵
     [V-788]  🔴3  vs  3🔵
     [V-789]  🔴1  vs  1🔵
     [V-790]  🔴5  vs  3🔵
     [V-791]  🔴6  vs  5🔵
  🔥 [V-792]  🔴3  vs  4🔵
  🔥 [V-793]  🔴3  vs  6🔵
  🔥 [V-794]  🔴6  vs  6🔵
  🔥 [V-795]  🔴3  vs  1🔵
  🔥 [V-796]  🔴3  vs  5🔵
  ~~~~~~~~~~~~~~~~~~~~~~~~~~~~~~~~~~

[Telegram] Ошибка отправки сообщения в чат 1477129493: 403 Client Error: Forbidden for url: https://my-tg-proxy.iwantbunnygirl.workers.dev/bot8603609103:AAENi9LYuF8bXjwK9E1oZIIpG21UNZeZW5s/sendMessage
[Telegram] Ошибка отправки сообщения в чат 1329987939: 403 Client Error: Forbidden for url: https://my-tg-proxy.iwantbunnygirl.workers.dev/bot8603609103:AAENi9LYuF8bXjwK9E1oZIIpG21UNZeZW5s/sendMessage
[Telegram] Ошибка отправки сообщения в чат 705506250: 403 Client Error: Forbidden for url: https://my-tg-proxy.iwantbunnygirl.workers.dev/bot8603609103:AAENi9LYuF8bXjwK9E1oZIIpG21UNZeZW5s/sendMessage

  ++++++++++++++++++++++++++++++++++
  🔴 НОВАЯ ПАРА!
  Красный — 3
  Длина цепочки: 5 раундов
  ++++++++++++++++++++++++++++++++++
     [V-792]  🔴3  vs  4🔵
     [V-793]  🔴3  vs  6🔵
     [V-794]  🔴6  vs  6🔵
     [V-795]  🔴3  vs  1🔵
     [V-796]  🔴3  vs  5🔵
  ++++++++++++++++++++++++++++++++++

[Telegram] Ошибка отправки сообщения в чат 1477129493: 403 Client Error: Forbidden for url: https://my-tg-proxy.iwantbunnygirl.workers.dev/bot8603609103:AAENi9LYuF8bXjwK9E1oZIIpG21UNZeZW5s/sendMessage
[Telegram] Ошибка отправки сообщения в чат 1329987939: 403 Client Error: Forbidden for url: https://my-tg-proxy.iwantbunnygirl.workers.dev/bot8603609103:AAENi9LYuF8bXjwK9E1oZIIpG21UNZeZW5s/sendMessage
[Telegram] Ошибка отправки сообщения в чат 705506250: 403 Client Error: Forbidden for url: https://my-tg-proxy.iwantbunnygirl.workers.dev/bot8603609103:AAENi9LYuF8bXjwK9E1oZIIpG21UNZeZW5s/sendMessage
[14:33:02] ▶ Раунд V-797 начался
[14:33:34] ✅ V-797   🔴1 vs 3🔵
[14:33:40] ▶ Раунд V-798 начался
[14:34:12] ✅ V-798   🔴2 vs 1🔵
[14:34:18] ▶ Раунд V-799 начался
[14:34:50] ✅ V-799   🔴4 vs 5🔵
[14:34:56] ▶ Раунд V-800 начался
[14:35:28] ✅ V-800   🔴5 vs 5🔵

  ++++++++++++++++++++++++++++++++++
  🔵 НОВАЯ ПАРА!
  Синий — 5
  Длина цепочки: 6 раундов
  ++++++++++++++++++++++++++++++++++
     [V-795]  🔴3  vs  1🔵
     [V-796]  🔴3  vs  5🔵
     [V-797]  🔴1  vs  3🔵
     [V-798]  🔴2  vs  1🔵
     [V-799]  🔴4  vs  5🔵
     [V-800]  🔴5  vs  5🔵
  ++++++++++++++++++++++++++++++++++

[Telegram] Ошибка отправки сообщения в чат 1477129493: 403 Client Error: Forbidden for url: https://my-tg-proxy.iwantbunnygirl.workers.dev/bot8603609103:AAENi9LYuF8bXjwK9E1oZIIpG21UNZeZW5s/sendMessage
[Telegram] Ошибка отправки сообщения в чат 1329987939: 403 Client Error: Forbidden for url: https://my-tg-proxy.iwantbunnygirl.workers.dev/bot8603609103:AAENi9LYuF8bXjwK9E1oZIIpG21UNZeZW5s/sendMessage
[Telegram] Ошибка отправки сообщения в чат 705506250: 403 Client Error: Forbidden for url: https://my-tg-proxy.iwantbunnygirl.workers.dev/bot8603609103:AAENi9LYuF8bXjwK9E1oZIIpG21UNZeZW5s/sendMessage
[14:35:34] ▶ Раунд V-801 начался
[14:36:06] ✅ V-801   🔴3 vs 2🔵
[14:36:12] ▶ Раунд V-802 начался
[14:36:44] ✅ V-802   🔴2 vs 5🔵
[14:36:50] ▶ Раунд V-803 начался
[14:37:22] ✅ V-803   🔴5 vs 3🔵
[14:37:28] ▶ Раунд V-804 начался
[14:38:00] ✅ V-804   🔴1 vs 5🔵

  ##################################
  🔵 XOX-ПАТТЕРН!
  Синий — 5
  Шаблон: xoxox
  ##################################
  🎯 [V-800]  🔴5  vs  5🔵
     [V-801]  🔴3  vs  2🔵
  🎯 [V-802]  🔴2  vs  5🔵
     [V-803]  🔴5  vs  3🔵
  🎯 [V-804]  🔴1  vs  5🔵
  ##################################

[14:38:06] ▶ Раунд V-805 начался
[14:38:38] ✅ V-805   🔴5 vs 4🔵
[14:38:44] ▶ Раунд V-806 начался
[14:39:16] ✅ V-806   🔴3 vs 6🔵

  ##################################
  🔴 XOX-ПАТТЕРН!
  Красный — 3
  Шаблон: xooooxoooox
  ##################################
  🎯 [V-796]  🔴3  vs  5🔵
     [V-797]  🔴1  vs  3🔵
     [V-798]  🔴2  vs  1🔵
     [V-799]  🔴4  vs  5🔵
     [V-800]  🔴5  vs  5🔵
  🎯 [V-801]  🔴3  vs  2🔵
     [V-802]  🔴2  vs  5🔵
     [V-803]  🔴5  vs  3🔵
     [V-804]  🔴1  vs  5🔵
     [V-805]  🔴5  vs  4🔵
  🎯 [V-806]  🔴3  vs  6🔵
  ##################################

[14:39:22] ▶ Раунд V-807 начался
[14:39:54] ✅ V-807   🔴5 vs 4🔵

  ##################################
  🔴 XOX-ПАТТЕРН!
  Красный — 5
  Шаблон: xoxox
  ##################################
  🎯 [V-803]  🔴5  vs  3🔵
     [V-804]  🔴1  vs  5🔵
  🎯 [V-805]  🔴5  vs  4🔵
     [V-806]  🔴3  vs  6🔵
  🎯 [V-807]  🔴5  vs  4🔵
  ##################################

[14:40:00] ▶ Раунд V-808 начался
[14:40:32] ✅ V-808   🔴1 vs 2🔵
[14:40:38] ▶ Раунд V-809 начался
[14:41:10] ✅ V-809   🔴5 vs 2🔵

  ##################################
  🔴 XOX-ПАТТЕРН!
  Красный — 5
  Шаблон: xoxox
  ##################################
  🎯 [V-805]  🔴5  vs  4🔵
     [V-806]  🔴3  vs  6🔵
  🎯 [V-807]  🔴5  vs  4🔵
     [V-808]  🔴1  vs  2🔵
  🎯 [V-809]  🔴5  vs  2🔵
  ##################################


  ++++++++++++++++++++++++++++++++++
  🔵 НОВАЯ ПАРА!
  Синий — 2
  Длина цепочки: 11 раундов
  ++++++++++++++++++++++++++++++++++
     [V-799]  🔴4  vs  5🔵
     [V-800]  🔴5  vs  5🔵
     [V-801]  🔴3  vs  2🔵
     [V-802]  🔴2  vs  5🔵
     [V-803]  🔴5  vs  3🔵
     [V-804]  🔴1  vs  5🔵
     [V-805]  🔴5  vs  4🔵
     [V-806]  🔴3  vs  6🔵
     [V-807]  🔴5  vs  4🔵
     [V-808]  🔴1  vs  2🔵
     [V-809]  🔴5  vs  2🔵
  ++++++++++++++++++++++++++++++++++

[Telegram] Ошибка отправки сообщения в чат 1477129493: 403 Client Error: Forbidden for url: https://my-tg-proxy.iwantbunnygirl.workers.dev/bot8603609103:AAENi9LYuF8bXjwK9E1oZIIpG21UNZeZW5s/sendMessage
[Telegram] Ошибка отправки сообщения в чат 1329987939: 403 Client Error: Forbidden for url: https://my-tg-proxy.iwantbunnygirl.workers.dev/bot8603609103:AAENi9LYuF8bXjwK9E1oZIIpG21UNZeZW5s/sendMessage
[Telegram] Ошибка отправки сообщения в чат 705506250: 403 Client Error: Forbidden for url: https://my-tg-proxy.iwantbunnygirl.workers.dev/bot8603609103:AAENi9LYuF8bXjwK9E1oZIIpG21UNZeZW5s/sendMessage
[14:41:16] ▶ Раунд V-810 начался
[14:41:48] ✅ V-810   🔴1 vs 4🔵
[14:41:54] ▶ Раунд V-811 начался
[14:42:26] ✅ V-811   🔴4 vs 6🔵
[14:42:32] ▶ Раунд V-812 начался
[14:43:04] ✅ V-812   🔴1 vs 6🔵

  ##################################
  🔴 XOX-ПАТТЕРН!
  Красный — 1
  Шаблон: xoxox
  ##################################
  🎯 [V-808]  🔴1  vs  2🔵
     [V-809]  🔴5  vs  2🔵
  🎯 [V-810]  🔴1  vs  4🔵
     [V-811]  🔴4  vs  6🔵
  🎯 [V-812]  🔴1  vs  6🔵
  ##################################


  ++++++++++++++++++++++++++++++++++
  🔵 НОВАЯ ПАРА!
  Синий — 6
  Длина цепочки: 5 раундов
  ++++++++++++++++++++++++++++++++++
     [V-808]  🔴1  vs  2🔵
     [V-809]  🔴5  vs  2🔵
     [V-810]  🔴1  vs  4🔵
     [V-811]  🔴4  vs  6🔵
     [V-812]  🔴1  vs  6🔵
  ++++++++++++++++++++++++++++++++++

[Telegram] Ошибка отправки сообщения в чат 1477129493: 403 Client Error: Forbidden for url: https://my-tg-proxy.iwantbunnygirl.workers.dev/bot8603609103:AAENi9LYuF8bXjwK9E1oZIIpG21UNZeZW5s/sendMessage
[Telegram] Ошибка отправки сообщения в чат 1329987939: 403 Client Error: Forbidden for url: https://my-tg-proxy.iwantbunnygirl.workers.dev/bot8603609103:AAENi9LYuF8bXjwK9E1oZIIpG21UNZeZW5s/sendMessage
[Telegram] Ошибка отправки сообщения в чат 705506250: 403 Client Error: Forbidden for url: https://my-tg-proxy.iwantbunnygirl.workers.dev/bot8603609103:AAENi9LYuF8bXjwK9E1oZIIpG21UNZeZW5s/sendMessage
[14:43:10] ▶ Раунд V-813 начался
[14:43:42] ✅ V-813   🔴4 vs 5🔵
[14:43:48] ▶ Раунд V-814 начался
[14:44:20] ✅ V-814   🔴1 vs 1🔵

  ##################################
  🔴 XOX-ПАТТЕРН!
  Красный — 1
  Шаблон: xoxox
  ##################################
  🎯 [V-810]  🔴1  vs  4🔵
     [V-811]  🔴4  vs  6🔵
  🎯 [V-812]  🔴1  vs  6🔵
     [V-813]  🔴4  vs  5🔵
  🎯 [V-814]  🔴1  vs  1🔵
  ##################################

[14:44:26] ▶ Раунд V-815 начался
[14:44:58] ✅ V-815   🔴4 vs 6🔵

  ##################################
  🔴 XOX-ПАТТЕРН!
  Красный — 4
  Шаблон: xoxox
  ##################################
  🎯 [V-811]  🔴4  vs  6🔵
     [V-812]  🔴1  vs  6🔵
  🎯 [V-813]  🔴4  vs  5🔵
     [V-814]  🔴1  vs  1🔵
  🎯 [V-815]  🔴4  vs  6🔵
  ##################################

[14:45:04] ▶ Раунд V-816 начался
[14:45:36] ✅ V-816   🔴4 vs 2🔵

  ~~~~~~~~~~~~~~~~~~~~~~~~~~~~~~~~~~
  🎲 МНОГО ПОСЛЕДОВАТЕЛЬНОСТЕЙ!
  Найдено: 4
  🔵55, 🔵22, 🔵66, 🔴44
  ~~~~~~~~~~~~~~~~~~~~~~~~~~~~~~~~~~
  🔥 [V-799]  🔴4  vs  5🔵
  🔥 [V-800]  🔴5  vs  5🔵
     [V-801]  🔴3  vs  2🔵
     [V-802]  🔴2  vs  5🔵
     [V-803]  🔴5  vs  3🔵
     [V-804]  🔴1  vs  5🔵
     [V-805]  🔴5  vs  4🔵
     [V-806]  🔴3  vs  6🔵
     [V-807]  🔴5  vs  4🔵
  🔥 [V-808]  🔴1  vs  2🔵
  🔥 [V-809]  🔴5  vs  2🔵
     [V-810]  🔴1  vs  4🔵
  🔥 [V-811]  🔴4  vs  6🔵
  🔥 [V-812]  🔴1  vs  6🔵
     [V-813]  🔴4  vs  5🔵
     [V-814]  🔴1  vs  1🔵
  🔥 [V-815]  🔴4  vs  6🔵
  🔥 [V-816]  🔴4  vs  2🔵
  ~~~~~~~~~~~~~~~~~~~~~~~~~~~~~~~~~~

[Telegram] Ошибка отправки сообщения в чат 1477129493: 403 Client Error: Forbidden for url: https://my-tg-proxy.iwantbunnygirl.workers.dev/bot8603609103:AAENi9LYuF8bXjwK9E1oZIIpG21UNZeZW5s/sendMessage
[Telegram] Ошибка отправки сообщения в чат 1329987939: 403 Client Error: Forbidden for url: https://my-tg-proxy.iwantbunnygirl.workers.dev/bot8603609103:AAENi9LYuF8bXjwK9E1oZIIpG21UNZeZW5s/sendMessage
[Telegram] Ошибка отправки сообщения в чат 705506250: 403 Client Error: Forbidden for url: https://my-tg-proxy.iwantbunnygirl.workers.dev/bot8603609103:AAENi9LYuF8bXjwK9E1oZIIpG21UNZeZW5s/sendMessage

  ++++++++++++++++++++++++++++++++++
  🔴 НОВАЯ ПАРА!
  Красный — 4
  Длина цепочки: 6 раундов
  ++++++++++++++++++++++++++++++++++
     [V-811]  🔴4  vs  6🔵
     [V-812]  🔴1  vs  6🔵
     [V-813]  🔴4  vs  5🔵
     [V-814]  🔴1  vs  1🔵
     [V-815]  🔴4  vs  6🔵
     [V-816]  🔴4  vs  2🔵
  ++++++++++++++++++++++++++++++++++

[Telegram] Ошибка отправки сообщения в чат 1477129493: 403 Client Error: Forbidden for url: https://my-tg-proxy.iwantbunnygirl.workers.dev/bot8603609103:AAENi9LYuF8bXjwK9E1oZIIpG21UNZeZW5s/sendMessage
[Telegram] Ошибка отправки сообщения в чат 1329987939: 403 Client Error: Forbidden for url: https://my-tg-proxy.iwantbunnygirl.workers.dev/bot8603609103:AAENi9LYuF8bXjwK9E1oZIIpG21UNZeZW5s/sendMessage
[Telegram] Ошибка отправки сообщения в чат 705506250: 403 Client Error: Forbidden for url: https://my-tg-proxy.iwantbunnygirl.workers.dev/bot8603609103:AAENi9LYuF8bXjwK9E1oZIIpG21UNZeZW5s/sendMessage
[14:45:42] ▶ Раунд V-817 начался
[14:46:14] ✅ V-817   🔴2 vs 3🔵
[14:46:20] ▶ Раунд V-818 начался
[14:46:52] ✅ V-818   🔴3 vs 4🔵
[14:46:58] ▶ Раунд V-819 начался
[14:47:30] ✅ V-819   🔴3 vs 2🔵

  ++++++++++++++++++++++++++++++++++
  🔴 НОВАЯ ПАРА!
  Красный — 3
  Длина цепочки: 5 раундов
  ++++++++++++++++++++++++++++++++++
     [V-815]  🔴4  vs  6🔵
     [V-816]  🔴4  vs  2🔵
     [V-817]  🔴2  vs  3🔵
     [V-818]  🔴3  vs  4🔵
     [V-819]  🔴3  vs  2🔵
  ++++++++++++++++++++++++++++++++++

[Telegram] Ошибка отправки сообщения в чат 1477129493: 403 Client Error: Forbidden for url: https://my-tg-proxy.iwantbunnygirl.workers.dev/bot8603609103:AAENi9LYuF8bXjwK9E1oZIIpG21UNZeZW5s/sendMessage
[Telegram] Ошибка отправки сообщения в чат 1329987939: 403 Client Error: Forbidden for url: https://my-tg-proxy.iwantbunnygirl.workers.dev/bot8603609103:AAENi9LYuF8bXjwK9E1oZIIpG21UNZeZW5s/sendMessage
[Telegram] Ошибка отправки сообщения в чат 705506250: 403 Client Error: Forbidden for url: https://my-tg-proxy.iwantbunnygirl.workers.dev/bot8603609103:AAENi9LYuF8bXjwK9E1oZIIpG21UNZeZW5s/sendMessage
[14:47:36] ▶ Раунд V-820 начался
[14:48:08] ✅ V-820   🔴2 vs 2🔵
[14:48:14] ▶ Раунд V-821 начался
[14:48:46] ✅ V-821   🔴6 vs 3🔵
[14:48:52] ▶ Раунд V-822 начался
[14:49:24] ✅ V-822   🔴5 vs 4🔵
[14:49:30] ▶ Раунд V-823 начался
[14:50:02] ✅ V-823   🔴4 vs 3🔵
[14:50:08] ▶ Раунд V-824 начался
[14:50:40] ✅ V-824   🔴2 vs 4🔵
[14:50:46] ▶ Раунд V-825 начался
[14:51:18] ✅ V-825   🔴6 vs 4🔵

  ++++++++++++++++++++++++++++++++++
  🔵 НОВАЯ ПАРА!
  Синий — 4
  Длина цепочки: 8 раундов
  ++++++++++++++++++++++++++++++++++
     [V-818]  🔴3  vs  4🔵
     [V-819]  🔴3  vs  2🔵
     [V-820]  🔴2  vs  2🔵
     [V-821]  🔴6  vs  3🔵
     [V-822]  🔴5  vs  4🔵
     [V-823]  🔴4  vs  3🔵
     [V-824]  🔴2  vs  4🔵
     [V-825]  🔴6  vs  4🔵
  ++++++++++++++++++++++++++++++++++

[Telegram] Ошибка отправки сообщения в чат 1477129493: 403 Client Error: Forbidden for url: https://my-tg-proxy.iwantbunnygirl.workers.dev/bot8603609103:AAENi9LYuF8bXjwK9E1oZIIpG21UNZeZW5s/sendMessage
[Telegram] Ошибка отправки сообщения в чат 1329987939: 403 Client Error: Forbidden for url: https://my-tg-proxy.iwantbunnygirl.workers.dev/bot8603609103:AAENi9LYuF8bXjwK9E1oZIIpG21UNZeZW5s/sendMessage
[Telegram] Ошибка отправки сообщения в чат 705506250: 403 Client Error: Forbidden for url: https://my-tg-proxy.iwantbunnygirl.workers.dev/bot8603609103:AAENi9LYuF8bXjwK9E1oZIIpG21UNZeZW5s/sendMessage
[14:51:24] ▶ Раунд V-826 начался
[14:51:56] ✅ V-826   🔴5 vs 6🔵
[14:52:02] ▶ Раунд V-827 начался
[14:52:34] ✅ V-827   🔴5 vs 3🔵

  ~~~~~~~~~~~~~~~~~~~~~~~~~~~~~~~~~~
  🎲 МНОГО ПОСЛЕДОВАТЕЛЬНОСТЕЙ!
  Найдено: 4
  🔴33, 🔵22, 🔵44, 🔴55
  ~~~~~~~~~~~~~~~~~~~~~~~~~~~~~~~~~~
  🔥 [V-818]  🔴3  vs  4🔵
  🔥 [V-819]  🔴3  vs  2🔵
  🔥 [V-820]  🔴2  vs  2🔵
     [V-821]  🔴6  vs  3🔵
     [V-822]  🔴5  vs  4🔵
     [V-823]  🔴4  vs  3🔵
  🔥 [V-824]  🔴2  vs  4🔵
  🔥 [V-825]  🔴6  vs  4🔵
  🔥 [V-826]  🔴5  vs  6🔵
  🔥 [V-827]  🔴5  vs  3🔵
  ~~~~~~~~~~~~~~~~~~~~~~~~~~~~~~~~~~

[Telegram] Ошибка отправки сообщения в чат 1477129493: 403 Client Error: Forbidden for url: https://my-tg-proxy.iwantbunnygirl.workers.dev/bot8603609103:AAENi9LYuF8bXjwK9E1oZIIpG21UNZeZW5s/sendMessage
[Telegram] Ошибка отправки сообщения в чат 1329987939: 403 Client Error: Forbidden for url: https://my-tg-proxy.iwantbunnygirl.workers.dev/bot8603609103:AAENi9LYuF8bXjwK9E1oZIIpG21UNZeZW5s/sendMessage
[Telegram] Ошибка отправки сообщения в чат 705506250: 403 Client Error: Forbidden for url: https://my-tg-proxy.iwantbunnygirl.workers.dev/bot8603609103:AAENi9LYuF8bXjwK9E1oZIIpG21UNZeZW5s/sendMessage

  ++++++++++++++++++++++++++++++++++
  🔴 НОВАЯ ПАРА!
  Красный — 5
  Длина цепочки: 4 раундов
  ++++++++++++++++++++++++++++++++++
     [V-824]  🔴2  vs  4🔵
     [V-825]  🔴6  vs  4🔵
     [V-826]  🔴5  vs  6🔵
     [V-827]  🔴5  vs  3🔵
  ++++++++++++++++++++++++++++++++++

[Telegram] Ошибка отправки сообщения в чат 1477129493: 403 Client Error: Forbidden for url: https://my-tg-proxy.iwantbunnygirl.workers.dev/bot8603609103:AAENi9LYuF8bXjwK9E1oZIIpG21UNZeZW5s/sendMessage
[Telegram] Ошибка отправки сообщения в чат 1329987939: 403 Client Error: Forbidden for url: https://my-tg-proxy.iwantbunnygirl.workers.dev/bot8603609103:AAENi9LYuF8bXjwK9E1oZIIpG21UNZeZW5s/sendMessage
[Telegram] Ошибка отправки сообщения в чат 705506250: 403 Client Error: Forbidden for url: https://my-tg-proxy.iwantbunnygirl.workers.dev/bot8603609103:AAENi9LYuF8bXjwK9E1oZIIpG21UNZeZW5s/sendMessage
[14:52:40] ▶ Раунд V-828 начался
[14:53:12] ✅ V-828   🔴4 vs 6🔵
[14:53:18] ▶ Раунд V-829 начался
[14:53:50] ✅ V-829   🔴5 vs 3🔵
[14:53:56] ▶ Раунд V-830 начался
[14:54:28] ✅ V-830   🔴5 vs 5🔵

  ==================================
  🔴 ПОВТОР ПАРЫ!
  Красный — 5
  Длина серии: 5 раундов
  ==================================
     [V-826]  🔴5  vs  6🔵
     [V-827]  🔴5  vs  3🔵
     [V-828]  🔴4  vs  6🔵
     [V-829]  🔴5  vs  3🔵
     [V-830]  🔴5  vs  5🔵
  ==================================


  ++++++++++++++++++++++++++++++++++
  🔴 НОВАЯ ПАРА!
  Красный — 5
  Длина цепочки: 5 раундов
  ++++++++++++++++++++++++++++++++++
     [V-826]  🔴5  vs  6🔵
     [V-827]  🔴5  vs  3🔵
     [V-828]  🔴4  vs  6🔵
     [V-829]  🔴5  vs  3🔵
     [V-830]  🔴5  vs  5🔵
  ++++++++++++++++++++++++++++++++++

[Telegram] Ошибка отправки сообщения в чат 1477129493: 403 Client Error: Forbidden for url: https://my-tg-proxy.iwantbunnygirl.workers.dev/bot8603609103:AAENi9LYuF8bXjwK9E1oZIIpG21UNZeZW5s/sendMessage
[Telegram] Ошибка отправки сообщения в чат 1329987939: 403 Client Error: Forbidden for url: https://my-tg-proxy.iwantbunnygirl.workers.dev/bot8603609103:AAENi9LYuF8bXjwK9E1oZIIpG21UNZeZW5s/sendMessage
[Telegram] Ошибка отправки сообщения в чат 705506250: 403 Client Error: Forbidden for url: https://my-tg-proxy.iwantbunnygirl.workers.dev/bot8603609103:AAENi9LYuF8bXjwK9E1oZIIpG21UNZeZW5s/sendMessage
[14:54:34] ▶ Раунд V-831 начался
[14:55:06] ✅ V-831   🔴3 vs 3🔵

  ##################################
  🔵 XOX-ПАТТЕРН!
  Синий — 3
  Шаблон: xoxox
  ##################################
  🎯 [V-827]  🔴5  vs  3🔵
     [V-828]  🔴4  vs  6🔵
  🎯 [V-829]  🔴5  vs  3🔵
     [V-830]  🔴5  vs  5🔵
  🎯 [V-831]  🔴3  vs  3🔵
  ##################################

[14:55:12] ▶ Раунд V-832 начался
[14:55:44] ✅ V-832   🔴5 vs 4🔵
[14:55:50] ▶ Раунд V-833 начался
[14:56:22] ✅ V-833   🔴2 vs 4🔵

  ++++++++++++++++++++++++++++++++++
  🔵 НОВАЯ ПАРА!
  Синий — 4
  Длина цепочки: 5 раундов
  ++++++++++++++++++++++++++++++++++
     [V-829]  🔴5  vs  3🔵
     [V-830]  🔴5  vs  5🔵
     [V-831]  🔴3  vs  3🔵
     [V-832]  🔴5  vs  4🔵
     [V-833]  🔴2  vs  4🔵
  ++++++++++++++++++++++++++++++++++

[Telegram] Ошибка отправки сообщения в чат 1477129493: 403 Client Error: Forbidden for url: https://my-tg-proxy.iwantbunnygirl.workers.dev/bot8603609103:AAENi9LYuF8bXjwK9E1oZIIpG21UNZeZW5s/sendMessage
[Telegram] Ошибка отправки сообщения в чат 1329987939: 403 Client Error: Forbidden for url: https://my-tg-proxy.iwantbunnygirl.workers.dev/bot8603609103:AAENi9LYuF8bXjwK9E1oZIIpG21UNZeZW5s/sendMessage
[Telegram] Ошибка отправки сообщения в чат 705506250: 403 Client Error: Forbidden for url: https://my-tg-proxy.iwantbunnygirl.workers.dev/bot8603609103:AAENi9LYuF8bXjwK9E1oZIIpG21UNZeZW5s/sendMessage
[14:56:28] ▶ Раунд V-834 начался
[14:57:00] ✅ V-834   🔴2 vs 4🔵
[14:57:06] ▶ Раунд V-835 начался
[14:57:38] ✅ V-835   🔴5 vs 2🔵
[14:57:44] ▶ Раунд V-836 начался
[14:58:16] ✅ V-836   🔴3 vs 3🔵
[14:58:22] ▶ Раунд V-837 начался
[14:58:54] ✅ V-837   🔴1 vs 5🔵
[14:59:00] ▶ Раунд V-838 начался
[14:59:32] ✅ V-838   🔴4 vs 3🔵
[14:59:38] ▶ Раунд V-839 начался
[15:00:10] ✅ V-839   🔴6 vs 4🔵
[15:00:16] ▶ Раунд V-840 начался
[15:00:48] ✅ V-840   🔴2 vs 1🔵
[15:00:54] ▶ Раунд V-841 начался
[15:01:26] ✅ V-841   🔴1 vs 2🔵
[15:01:32] ▶ Раунд V-842 начался
[15:02:04] ✅ V-842   🔴3 vs 4🔵
[15:02:10] ▶ Раунд V-843 начался
[15:02:42] ✅ V-843   🔴2 vs 2🔵
[15:02:48] ▶ Раунд V-844 начался
[15:03:20] ✅ V-844   🔴6 vs 4🔵
[15:03:26] ▶ Раунд V-845 начался
[15:03:58] ✅ V-845   🔴6 vs 2🔵

  ##################################
  🔵 XOX-ПАТТЕРН!
  Синий — 2
  Шаблон: xoxox
  ##################################
  🎯 [V-841]  🔴1  vs  2🔵
     [V-842]  🔴3  vs  4🔵
  🎯 [V-843]  🔴2  vs  2🔵
     [V-844]  🔴6  vs  4🔵
  🎯 [V-845]  🔴6  vs  2🔵
  ##################################


  ~~~~~~~~~~~~~~~~~~~~~~~~~~~~~~~~~~
  🎲 МНОГО ПОСЛЕДОВАТЕЛЬНОСТЕЙ!
  Найдено: 4
  🔴55, 🔵44, 🔴22, 🔴66
  ~~~~~~~~~~~~~~~~~~~~~~~~~~~~~~~~~~
  🔥 [V-829]  🔴5  vs  3🔵
  🔥 [V-830]  🔴5  vs  5🔵
     [V-831]  🔴3  vs  3🔵
  🔥 [V-832]  🔴5  vs  4🔵
  🔥 [V-833]  🔴2  vs  4🔵
  🔥 [V-834]  🔴2  vs  4🔵
     [V-835]  🔴5  vs  2🔵
     [V-836]  🔴3  vs  3🔵
     [V-837]  🔴1  vs  5🔵
     [V-838]  🔴4  vs  3🔵
     [V-839]  🔴6  vs  4🔵
     [V-840]  🔴2  vs  1🔵
     [V-841]  🔴1  vs  2🔵
     [V-842]  🔴3  vs  4🔵
     [V-843]  🔴2  vs  2🔵
  🔥 [V-844]  🔴6  vs  4🔵
  🔥 [V-845]  🔴6  vs  2🔵
  ~~~~~~~~~~~~~~~~~~~~~~~~~~~~~~~~~~

[Telegram] Ошибка отправки сообщения в чат 1477129493: 403 Client Error: Forbidden for url: https://my-tg-proxy.iwantbunnygirl.workers.dev/bot8603609103:AAENi9LYuF8bXjwK9E1oZIIpG21UNZeZW5s/sendMessage
[Telegram] Ошибка отправки сообщения в чат 1329987939: 403 Client Error: Forbidden for url: https://my-tg-proxy.iwantbunnygirl.workers.dev/bot8603609103:AAENi9LYuF8bXjwK9E1oZIIpG21UNZeZW5s/sendMessage
[Telegram] Ошибка отправки сообщения в чат 705506250: 403 Client Error: Forbidden for url: https://my-tg-proxy.iwantbunnygirl.workers.dev/bot8603609103:AAENi9LYuF8bXjwK9E1oZIIpG21UNZeZW5s/sendMessage

  ++++++++++++++++++++++++++++++++++
  🔴 НОВАЯ ПАРА!
  Красный — 6
  Длина цепочки: 14 раундов
  ++++++++++++++++++++++++++++++++++
     [V-832]  🔴5  vs  4🔵
     [V-833]  🔴2  vs  4🔵
     [V-834]  🔴2  vs  4🔵
     [V-835]  🔴5  vs  2🔵
     [V-836]  🔴3  vs  3🔵
     [V-837]  🔴1  vs  5🔵
     [V-838]  🔴4  vs  3🔵
     [V-839]  🔴6  vs  4🔵
     [V-840]  🔴2  vs  1🔵
     [V-841]  🔴1  vs  2🔵
     [V-842]  🔴3  vs  4🔵
     [V-843]  🔴2  vs  2🔵
     [V-844]  🔴6  vs  4🔵
     [V-845]  🔴6  vs  2🔵
  ++++++++++++++++++++++++++++++++++

[Telegram] Ошибка отправки сообщения в чат 1477129493: 403 Client Error: Forbidden for url: https://my-tg-proxy.iwantbunnygirl.workers.dev/bot8603609103:AAENi9LYuF8bXjwK9E1oZIIpG21UNZeZW5s/sendMessage
[Telegram] Ошибка отправки сообщения в чат 1329987939: 403 Client Error: Forbidden for url: https://my-tg-proxy.iwantbunnygirl.workers.dev/bot8603609103:AAENi9LYuF8bXjwK9E1oZIIpG21UNZeZW5s/sendMessage
[Telegram] Ошибка отправки сообщения в чат 705506250: 403 Client Error: Forbidden for url: https://my-tg-proxy.iwantbunnygirl.workers.dev/bot8603609103:AAENi9LYuF8bXjwK9E1oZIIpG21UNZeZW5s/sendMessage
[15:04:04] ▶ Раунд V-846 начался
[15:04:36] ✅ V-846   🔴2 vs 3🔵

  ##################################
  🔴 XOX-ПАТТЕРН!
  Красный — 2
  Шаблон: xooxoox
  ##################################
  🎯 [V-840]  🔴2  vs  1🔵
     [V-841]  🔴1  vs  2🔵
     [V-842]  🔴3  vs  4🔵
  🎯 [V-843]  🔴2  vs  2🔵
     [V-844]  🔴6  vs  4🔵
     [V-845]  🔴6  vs  2🔵
  🎯 [V-846]  🔴2  vs  3🔵
  ##################################

[15:04:42] ▶ Раунд V-847 начался
[15:05:14] ✅ V-847   🔴3 vs 6🔵
[15:05:20] ▶ Раунд V-848 начался
[15:05:52] ✅ V-848   🔴3 vs 2🔵

  ++++++++++++++++++++++++++++++++++
  🔴 НОВАЯ ПАРА!
  Красный — 3
  Длина цепочки: 5 раундов
  ++++++++++++++++++++++++++++++++++
     [V-844]  🔴6  vs  4🔵
     [V-845]  🔴6  vs  2🔵
     [V-846]  🔴2  vs  3🔵
     [V-847]  🔴3  vs  6🔵
     [V-848]  🔴3  vs  2🔵
  ++++++++++++++++++++++++++++++++++

[Telegram] Ошибка отправки сообщения в чат 1477129493: 403 Client Error: Forbidden for url: https://my-tg-proxy.iwantbunnygirl.workers.dev/bot8603609103:AAENi9LYuF8bXjwK9E1oZIIpG21UNZeZW5s/sendMessage
[Telegram] Ошибка отправки сообщения в чат 1329987939: 403 Client Error: Forbidden for url: https://my-tg-proxy.iwantbunnygirl.workers.dev/bot8603609103:AAENi9LYuF8bXjwK9E1oZIIpG21UNZeZW5s/sendMessage
[Telegram] Ошибка отправки сообщения в чат 705506250: 403 Client Error: Forbidden for url: https://my-tg-proxy.iwantbunnygirl.workers.dev/bot8603609103:AAENi9LYuF8bXjwK9E1oZIIpG21UNZeZW5s/sendMessage
[15:05:58] ▶ Раунд V-849 начался
[15:06:30] ✅ V-849   🔴1 vs 2🔵
[15:06:36] ▶ Раунд V-850 начался
[15:07:08] ✅ V-850   🔴6 vs 3🔵
[15:07:14] ▶ Раунд V-851 начался
[15:07:46] ✅ V-851   🔴5 vs 3🔵

  ++++++++++++++++++++++++++++++++++
  🔵 НОВАЯ ПАРА!
  Синий — 3
  Длина цепочки: 5 раундов
  ++++++++++++++++++++++++++++++++++
     [V-847]  🔴3  vs  6🔵
     [V-848]  🔴3  vs  2🔵
     [V-849]  🔴1  vs  2🔵
     [V-850]  🔴6  vs  3🔵
     [V-851]  🔴5  vs  3🔵
  ++++++++++++++++++++++++++++++++++

[Telegram] Ошибка отправки сообщения в чат 1477129493: 403 Client Error: Forbidden for url: https://my-tg-proxy.iwantbunnygirl.workers.dev/bot8603609103:AAENi9LYuF8bXjwK9E1oZIIpG21UNZeZW5s/sendMessage
[Telegram] Ошибка отправки сообщения в чат 1329987939: 403 Client Error: Forbidden for url: https://my-tg-proxy.iwantbunnygirl.workers.dev/bot8603609103:AAENi9LYuF8bXjwK9E1oZIIpG21UNZeZW5s/sendMessage
[Telegram] Ошибка отправки сообщения в чат 705506250: 403 Client Error: Forbidden for url: https://my-tg-proxy.iwantbunnygirl.workers.dev/bot8603609103:AAENi9LYuF8bXjwK9E1oZIIpG21UNZeZW5s/sendMessage
[15:07:52] ▶ Раунд V-852 начался
[15:08:24] ✅ V-852   🔴5 vs 6🔵

  ~~~~~~~~~~~~~~~~~~~~~~~~~~~~~~~~~~
  🎲 МНОГО ПОСЛЕДОВАТЕЛЬНОСТЕЙ!
  Найдено: 4
  🔴33, 🔵22, 🔵33, 🔴55
  ~~~~~~~~~~~~~~~~~~~~~~~~~~~~~~~~~~
  🔥 [V-847]  🔴3  vs  6🔵
  🔥 [V-848]  🔴3  vs  2🔵
  🔥 [V-849]  🔴1  vs  2🔵
  🔥 [V-850]  🔴6  vs  3🔵
  🔥 [V-851]  🔴5  vs  3🔵
  🔥 [V-852]  🔴5  vs  6🔵
  ~~~~~~~~~~~~~~~~~~~~~~~~~~~~~~~~~~

[Telegram] Ошибка отправки сообщения в чат 1477129493: 403 Client Error: Forbidden for url: https://my-tg-proxy.iwantbunnygirl.workers.dev/bot8603609103:AAENi9LYuF8bXjwK9E1oZIIpG21UNZeZW5s/sendMessage
[Telegram] Ошибка отправки сообщения в чат 1329987939: 403 Client Error: Forbidden for url: https://my-tg-proxy.iwantbunnygirl.workers.dev/bot8603609103:AAENi9LYuF8bXjwK9E1oZIIpG21UNZeZW5s/sendMessage
[Telegram] Ошибка отправки сообщения в чат 705506250: 403 Client Error: Forbidden for url: https://my-tg-proxy.iwantbunnygirl.workers.dev/bot8603609103:AAENi9LYuF8bXjwK9E1oZIIpG21UNZeZW5s/sendMessage
[15:08:30] ▶ Раунд V-853 начался
[15:09:02] ✅ V-853   🔴6 vs 4🔵
[15:09:08] ▶ Раунд V-854 начался
[15:09:40] ✅ V-854   🔴5 vs 2🔵
[15:09:46] ▶ Раунд V-855 начался
[15:10:18] ✅ V-855   🔴1 vs 4🔵
[15:10:24] ▶ Раунд V-856 начался
[15:10:56] ✅ V-856   🔴4 vs 1🔵
[15:11:02] ▶ Раунд V-857 начался
[15:11:34] ✅ V-857   🔴3 vs 3🔵
[15:11:40] ▶ Раунд V-858 начался
[15:12:12] ✅ V-858   🔴6 vs 2🔵
[15:12:18] ▶ Раунд V-859 начался
[15:12:50] ✅ V-859   🔴2 vs 1🔵
[15:12:56] ▶ Раунд V-860 начался
[15:13:28] ✅ V-860   🔴2 vs 2🔵

  ++++++++++++++++++++++++++++++++++
  🔴 НОВАЯ ПАРА!
  Красный — 2
  Длина цепочки: 11 раундов
  ++++++++++++++++++++++++++++++++++
     [V-850]  🔴6  vs  3🔵
     [V-851]  🔴5  vs  3🔵
     [V-852]  🔴5  vs  6🔵
     [V-853]  🔴6  vs  4🔵
     [V-854]  🔴5  vs  2🔵
     [V-855]  🔴1  vs  4🔵
     [V-856]  🔴4  vs  1🔵
     [V-857]  🔴3  vs  3🔵
     [V-858]  🔴6  vs  2🔵
     [V-859]  🔴2  vs  1🔵
     [V-860]  🔴2  vs  2🔵
  ++++++++++++++++++++++++++++++++++

[Telegram] Ошибка отправки сообщения в чат 1477129493: 403 Client Error: Forbidden for url: https://my-tg-proxy.iwantbunnygirl.workers.dev/bot8603609103:AAENi9LYuF8bXjwK9E1oZIIpG21UNZeZW5s/sendMessage
[Telegram] Ошибка отправки сообщения в чат 1329987939: 403 Client Error: Forbidden for url: https://my-tg-proxy.iwantbunnygirl.workers.dev/bot8603609103:AAENi9LYuF8bXjwK9E1oZIIpG21UNZeZW5s/sendMessage
[Telegram] Ошибка отправки сообщения в чат 705506250: 403 Client Error: Forbidden for url: https://my-tg-proxy.iwantbunnygirl.workers.dev/bot8603609103:AAENi9LYuF8bXjwK9E1oZIIpG21UNZeZW5s/sendMessage
[15:13:34] ▶ Раунд V-861 начался
[15:14:06] ✅ V-861   🔴1 vs 1🔵

  ##################################
  🔴 XOX-ПАТТЕРН!
  Красный — 1
  Шаблон: xoooooxooooox
  ##################################
  🎯 [V-849]  🔴1  vs  2🔵
     [V-850]  🔴6  vs  3🔵
     [V-851]  🔴5  vs  3🔵
     [V-852]  🔴5  vs  6🔵
     [V-853]  🔴6  vs  4🔵
     [V-854]  🔴5  vs  2🔵
  🎯 [V-855]  🔴1  vs  4🔵
     [V-856]  🔴4  vs  1🔵
     [V-857]  🔴3  vs  3🔵
     [V-858]  🔴6  vs  2🔵
     [V-859]  🔴2  vs  1🔵
     [V-860]  🔴2  vs  2🔵
  🎯 [V-861]  🔴1  vs  1🔵
  ##################################

[15:14:12] ▶ Раунд V-862 начался
[15:14:44] ✅ V-862   🔴3 vs 5🔵
[15:14:50] ▶ Раунд V-863 начался
[15:15:22] ✅ V-863   🔴4 vs 2🔵
[15:15:28] ▶ Раунд V-864 начался
[15:16:00] ✅ V-864   🔴1 vs 3🔵
[15:16:06] ▶ Раунд V-865 начался
[15:16:38] ✅ V-865   🔴6 vs 3🔵

  ++++++++++++++++++++++++++++++++++
  🔵 НОВАЯ ПАРА!
  Синий — 3
  Длина цепочки: 7 раундов
  ++++++++++++++++++++++++++++++++++
     [V-859]  🔴2  vs  1🔵
     [V-860]  🔴2  vs  2🔵
     [V-861]  🔴1  vs  1🔵
     [V-862]  🔴3  vs  5🔵
     [V-863]  🔴4  vs  2🔵
     [V-864]  🔴1  vs  3🔵
     [V-865]  🔴6  vs  3🔵
  ++++++++++++++++++++++++++++++++++

[Telegram] Ошибка отправки сообщения в чат 1477129493: 403 Client Error: Forbidden for url: https://my-tg-proxy.iwantbunnygirl.workers.dev/bot8603609103:AAENi9LYuF8bXjwK9E1oZIIpG21UNZeZW5s/sendMessage
[Telegram] Ошибка отправки сообщения в чат 1329987939: 403 Client Error: Forbidden for url: https://my-tg-proxy.iwantbunnygirl.workers.dev/bot8603609103:AAENi9LYuF8bXjwK9E1oZIIpG21UNZeZW5s/sendMessage
[Telegram] Ошибка отправки сообщения в чат 705506250: 403 Client Error: Forbidden for url: https://my-tg-proxy.iwantbunnygirl.workers.dev/bot8603609103:AAENi9LYuF8bXjwK9E1oZIIpG21UNZeZW5s/sendMessage
[15:16:44] ▶ Раунд V-866 начался
[15:17:16] ✅ V-866   🔴6 vs 4🔵
[15:17:22] ▶ Раунд V-867 начался
[15:17:54] ✅ V-867   🔴6 vs 3🔵
[15:18:00] ▶ Раунд V-868 начался
[15:18:32] ✅ V-868   🔴4 vs 4🔵
[15:18:38] ▶ Раунд V-869 начался
[15:19:10] ✅ V-869   🔴2 vs 4🔵

  ~~~~~~~~~~~~~~~~~~~~~~~~~~~~~~~~~~
  🎲 МНОГО ПОСЛЕДОВАТЕЛЬНОСТЕЙ!
  Найдено: 4
  🔴22, 🔵33, 🔴66, 🔵44
  ~~~~~~~~~~~~~~~~~~~~~~~~~~~~~~~~~~
  🔥 [V-859]  🔴2  vs  1🔵
  🔥 [V-860]  🔴2  vs  2🔵
     [V-861]  🔴1  vs  1🔵
     [V-862]  🔴3  vs  5🔵
     [V-863]  🔴4  vs  2🔵
  🔥 [V-864]  🔴1  vs  3🔵
  🔥 [V-865]  🔴6  vs  3🔵
  🔥 [V-866]  🔴6  vs  4🔵
     [V-867]  🔴6  vs  3🔵
  🔥 [V-868]  🔴4  vs  4🔵
  🔥 [V-869]  🔴2  vs  4🔵
  ~~~~~~~~~~~~~~~~~~~~~~~~~~~~~~~~~~

[Telegram] Ошибка отправки сообщения в чат 1477129493: 403 Client Error: Forbidden for url: https://my-tg-proxy.iwantbunnygirl.workers.dev/bot8603609103:AAENi9LYuF8bXjwK9E1oZIIpG21UNZeZW5s/sendMessage
[Telegram] Ошибка отправки сообщения в чат 1329987939: 403 Client Error: Forbidden for url: https://my-tg-proxy.iwantbunnygirl.workers.dev/bot8603609103:AAENi9LYuF8bXjwK9E1oZIIpG21UNZeZW5s/sendMessage
[Telegram] Ошибка отправки сообщения в чат 705506250: 403 Client Error: Forbidden for url: https://my-tg-proxy.iwantbunnygirl.workers.dev/bot8603609103:AAENi9LYuF8bXjwK9E1oZIIpG21UNZeZW5s/sendMessage

  ++++++++++++++++++++++++++++++++++
  🔵 НОВАЯ ПАРА!
  Синий — 4
  Длина цепочки: 6 раундов
  ++++++++++++++++++++++++++++++++++
     [V-864]  🔴1  vs  3🔵
     [V-865]  🔴6  vs  3🔵
     [V-866]  🔴6  vs  4🔵
     [V-867]  🔴6  vs  3🔵
     [V-868]  🔴4  vs  4🔵
     [V-869]  🔴2  vs  4🔵
  ++++++++++++++++++++++++++++++++++

[Telegram] Ошибка отправки сообщения в чат 1477129493: 403 Client Error: Forbidden for url: https://my-tg-proxy.iwantbunnygirl.workers.dev/bot8603609103:AAENi9LYuF8bXjwK9E1oZIIpG21UNZeZW5s/sendMessage
[Telegram] Ошибка отправки сообщения в чат 1329987939: 403 Client Error: Forbidden for url: https://my-tg-proxy.iwantbunnygirl.workers.dev/bot8603609103:AAENi9LYuF8bXjwK9E1oZIIpG21UNZeZW5s/sendMessage
[Telegram] Ошибка отправки сообщения в чат 705506250: 403 Client Error: Forbidden for url: https://my-tg-proxy.iwantbunnygirl.workers.dev/bot8603609103:AAENi9LYuF8bXjwK9E1oZIIpG21UNZeZW5s/sendMessage
[15:19:16] ▶ Раунд V-870 начался
[15:19:48] ✅ V-870   🔴6 vs 6🔵
[15:19:54] ▶ Раунд V-871 начался
[15:20:26] ✅ V-871   🔴4 vs 1🔵
[15:20:32] ▶ Раунд V-872 начался
[15:21:04] ✅ V-872   🔴1 vs 5🔵
[15:21:10] ▶ Раунд V-873 начался
[15:21:42] ✅ V-873   🔴2 vs 1🔵
[15:21:48] ▶ Раунд V-874 начался
[15:22:20] ✅ V-874   🔴4 vs 3🔵

  ##################################
  🔴 XOX-ПАТТЕРН!
  Красный — 4
  Шаблон: xooxoox
  ##################################
  🎯 [V-868]  🔴4  vs  4🔵
     [V-869]  🔴2  vs  4🔵
     [V-870]  🔴6  vs  6🔵
  🎯 [V-871]  🔴4  vs  1🔵
     [V-872]  🔴1  vs  5🔵
     [V-873]  🔴2  vs  1🔵
  🎯 [V-874]  🔴4  vs  3🔵
  ##################################

[15:22:26] ▶ Раунд V-875 начался
[15:22:58] ✅ V-875   🔴3 vs 1🔵

  ##################################
  🔵 XOX-ПАТТЕРН!
  Синий — 1
  Шаблон: xoxox
  ##################################
  🎯 [V-871]  🔴4  vs  1🔵
     [V-872]  🔴1  vs  5🔵
  🎯 [V-873]  🔴2  vs  1🔵
     [V-874]  🔴4  vs  3🔵
  🎯 [V-875]  🔴3  vs  1🔵
  ##################################

[15:23:04] ▶ Раунд V-876 начался
[15:23:36] ✅ V-876   🔴5 vs 3🔵
[15:23:42] ▶ Раунд V-877 начался
[15:24:14] ✅ V-877   🔴6 vs 4🔵
[15:24:20] ▶ Раунд V-878 начался
[15:24:52] ✅ V-878   🔴3 vs 2🔵
[15:24:58] ▶ Раунд V-879 начался
[15:25:30] ✅ V-879   🔴2 vs 2🔵

  ++++++++++++++++++++++++++++++++++
  🔵 НОВАЯ ПАРА!
  Синий — 2
  Длина цепочки: 12 раундов
  ++++++++++++++++++++++++++++++++++
     [V-868]  🔴4  vs  4🔵
     [V-869]  🔴2  vs  4🔵
     [V-870]  🔴6  vs  6🔵
     [V-871]  🔴4  vs  1🔵
     [V-872]  🔴1  vs  5🔵
     [V-873]  🔴2  vs  1🔵
     [V-874]  🔴4  vs  3🔵
     [V-875]  🔴3  vs  1🔵
     [V-876]  🔴5  vs  3🔵
     [V-877]  🔴6  vs  4🔵
     [V-878]  🔴3  vs  2🔵
     [V-879]  🔴2  vs  2🔵
  ++++++++++++++++++++++++++++++++++

[Telegram] Ошибка отправки сообщения в чат 1477129493: 403 Client Error: Forbidden for url: https://my-tg-proxy.iwantbunnygirl.workers.dev/bot8603609103:AAENi9LYuF8bXjwK9E1oZIIpG21UNZeZW5s/sendMessage
[Telegram] Ошибка отправки сообщения в чат 1329987939: 403 Client Error: Forbidden for url: https://my-tg-proxy.iwantbunnygirl.workers.dev/bot8603609103:AAENi9LYuF8bXjwK9E1oZIIpG21UNZeZW5s/sendMessage
[Telegram] Ошибка отправки сообщения в чат 705506250: 403 Client Error: Forbidden for url: https://my-tg-proxy.iwantbunnygirl.workers.dev/bot8603609103:AAENi9LYuF8bXjwK9E1oZIIpG21UNZeZW5s/sendMessage
[15:25:36] ▶ Раунд V-880 начался
[15:26:08] ✅ V-880   🔴2 vs 4🔵
[15:26:14] ▶ Раунд V-881 начался
[15:26:46] ✅ V-881   🔴2 vs 5🔵
[15:26:52] ▶ Раунд V-882 начался
[15:27:24] ✅ V-882   🔴2 vs 3🔵

  ──────────────────────────────────
  🔴 ПАТТЕРН!
  Красный — 2
  четыре подряд подряд
  ──────────────────────────────────
  ⬅️ [V-877]  🔴6  vs  4🔵
  ⬅️ [V-878]  🔴3  vs  2🔵
  🔥 [V-879]  🔴2  vs  2🔵
  🔥 [V-880]  🔴2  vs  4🔵
  🔥 [V-881]  🔴2  vs  5🔵
  🔥 [V-882]  🔴2  vs  3🔵
  ──────────────────────────────────

[15:27:30] ▶ Раунд V-883 начался
[15:28:02] ✅ V-883   🔴6 vs 5🔵
[15:28:08] ▶ Раунд V-884 начался
[15:28:40] ✅ V-884   🔴3 vs 6🔵

  ··································
  📊 СТАТИСТИКА!
  Красный — 2
  четыре подряд подряд
  ··································
  ⬅️ [V-877]  🔴6  vs  4🔵
  ⬅️ [V-878]  🔴3  vs  2🔵
  🔥 [V-879]  🔴2  vs  2🔵
  🔥 [V-880]  🔴2  vs  4🔵
  🔥 [V-881]  🔴2  vs  5🔵
  🔥 [V-882]  🔴2  vs  3🔵
  🆕 [V-883]  🔴6  vs  5🔵
  🆕 [V-884]  🔴3  vs  6🔵
  ··································

[15:28:46] ▶ Раунд V-885 начался
[15:29:18] ✅ V-885   🔴4 vs 4🔵
[15:29:24] ▶ Раунд V-886 начался
[15:29:56] ✅ V-886   🔴2 vs 3🔵
[15:30:02] ▶ Раунд V-887 начался
[15:30:34] ✅ V-887   🔴1 vs 5🔵
[15:30:40] ▶ Раунд V-888 начался
[15:31:12] ✅ V-888   🔴2 vs 5🔵

  ++++++++++++++++++++++++++++++++++
  🔵 НОВАЯ ПАРА!
  Синий — 5
  Длина цепочки: 11 раундов
  ++++++++++++++++++++++++++++++++++
     [V-878]  🔴3  vs  2🔵
     [V-879]  🔴2  vs  2🔵
     [V-880]  🔴2  vs  4🔵
     [V-881]  🔴2  vs  5🔵
     [V-882]  🔴2  vs  3🔵
     [V-883]  🔴6  vs  5🔵
     [V-884]  🔴3  vs  6🔵
     [V-885]  🔴4  vs  4🔵
     [V-886]  🔴2  vs  3🔵
     [V-887]  🔴1  vs  5🔵
     [V-888]  🔴2  vs  5🔵
  ++++++++++++++++++++++++++++++++++

[Telegram] Ошибка отправки сообщения в чат 1477129493: 403 Client Error: Forbidden for url: https://my-tg-proxy.iwantbunnygirl.workers.dev/bot8603609103:AAENi9LYuF8bXjwK9E1oZIIpG21UNZeZW5s/sendMessage
[Telegram] Ошибка отправки сообщения в чат 1329987939: 403 Client Error: Forbidden for url: https://my-tg-proxy.iwantbunnygirl.workers.dev/bot8603609103:AAENi9LYuF8bXjwK9E1oZIIpG21UNZeZW5s/sendMessage
[Telegram] Ошибка отправки сообщения в чат 705506250: 403 Client Error: Forbidden for url: https://my-tg-proxy.iwantbunnygirl.workers.dev/bot8603609103:AAENi9LYuF8bXjwK9E1oZIIpG21UNZeZW5s/sendMessage
[15:31:18] ▶ Раунд V-889 начался
[15:31:50] ✅ V-889   🔴3 vs 5🔵
[15:31:56] ▶ Раунд V-890 начался
[15:32:28] ✅ V-890   🔴2 vs 2🔵

  ##################################
  🔴 XOX-ПАТТЕРН!
  Красный — 2
  Шаблон: xoxox
  ##################################
  🎯 [V-886]  🔴2  vs  3🔵
     [V-887]  🔴1  vs  5🔵
  🎯 [V-888]  🔴2  vs  5🔵
     [V-889]  🔴3  vs  5🔵
  🎯 [V-890]  🔴2  vs  2🔵
  ##################################

[15:32:34] ▶ Раунд V-891 начался
[15:33:06] ✅ V-891   🔴6 vs 3🔵
[15:33:12] ▶ Раунд V-892 начался
[15:33:44] ✅ V-892   🔴1 vs 5🔵
[15:33:50] ▶ Раунд V-893 начался
[15:34:22] ✅ V-893   🔴5 vs 6🔵
[15:34:28] ▶ Раунд V-894 начался
[15:35:00] ✅ V-894   🔴1 vs 2🔵
[15:35:06] ▶ Раунд V-895 начался
[15:35:38] ✅ V-895   🔴2 vs 5🔵

  ##################################
  🔵 XOX-ПАТТЕРН!
  Синий — 5
  Шаблон: xooxoox
  ##################################
  🎯 [V-889]  🔴3  vs  5🔵
     [V-890]  🔴2  vs  2🔵
     [V-891]  🔴6  vs  3🔵
  🎯 [V-892]  🔴1  vs  5🔵
     [V-893]  🔴5  vs  6🔵
     [V-894]  🔴1  vs  2🔵
  🎯 [V-895]  🔴2  vs  5🔵
  ##################################

[15:35:44] ▶ Раунд V-896 начался
[15:36:16] ✅ V-896   🔴4 vs 2🔵
[15:36:22] ▶ Раунд V-897 начался
[15:36:54] ✅ V-897   🔴5 vs 4🔵
[15:37:00] ▶ Раунд V-898 начался
[15:37:32] ✅ V-898   🔴3 vs 5🔵

  ##################################
  🔵 XOX-ПАТТЕРН!
  Синий — 5
  Шаблон: xooxoox
  ##################################
  🎯 [V-892]  🔴1  vs  5🔵
     [V-893]  🔴5  vs  6🔵
     [V-894]  🔴1  vs  2🔵
  🎯 [V-895]  🔴2  vs  5🔵
     [V-896]  🔴4  vs  2🔵
     [V-897]  🔴5  vs  4🔵
  🎯 [V-898]  🔴3  vs  5🔵
  ##################################

[15:37:38] ▶ Раунд V-899 начался
[15:38:10] ✅ V-899   🔴4 vs 6🔵
[15:38:16] ▶ Раунд V-900 начался
[15:38:48] ✅ V-900   🔴3 vs 4🔵
[15:38:54] ▶ Раунд V-901 начался
[15:39:26] ✅ V-901   🔴3 vs 2🔵

  ~~~~~~~~~~~~~~~~~~~~~~~~~~~~~~~~~~
  🎲 МНОГО ПОСЛЕДОВАТЕЛЬНОСТЕЙ!
  Найдено: 4
  🔵22, 🔴22, 🔵55, 🔴33
  ~~~~~~~~~~~~~~~~~~~~~~~~~~~~~~~~~~
  🔥 [V-878]  🔴3  vs  2🔵
  🔥 [V-879]  🔴2  vs  2🔵
  🔥 [V-880]  🔴2  vs  4🔵
     [V-881]  🔴2  vs  5🔵
     [V-882]  🔴2  vs  3🔵
     [V-883]  🔴6  vs  5🔵
     [V-884]  🔴3  vs  6🔵
     [V-885]  🔴4  vs  4🔵
     [V-886]  🔴2  vs  3🔵
  🔥 [V-887]  🔴1  vs  5🔵
  🔥 [V-888]  🔴2  vs  5🔵
     [V-889]  🔴3  vs  5🔵
     [V-890]  🔴2  vs  2🔵
     [V-891]  🔴6  vs  3🔵
     [V-892]  🔴1  vs  5🔵
     [V-893]  🔴5  vs  6🔵
     [V-894]  🔴1  vs  2🔵
     [V-895]  🔴2  vs  5🔵
     [V-896]  🔴4  vs  2🔵
     [V-897]  🔴5  vs  4🔵
     [V-898]  🔴3  vs  5🔵
     [V-899]  🔴4  vs  6🔵
  🔥 [V-900]  🔴3  vs  4🔵
  🔥 [V-901]  🔴3  vs  2🔵
  ~~~~~~~~~~~~~~~~~~~~~~~~~~~~~~~~~~

[Telegram] Ошибка отправки сообщения в чат 1477129493: 403 Client Error: Forbidden for url: https://my-tg-proxy.iwantbunnygirl.workers.dev/bot8603609103:AAENi9LYuF8bXjwK9E1oZIIpG21UNZeZW5s/sendMessage
[Telegram] Ошибка отправки сообщения в чат 1329987939: 403 Client Error: Forbidden for url: https://my-tg-proxy.iwantbunnygirl.workers.dev/bot8603609103:AAENi9LYuF8bXjwK9E1oZIIpG21UNZeZW5s/sendMessage
[Telegram] Ошибка отправки сообщения в чат 705506250: 403 Client Error: Forbidden for url: https://my-tg-proxy.iwantbunnygirl.workers.dev/bot8603609103:AAENi9LYuF8bXjwK9E1oZIIpG21UNZeZW5s/sendMessage

  ++++++++++++++++++++++++++++++++++
  🔴 НОВАЯ ПАРА!
  Красный — 3
  Длина цепочки: 15 раундов
  ++++++++++++++++++++++++++++++++++
     [V-887]  🔴1  vs  5🔵
     [V-888]  🔴2  vs  5🔵
     [V-889]  🔴3  vs  5🔵
     [V-890]  🔴2  vs  2🔵
     [V-891]  🔴6  vs  3🔵
     [V-892]  🔴1  vs  5🔵
     [V-893]  🔴5  vs  6🔵
     [V-894]  🔴1  vs  2🔵
     [V-895]  🔴2  vs  5🔵
     [V-896]  🔴4  vs  2🔵
     [V-897]  🔴5  vs  4🔵
     [V-898]  🔴3  vs  5🔵
     [V-899]  🔴4  vs  6🔵
     [V-900]  🔴3  vs  4🔵
     [V-901]  🔴3  vs  2🔵
  ++++++++++++++++++++++++++++++++++

[Telegram] Ошибка отправки сообщения в чат 1477129493: 403 Client Error: Forbidden for url: https://my-tg-proxy.iwantbunnygirl.workers.dev/bot8603609103:AAENi9LYuF8bXjwK9E1oZIIpG21UNZeZW5s/sendMessage
[Telegram] Ошибка отправки сообщения в чат 1329987939: 403 Client Error: Forbidden for url: https://my-tg-proxy.iwantbunnygirl.workers.dev/bot8603609103:AAENi9LYuF8bXjwK9E1oZIIpG21UNZeZW5s/sendMessage
[Telegram] Ошибка отправки сообщения в чат 705506250: 403 Client Error: Forbidden for url: https://my-tg-proxy.iwantbunnygirl.workers.dev/bot8603609103:AAENi9LYuF8bXjwK9E1oZIIpG21UNZeZW5s/sendMessage
[15:39:32] ▶ Раунд V-902 начался
[15:40:04] ✅ V-902   🔴4 vs 5🔵

  ##################################
  🔴 XOX-ПАТТЕРН!
  Красный — 4
  Шаблон: xooxoox
  ##################################
  🎯 [V-896]  🔴4  vs  2🔵
     [V-897]  🔴5  vs  4🔵
     [V-898]  🔴3  vs  5🔵
  🎯 [V-899]  🔴4  vs  6🔵
     [V-900]  🔴3  vs  4🔵
     [V-901]  🔴3  vs  2🔵
  🎯 [V-902]  🔴4  vs  5🔵
  ##################################

[15:40:10] ▶ Раунд V-903 начался
[15:40:42] ✅ V-903   🔴5 vs 4🔵

  ##################################
  🔵 XOX-ПАТТЕРН!
  Синий — 4
  Шаблон: xooxoox
  ##################################
  🎯 [V-897]  🔴5  vs  4🔵
     [V-898]  🔴3  vs  5🔵
     [V-899]  🔴4  vs  6🔵
  🎯 [V-900]  🔴3  vs  4🔵
     [V-901]  🔴3  vs  2🔵
     [V-902]  🔴4  vs  5🔵
  🎯 [V-903]  🔴5  vs  4🔵
  ##################################

[15:40:48] ▶ Раунд V-904 начался
[15:41:20] ✅ V-904   🔴5 vs 4🔵

  ++++++++++++++++++++++++++++++++++
  🔴 НОВАЯ ПАРА!
  Красный — 5
  Длина цепочки: 5 раундов
  ++++++++++++++++++++++++++++++++++
     [V-900]  🔴3  vs  4🔵
     [V-901]  🔴3  vs  2🔵
     [V-902]  🔴4  vs  5🔵
     [V-903]  🔴5  vs  4🔵
     [V-904]  🔴5  vs  4🔵
  ++++++++++++++++++++++++++++++++++

[Telegram] Ошибка отправки сообщения в чат 1477129493: 403 Client Error: Forbidden for url: https://my-tg-proxy.iwantbunnygirl.workers.dev/bot8603609103:AAENi9LYuF8bXjwK9E1oZIIpG21UNZeZW5s/sendMessage
[Telegram] Ошибка отправки сообщения в чат 1329987939: 403 Client Error: Forbidden for url: https://my-tg-proxy.iwantbunnygirl.workers.dev/bot8603609103:AAENi9LYuF8bXjwK9E1oZIIpG21UNZeZW5s/sendMessage
[Telegram] Ошибка отправки сообщения в чат 705506250: 403 Client Error: Forbidden for url: https://my-tg-proxy.iwantbunnygirl.workers.dev/bot8603609103:AAENi9LYuF8bXjwK9E1oZIIpG21UNZeZW5s/sendMessage
[15:41:26] ▶ Раунд V-905 начался
[15:41:58] ✅ V-905   🔴4 vs 5🔵

  ##################################
  🔴 XOX-ПАТТЕРН!
  Красный — 4
  Шаблон: xooxoox
  ##################################
  🎯 [V-899]  🔴4  vs  6🔵
     [V-900]  🔴3  vs  4🔵
     [V-901]  🔴3  vs  2🔵
  🎯 [V-902]  🔴4  vs  5🔵
     [V-903]  🔴5  vs  4🔵
     [V-904]  🔴5  vs  4🔵
  🎯 [V-905]  🔴4  vs  5🔵
  ##################################

[15:42:04] ▶ Раунд V-906 начался
[15:42:36] ✅ V-906   🔴6 vs 1🔵
[15:42:42] ▶ Раунд V-907 начался
[15:43:14] ✅ V-907   🔴6 vs 3🔵

  ++++++++++++++++++++++++++++++++++
  🔴 НОВАЯ ПАРА!
  Красный — 6
  Длина цепочки: 5 раундов
  ++++++++++++++++++++++++++++++++++
     [V-903]  🔴5  vs  4🔵
     [V-904]  🔴5  vs  4🔵
     [V-905]  🔴4  vs  5🔵
     [V-906]  🔴6  vs  1🔵
     [V-907]  🔴6  vs  3🔵
  ++++++++++++++++++++++++++++++++++

[Telegram] Ошибка отправки сообщения в чат 1477129493: 403 Client Error: Forbidden for url: https://my-tg-proxy.iwantbunnygirl.workers.dev/bot8603609103:AAENi9LYuF8bXjwK9E1oZIIpG21UNZeZW5s/sendMessage
[Telegram] Ошибка отправки сообщения в чат 1329987939: 403 Client Error: Forbidden for url: https://my-tg-proxy.iwantbunnygirl.workers.dev/bot8603609103:AAENi9LYuF8bXjwK9E1oZIIpG21UNZeZW5s/sendMessage
[Telegram] Ошибка отправки сообщения в чат 705506250: 403 Client Error: Forbidden for url: https://my-tg-proxy.iwantbunnygirl.workers.dev/bot8603609103:AAENi9LYuF8bXjwK9E1oZIIpG21UNZeZW5s/sendMessage
[15:43:20] ▶ Раунд V-908 начался
[15:43:52] ✅ V-908   🔴5 vs 1🔵
[15:43:58] ▶ Раунд V-909 начался
[15:44:30] ✅ V-909   🔴1 vs 6🔵
[15:44:36] ▶ Раунд V-910 начался
[15:45:08] ✅ V-910   🔴5 vs 4🔵
[15:45:14] ▶ Раунд V-911 начался
[15:45:46] ✅ V-911   🔴3 vs 4🔵

  ~~~~~~~~~~~~~~~~~~~~~~~~~~~~~~~~~~
  🎲 МНОГО ПОСЛЕДОВАТЕЛЬНОСТЕЙ!
  Найдено: 4
  🔴55, 🔵44, 🔴66, 🔵44
  ~~~~~~~~~~~~~~~~~~~~~~~~~~~~~~~~~~
  🔥 [V-903]  🔴5  vs  4🔵
  🔥 [V-904]  🔴5  vs  4🔵
     [V-905]  🔴4  vs  5🔵
  🔥 [V-906]  🔴6  vs  1🔵
  🔥 [V-907]  🔴6  vs  3🔵
     [V-908]  🔴5  vs  1🔵
     [V-909]  🔴1  vs  6🔵
  🔥 [V-910]  🔴5  vs  4🔵
  🔥 [V-911]  🔴3  vs  4🔵
  ~~~~~~~~~~~~~~~~~~~~~~~~~~~~~~~~~~

[Telegram] Ошибка отправки сообщения в чат 1477129493: 403 Client Error: Forbidden for url: https://my-tg-proxy.iwantbunnygirl.workers.dev/bot8603609103:AAENi9LYuF8bXjwK9E1oZIIpG21UNZeZW5s/sendMessage
[Telegram] Ошибка отправки сообщения в чат 1329987939: 403 Client Error: Forbidden for url: https://my-tg-proxy.iwantbunnygirl.workers.dev/bot8603609103:AAENi9LYuF8bXjwK9E1oZIIpG21UNZeZW5s/sendMessage
[Telegram] Ошибка отправки сообщения в чат 705506250: 403 Client Error: Forbidden for url: https://my-tg-proxy.iwantbunnygirl.workers.dev/bot8603609103:AAENi9LYuF8bXjwK9E1oZIIpG21UNZeZW5s/sendMessage

  ++++++++++++++++++++++++++++++++++
  🔵 НОВАЯ ПАРА!
  Синий — 4
  Длина цепочки: 6 раундов
  ++++++++++++++++++++++++++++++++++
     [V-906]  🔴6  vs  1🔵
     [V-907]  🔴6  vs  3🔵
     [V-908]  🔴5  vs  1🔵
     [V-909]  🔴1  vs  6🔵
     [V-910]  🔴5  vs  4🔵
     [V-911]  🔴3  vs  4🔵
  ++++++++++++++++++++++++++++++++++

[Telegram] Ошибка отправки сообщения в чат 1477129493: 403 Client Error: Forbidden for url: https://my-tg-proxy.iwantbunnygirl.workers.dev/bot8603609103:AAENi9LYuF8bXjwK9E1oZIIpG21UNZeZW5s/sendMessage
[Telegram] Ошибка отправки сообщения в чат 1329987939: 403 Client Error: Forbidden for url: https://my-tg-proxy.iwantbunnygirl.workers.dev/bot8603609103:AAENi9LYuF8bXjwK9E1oZIIpG21UNZeZW5s/sendMessage
[Telegram] Ошибка отправки сообщения в чат 705506250: 403 Client Error: Forbidden for url: https://my-tg-proxy.iwantbunnygirl.workers.dev/bot8603609103:AAENi9LYuF8bXjwK9E1oZIIpG21UNZeZW5s/sendMessage
[15:45:52] ▶ Раунд V-912 начался
[15:46:24] ✅ V-912   🔴1 vs 3🔵
[15:46:30] ▶ Раунд V-913 начался
[15:47:02] ✅ V-913   🔴6 vs 1🔵
[15:47:08] ▶ Раунд V-914 начался
[15:47:40] ✅ V-914   🔴6 vs 1🔵

  ++++++++++++++++++++++++++++++++++
  🔴 НОВАЯ ПАРА!
  Красный — 6
  Длина цепочки: 5 раундов
  ++++++++++++++++++++++++++++++++++
     [V-910]  🔴5  vs  4🔵
     [V-911]  🔴3  vs  4🔵
     [V-912]  🔴1  vs  3🔵
     [V-913]  🔴6  vs  1🔵
     [V-914]  🔴6  vs  1🔵
  ++++++++++++++++++++++++++++++++++

[Telegram] Ошибка отправки сообщения в чат 1477129493: 403 Client Error: Forbidden for url: https://my-tg-proxy.iwantbunnygirl.workers.dev/bot8603609103:AAENi9LYuF8bXjwK9E1oZIIpG21UNZeZW5s/sendMessage
[Telegram] Ошибка отправки сообщения в чат 1329987939: 403 Client Error: Forbidden for url: https://my-tg-proxy.iwantbunnygirl.workers.dev/bot8603609103:AAENi9LYuF8bXjwK9E1oZIIpG21UNZeZW5s/sendMessage
[Telegram] Ошибка отправки сообщения в чат 705506250: 403 Client Error: Forbidden for url: https://my-tg-proxy.iwantbunnygirl.workers.dev/bot8603609103:AAENi9LYuF8bXjwK9E1oZIIpG21UNZeZW5s/sendMessage
[15:47:46] ▶ Раунд V-915 начался
[15:48:18] ✅ V-915   🔴3 vs 2🔵
[15:48:24] ▶ Раунд V-916 начался
[15:48:56] ✅ V-916   🔴3 vs 3🔵

  ++++++++++++++++++++++++++++++++++
  🔴 НОВАЯ ПАРА!
  Красный — 3
  Длина цепочки: 4 раундов
  ++++++++++++++++++++++++++++++++++
     [V-913]  🔴6  vs  1🔵
     [V-914]  🔴6  vs  1🔵
     [V-915]  🔴3  vs  2🔵
     [V-916]  🔴3  vs  3🔵
  ++++++++++++++++++++++++++++++++++

[Telegram] Ошибка отправки сообщения в чат 1477129493: 403 Client Error: Forbidden for url: https://my-tg-proxy.iwantbunnygirl.workers.dev/bot8603609103:AAENi9LYuF8bXjwK9E1oZIIpG21UNZeZW5s/sendMessage
[Telegram] Ошибка отправки сообщения в чат 1329987939: 403 Client Error: Forbidden for url: https://my-tg-proxy.iwantbunnygirl.workers.dev/bot8603609103:AAENi9LYuF8bXjwK9E1oZIIpG21UNZeZW5s/sendMessage
[Telegram] Ошибка отправки сообщения в чат 705506250: 403 Client Error: Forbidden for url: https://my-tg-proxy.iwantbunnygirl.workers.dev/bot8603609103:AAENi9LYuF8bXjwK9E1oZIIpG21UNZeZW5s/sendMessage
[15:49:02] ▶ Раунд V-917 начался
[15:49:34] ✅ V-917   🔴1 vs 6🔵
[15:49:40] ▶ Раунд V-918 начался
[15:50:12] ✅ V-918   🔴1 vs 4🔵

  ~~~~~~~~~~~~~~~~~~~~~~~~~~~~~~~~~~
  🎲 МНОГО ПОСЛЕДОВАТЕЛЬНОСТЕЙ!
  Найдено: 4
  🔴66, 🔵11, 🔴33, 🔴11
  ~~~~~~~~~~~~~~~~~~~~~~~~~~~~~~~~~~
  🔥 [V-913]  🔴6  vs  1🔵
  🔥 [V-914]  🔴6  vs  1🔵
  🔥 [V-915]  🔴3  vs  2🔵
  🔥 [V-916]  🔴3  vs  3🔵
  🔥 [V-917]  🔴1  vs  6🔵
  🔥 [V-918]  🔴1  vs  4🔵
  ~~~~~~~~~~~~~~~~~~~~~~~~~~~~~~~~~~

[Telegram] Ошибка отправки сообщения в чат 1477129493: 403 Client Error: Forbidden for url: https://my-tg-proxy.iwantbunnygirl.workers.dev/bot8603609103:AAENi9LYuF8bXjwK9E1oZIIpG21UNZeZW5s/sendMessage
[Telegram] Ошибка отправки сообщения в чат 1329987939: 403 Client Error: Forbidden for url: https://my-tg-proxy.iwantbunnygirl.workers.dev/bot8603609103:AAENi9LYuF8bXjwK9E1oZIIpG21UNZeZW5s/sendMessage
[Telegram] Ошибка отправки сообщения в чат 705506250: 403 Client Error: Forbidden for url: https://my-tg-proxy.iwantbunnygirl.workers.dev/bot8603609103:AAENi9LYuF8bXjwK9E1oZIIpG21UNZeZW5s/sendMessage

  ++++++++++++++++++++++++++++++++++
  🔴 НОВАЯ ПАРА!
  Красный — 1
  Длина цепочки: 4 раундов
  ++++++++++++++++++++++++++++++++++
     [V-915]  🔴3  vs  2🔵
     [V-916]  🔴3  vs  3🔵
     [V-917]  🔴1  vs  6🔵
     [V-918]  🔴1  vs  4🔵
  ++++++++++++++++++++++++++++++++++

[Telegram] Ошибка отправки сообщения в чат 1477129493: 403 Client Error: Forbidden for url: https://my-tg-proxy.iwantbunnygirl.workers.dev/bot8603609103:AAENi9LYuF8bXjwK9E1oZIIpG21UNZeZW5s/sendMessage
[Telegram] Ошибка отправки сообщения в чат 1329987939: 403 Client Error: Forbidden for url: https://my-tg-proxy.iwantbunnygirl.workers.dev/bot8603609103:AAENi9LYuF8bXjwK9E1oZIIpG21UNZeZW5s/sendMessage
[Telegram] Ошибка отправки сообщения в чат 705506250: 403 Client Error: Forbidden for url: https://my-tg-proxy.iwantbunnygirl.workers.dev/bot8603609103:AAENi9LYuF8bXjwK9E1oZIIpG21UNZeZW5s/sendMessage
[15:50:18] ▶ Раунд V-919 начался
[15:50:50] ✅ V-919   🔴3 vs 4🔵
[15:50:56] ▶ Раунд V-920 начался
[15:51:28] ✅ V-920   🔴2 vs 4🔵
[15:51:34] ▶ Раунд V-921 начался
[15:52:06] ✅ V-921   🔴3 vs 1🔵
[15:52:12] ▶ Раунд V-922 начался
[15:52:44] ✅ V-922   🔴6 vs 6🔵
[15:52:50] ▶ Раунд V-923 начался
[15:53:22] ✅ V-923   🔴4 vs 3🔵
[15:53:28] ▶ Раунд V-924 начался
[15:54:00] ✅ V-924   🔴5 vs 4🔵
[15:54:06] ▶ Раунд V-925 начался
[15:54:38] ✅ V-925   🔴2 vs 3🔵
[15:54:44] ▶ Раунд V-926 начался
[15:55:16] ✅ V-926   🔴1 vs 2🔵
[15:55:22] ▶ Раунд V-927 начался
[15:55:54] ✅ V-927   🔴4 vs 2🔵

  ++++++++++++++++++++++++++++++++++
  🔵 НОВАЯ ПАРА!
  Синий — 2
  Длина цепочки: 11 раундов
  ++++++++++++++++++++++++++++++++++
     [V-917]  🔴1  vs  6🔵
     [V-918]  🔴1  vs  4🔵
     [V-919]  🔴3  vs  4🔵
     [V-920]  🔴2  vs  4🔵
     [V-921]  🔴3  vs  1🔵
     [V-922]  🔴6  vs  6🔵
     [V-923]  🔴4  vs  3🔵
     [V-924]  🔴5  vs  4🔵
     [V-925]  🔴2  vs  3🔵
     [V-926]  🔴1  vs  2🔵
     [V-927]  🔴4  vs  2🔵
  ++++++++++++++++++++++++++++++++++

[Telegram] Ошибка отправки сообщения в чат 1477129493: 403 Client Error: Forbidden for url: https://my-tg-proxy.iwantbunnygirl.workers.dev/bot8603609103:AAENi9LYuF8bXjwK9E1oZIIpG21UNZeZW5s/sendMessage
[Telegram] Ошибка отправки сообщения в чат 1329987939: 403 Client Error: Forbidden for url: https://my-tg-proxy.iwantbunnygirl.workers.dev/bot8603609103:AAENi9LYuF8bXjwK9E1oZIIpG21UNZeZW5s/sendMessage
[Telegram] Ошибка отправки сообщения в чат 705506250: 403 Client Error: Forbidden for url: https://my-tg-proxy.iwantbunnygirl.workers.dev/bot8603609103:AAENi9LYuF8bXjwK9E1oZIIpG21UNZeZW5s/sendMessage
[15:56:00] ▶ Раунд V-928 начался
[15:56:32] ✅ V-928   🔴1 vs 3🔵
[15:56:38] ▶ Раунд V-929 начался
[15:57:10] ✅ V-929   🔴3 vs 4🔵
[15:57:16] ▶ Раунд V-930 начался
[15:57:48] ✅ V-930   🔴2 vs 1🔵

  ##################################
  🔴 XOX-ПАТТЕРН!
  Красный — 2
  Шаблон: xooooxoooox
  ##################################
  🎯 [V-920]  🔴2  vs  4🔵
     [V-921]  🔴3  vs  1🔵
     [V-922]  🔴6  vs  6🔵
     [V-923]  🔴4  vs  3🔵
     [V-924]  🔴5  vs  4🔵
  🎯 [V-925]  🔴2  vs  3🔵
     [V-926]  🔴1  vs  2🔵
     [V-927]  🔴4  vs  2🔵
     [V-928]  🔴1  vs  3🔵
     [V-929]  🔴3  vs  4🔵
  🎯 [V-930]  🔴2  vs  1🔵
  ##################################

[15:57:54] ▶ Раунд V-931 начался
[15:58:26] ✅ V-931   🔴5 vs 5🔵
[15:58:32] ▶ Раунд V-932 начался
[15:59:04] ✅ V-932   🔴6 vs 5🔵

  ++++++++++++++++++++++++++++++++++
  🔵 НОВАЯ ПАРА!
  Синий — 5
  Длина цепочки: 7 раундов
  ++++++++++++++++++++++++++++++++++
     [V-926]  🔴1  vs  2🔵
     [V-927]  🔴4  vs  2🔵
     [V-928]  🔴1  vs  3🔵
     [V-929]  🔴3  vs  4🔵
     [V-930]  🔴2  vs  1🔵
     [V-931]  🔴5  vs  5🔵
     [V-932]  🔴6  vs  5🔵
  ++++++++++++++++++++++++++++++++++

[Telegram] Ошибка отправки сообщения в чат 1477129493: 403 Client Error: Forbidden for url: https://my-tg-proxy.iwantbunnygirl.workers.dev/bot8603609103:AAENi9LYuF8bXjwK9E1oZIIpG21UNZeZW5s/sendMessage
[Telegram] Ошибка отправки сообщения в чат 1329987939: 403 Client Error: Forbidden for url: https://my-tg-proxy.iwantbunnygirl.workers.dev/bot8603609103:AAENi9LYuF8bXjwK9E1oZIIpG21UNZeZW5s/sendMessage
[Telegram] Ошибка отправки сообщения в чат 705506250: 403 Client Error: Forbidden for url: https://my-tg-proxy.iwantbunnygirl.workers.dev/bot8603609103:AAENi9LYuF8bXjwK9E1oZIIpG21UNZeZW5s/sendMessage
[15:59:10] ▶ Раунд V-933 начался
[15:59:42] ✅ V-933   🔴5 vs 1🔵
[15:59:48] ▶ Раунд V-934 начался
[16:00:20] ✅ V-934   🔴1 vs 2🔵
[16:00:26] ▶ Раунд V-935 начался
[16:00:58] ✅ V-935   🔴6 vs 5🔵
[16:01:04] ▶ Раунд V-936 начался
[16:01:36] ✅ V-936   🔴5 vs 6🔵
[16:01:42] ▶ Раунд V-937 начался
[16:02:14] ✅ V-937   🔴2 vs 4🔵
[16:02:20] ▶ Раунд V-938 начался
[16:02:52] ✅ V-938   🔴5 vs 3🔵
[16:02:58] ▶ Раунд V-939 начался
[16:03:30] ✅ V-939   🔴6 vs 1🔵
[16:03:36] ▶ Раунд V-940 начался
[16:04:08] ✅ V-940   🔴2 vs 4🔵
[16:04:14] ▶ Раунд V-941 начался
[16:04:46] ✅ V-941   🔴5 vs 3🔵
[16:04:52] ▶ Раунд V-942 начался
[16:05:24] ✅ V-942   🔴1 vs 3🔵

  ~~~~~~~~~~~~~~~~~~~~~~~~~~~~~~~~~~
  🎲 МНОГО ПОСЛЕДОВАТЕЛЬНОСТЕЙ!
  Найдено: 4
  🔵44, 🔵22, 🔵55, 🔵33
  ~~~~~~~~~~~~~~~~~~~~~~~~~~~~~~~~~~
  🔥 [V-918]  🔴1  vs  4🔵
  🔥 [V-919]  🔴3  vs  4🔵
     [V-920]  🔴2  vs  4🔵
     [V-921]  🔴3  vs  1🔵
     [V-922]  🔴6  vs  6🔵
     [V-923]  🔴4  vs  3🔵
     [V-924]  🔴5  vs  4🔵
     [V-925]  🔴2  vs  3🔵
  🔥 [V-926]  🔴1  vs  2🔵
  🔥 [V-927]  🔴4  vs  2🔵
     [V-928]  🔴1  vs  3🔵
     [V-929]  🔴3  vs  4🔵
     [V-930]  🔴2  vs  1🔵
  🔥 [V-931]  🔴5  vs  5🔵
  🔥 [V-932]  🔴6  vs  5🔵
     [V-933]  🔴5  vs  1🔵
     [V-934]  🔴1  vs  2🔵
     [V-935]  🔴6  vs  5🔵
     [V-936]  🔴5  vs  6🔵
     [V-937]  🔴2  vs  4🔵
     [V-938]  🔴5  vs  3🔵
     [V-939]  🔴6  vs  1🔵
     [V-940]  🔴2  vs  4🔵
  🔥 [V-941]  🔴5  vs  3🔵
  🔥 [V-942]  🔴1  vs  3🔵
  ~~~~~~~~~~~~~~~~~~~~~~~~~~~~~~~~~~

[Telegram] Ошибка отправки сообщения в чат 1477129493: 403 Client Error: Forbidden for url: https://my-tg-proxy.iwantbunnygirl.workers.dev/bot8603609103:AAENi9LYuF8bXjwK9E1oZIIpG21UNZeZW5s/sendMessage
[Telegram] Ошибка отправки сообщения в чат 1329987939: 403 Client Error: Forbidden for url: https://my-tg-proxy.iwantbunnygirl.workers.dev/bot8603609103:AAENi9LYuF8bXjwK9E1oZIIpG21UNZeZW5s/sendMessage
[Telegram] Ошибка отправки сообщения в чат 705506250: 403 Client Error: Forbidden for url: https://my-tg-proxy.iwantbunnygirl.workers.dev/bot8603609103:AAENi9LYuF8bXjwK9E1oZIIpG21UNZeZW5s/sendMessage

  ++++++++++++++++++++++++++++++++++
  🔵 НОВАЯ ПАРА!
  Синий — 3
  Длина цепочки: 12 раундов
  ++++++++++++++++++++++++++++++++++
     [V-931]  🔴5  vs  5🔵
     [V-932]  🔴6  vs  5🔵
     [V-933]  🔴5  vs  1🔵
     [V-934]  🔴1  vs  2🔵
     [V-935]  🔴6  vs  5🔵
     [V-936]  🔴5  vs  6🔵
     [V-937]  🔴2  vs  4🔵
     [V-938]  🔴5  vs  3🔵
     [V-939]  🔴6  vs  1🔵
     [V-940]  🔴2  vs  4🔵
     [V-941]  🔴5  vs  3🔵
     [V-942]  🔴1  vs  3🔵
  ++++++++++++++++++++++++++++++++++

[Telegram] Ошибка отправки сообщения в чат 1477129493: 403 Client Error: Forbidden for url: https://my-tg-proxy.iwantbunnygirl.workers.dev/bot8603609103:AAENi9LYuF8bXjwK9E1oZIIpG21UNZeZW5s/sendMessage
[Telegram] Ошибка отправки сообщения в чат 1329987939: 403 Client Error: Forbidden for url: https://my-tg-proxy.iwantbunnygirl.workers.dev/bot8603609103:AAENi9LYuF8bXjwK9E1oZIIpG21UNZeZW5s/sendMessage
[Telegram] Ошибка отправки сообщения в чат 705506250: 403 Client Error: Forbidden for url: https://my-tg-proxy.iwantbunnygirl.workers.dev/bot8603609103:AAENi9LYuF8bXjwK9E1oZIIpG21UNZeZW5s/sendMessage
[16:05:30] ▶ Раунд V-943 начался
[16:06:02] ✅ V-943   🔴2 vs 6🔵

  ##################################
  🔴 XOX-ПАТТЕРН!
  Красный — 2
  Шаблон: xooxoox
  ##################################
  🎯 [V-937]  🔴2  vs  4🔵
     [V-938]  🔴5  vs  3🔵
     [V-939]  🔴6  vs  1🔵
  🎯 [V-940]  🔴2  vs  4🔵
     [V-941]  🔴5  vs  3🔵
     [V-942]  🔴1  vs  3🔵
  🎯 [V-943]  🔴2  vs  6🔵
  ##################################

[16:06:08] ▶ Раунд V-944 начался
[16:06:40] ✅ V-944   🔴4 vs 4🔵
[16:06:46] ▶ Раунд V-945 начался
[16:07:18] ✅ V-945   🔴4 vs 4🔵

  ++++++++++++++++++++++++++++++++++
  🔴 НОВАЯ ПАРА!
  Красный — 4
  Длина цепочки: 5 раундов
  ++++++++++++++++++++++++++++++++++
     [V-941]  🔴5  vs  3🔵
     [V-942]  🔴1  vs  3🔵
     [V-943]  🔴2  vs  6🔵
     [V-944]  🔴4  vs  4🔵
     [V-945]  🔴4  vs  4🔵
  ++++++++++++++++++++++++++++++++++

[Telegram] Ошибка отправки сообщения в чат 1477129493: 403 Client Error: Forbidden for url: https://my-tg-proxy.iwantbunnygirl.workers.dev/bot8603609103:AAENi9LYuF8bXjwK9E1oZIIpG21UNZeZW5s/sendMessage
[Telegram] Ошибка отправки сообщения в чат 1329987939: 403 Client Error: Forbidden for url: https://my-tg-proxy.iwantbunnygirl.workers.dev/bot8603609103:AAENi9LYuF8bXjwK9E1oZIIpG21UNZeZW5s/sendMessage
[Telegram] Ошибка отправки сообщения в чат 705506250: 403 Client Error: Forbidden for url: https://my-tg-proxy.iwantbunnygirl.workers.dev/bot8603609103:AAENi9LYuF8bXjwK9E1oZIIpG21UNZeZW5s/sendMessage
[16:07:24] ▶ Раунд V-946 начался
[16:07:56] ✅ V-946   🔴1 vs 4🔵
[16:08:02] ▶ Раунд V-947 начался
[16:08:34] ✅ V-947   🔴4 vs 2🔵
[16:08:40] ▶ Раунд V-948 начался
[16:09:12] ✅ V-948   🔴2 vs 4🔵
[16:09:18] ▶ Раунд V-949 начался
[16:09:50] ✅ V-949   🔴5 vs 1🔵
[16:09:56] ▶ Раунд V-950 начался
[16:10:28] ✅ V-950   🔴4 vs 1🔵

  ++++++++++++++++++++++++++++++++++
  🔵 НОВАЯ ПАРА!
  Синий — 1
  Длина цепочки: 7 раундов
  ++++++++++++++++++++++++++++++++++
     [V-944]  🔴4  vs  4🔵
     [V-945]  🔴4  vs  4🔵
     [V-946]  🔴1  vs  4🔵
     [V-947]  🔴4  vs  2🔵
     [V-948]  🔴2  vs  4🔵
     [V-949]  🔴5  vs  1🔵
     [V-950]  🔴4  vs  1🔵
  ++++++++++++++++++++++++++++++++++

[Telegram] Ошибка отправки сообщения в чат 1477129493: 403 Client Error: Forbidden for url: https://my-tg-proxy.iwantbunnygirl.workers.dev/bot8603609103:AAENi9LYuF8bXjwK9E1oZIIpG21UNZeZW5s/sendMessage
[Telegram] Ошибка отправки сообщения в чат 1329987939: 403 Client Error: Forbidden for url: https://my-tg-proxy.iwantbunnygirl.workers.dev/bot8603609103:AAENi9LYuF8bXjwK9E1oZIIpG21UNZeZW5s/sendMessage
[Telegram] Ошибка отправки сообщения в чат 705506250: 403 Client Error: Forbidden for url: https://my-tg-proxy.iwantbunnygirl.workers.dev/bot8603609103:AAENi9LYuF8bXjwK9E1oZIIpG21UNZeZW5s/sendMessage
[16:10:34] ▶ Раунд V-951 начался
[16:11:06] ✅ V-951   🔴4 vs 1🔵

  ~~~~~~~~~~~~~~~~~~~~~~~~~~~~~~~~~~
  🎲 МНОГО ПОСЛЕДОВАТЕЛЬНОСТЕЙ!
  Найдено: 4
  🔴44, 🔵44, 🔵11, 🔴44
  ~~~~~~~~~~~~~~~~~~~~~~~~~~~~~~~~~~
  🔥 [V-944]  🔴4  vs  4🔵
  🔥 [V-945]  🔴4  vs  4🔵
     [V-946]  🔴1  vs  4🔵
     [V-947]  🔴4  vs  2🔵
     [V-948]  🔴2  vs  4🔵
  🔥 [V-949]  🔴5  vs  1🔵
  🔥 [V-950]  🔴4  vs  1🔵
  🔥 [V-951]  🔴4  vs  1🔵
  ~~~~~~~~~~~~~~~~~~~~~~~~~~~~~~~~~~

[Telegram] Ошибка отправки сообщения в чат 1477129493: 403 Client Error: Forbidden for url: https://my-tg-proxy.iwantbunnygirl.workers.dev/bot8603609103:AAENi9LYuF8bXjwK9E1oZIIpG21UNZeZW5s/sendMessage
[Telegram] Ошибка отправки сообщения в чат 1329987939: 403 Client Error: Forbidden for url: https://my-tg-proxy.iwantbunnygirl.workers.dev/bot8603609103:AAENi9LYuF8bXjwK9E1oZIIpG21UNZeZW5s/sendMessage
[Telegram] Ошибка отправки сообщения в чат 705506250: 403 Client Error: Forbidden for url: https://my-tg-proxy.iwantbunnygirl.workers.dev/bot8603609103:AAENi9LYuF8bXjwK9E1oZIIpG21UNZeZW5s/sendMessage
[16:11:12] ▶ Раунд V-952 начался
[16:11:44] ✅ V-952   🔴5 vs 1🔵

  ──────────────────────────────────
  🔵 ПАТТЕРН!
  Синий — 1
  четыре подряд подряд
  ──────────────────────────────────
  ⬅️ [V-947]  🔴4  vs  2🔵
  ⬅️ [V-948]  🔴2  vs  4🔵
  🔥 [V-949]  🔴5  vs  1🔵
  🔥 [V-950]  🔴4  vs  1🔵
  🔥 [V-951]  🔴4  vs  1🔵
  🔥 [V-952]  🔴5  vs  1🔵
  ──────────────────────────────────

[16:11:50] ▶ Раунд V-953 начался
[16:12:22] ✅ V-953   🔴3 vs 5🔵
[16:12:28] ▶ Раунд V-954 начался
[16:13:00] ✅ V-954   🔴2 vs 5🔵

  ··································
  📊 СТАТИСТИКА!
  Синий — 1
  четыре подряд подряд
  ··································
  ⬅️ [V-947]  🔴4  vs  2🔵
  ⬅️ [V-948]  🔴2  vs  4🔵
  🔥 [V-949]  🔴5  vs  1🔵
  🔥 [V-950]  🔴4  vs  1🔵
  🔥 [V-951]  🔴4  vs  1🔵
  🔥 [V-952]  🔴5  vs  1🔵
  🆕 [V-953]  🔴3  vs  5🔵
  🆕 [V-954]  🔴2  vs  5🔵
  ··································


  ++++++++++++++++++++++++++++++++++
  🔵 НОВАЯ ПАРА!
  Синий — 5
  Длина цепочки: 6 раундов
  ++++++++++++++++++++++++++++++++++
     [V-949]  🔴5  vs  1🔵
     [V-950]  🔴4  vs  1🔵
     [V-951]  🔴4  vs  1🔵
     [V-952]  🔴5  vs  1🔵
     [V-953]  🔴3  vs  5🔵
     [V-954]  🔴2  vs  5🔵
  ++++++++++++++++++++++++++++++++++

[Telegram] Ошибка отправки сообщения в чат 1477129493: 403 Client Error: Forbidden for url: https://my-tg-proxy.iwantbunnygirl.workers.dev/bot8603609103:AAENi9LYuF8bXjwK9E1oZIIpG21UNZeZW5s/sendMessage
[Telegram] Ошибка отправки сообщения в чат 1329987939: 403 Client Error: Forbidden for url: https://my-tg-proxy.iwantbunnygirl.workers.dev/bot8603609103:AAENi9LYuF8bXjwK9E1oZIIpG21UNZeZW5s/sendMessage
[Telegram] Ошибка отправки сообщения в чат 705506250: 403 Client Error: Forbidden for url: https://my-tg-proxy.iwantbunnygirl.workers.dev/bot8603609103:AAENi9LYuF8bXjwK9E1oZIIpG21UNZeZW5s/sendMessage
[16:13:06] ▶ Раунд V-955 начался
[16:13:38] ✅ V-955   🔴1 vs 4🔵
[16:13:44] ▶ Раунд V-956 начался
[16:14:16] ✅ V-956   🔴4 vs 2🔵
[16:14:22] ▶ Раунд V-957 начался
[16:14:54] ✅ V-957   🔴4 vs 5🔵

  ++++++++++++++++++++++++++++++++++
  🔴 НОВАЯ ПАРА!
  Красный — 4
  Длина цепочки: 5 раундов
  ++++++++++++++++++++++++++++++++++
     [V-953]  🔴3  vs  5🔵
     [V-954]  🔴2  vs  5🔵
     [V-955]  🔴1  vs  4🔵
     [V-956]  🔴4  vs  2🔵
     [V-957]  🔴4  vs  5🔵
  ++++++++++++++++++++++++++++++++++

[Telegram] Ошибка отправки сообщения в чат 1477129493: 403 Client Error: Forbidden for url: https://my-tg-proxy.iwantbunnygirl.workers.dev/bot8603609103:AAENi9LYuF8bXjwK9E1oZIIpG21UNZeZW5s/sendMessage
[Telegram] Ошибка отправки сообщения в чат 1329987939: 403 Client Error: Forbidden for url: https://my-tg-proxy.iwantbunnygirl.workers.dev/bot8603609103:AAENi9LYuF8bXjwK9E1oZIIpG21UNZeZW5s/sendMessage
[Telegram] Ошибка отправки сообщения в чат 705506250: 403 Client Error: Forbidden for url: https://my-tg-proxy.iwantbunnygirl.workers.dev/bot8603609103:AAENi9LYuF8bXjwK9E1oZIIpG21UNZeZW5s/sendMessage
[16:15:00] ▶ Раунд V-958 начался
[16:15:32] ✅ V-958   🔴6 vs 5🔵
[16:15:38] ▶ Раунд V-959 начался
[16:16:10] ✅ V-959   🔴5 vs 3🔵
[16:16:15] ▶ Раунд V-960 начался
[16:16:47] ✅ V-960   🔴4 vs 1🔵
[16:16:53] ▶ Раунд V-961 начался
[16:17:25] ✅ V-961   🔴2 vs 1🔵

  ~~~~~~~~~~~~~~~~~~~~~~~~~~~~~~~~~~
  🎲 МНОГО ПОСЛЕДОВАТЕЛЬНОСТЕЙ!
  Найдено: 4
  🔵55, 🔴44, 🔵55, 🔵11
  ~~~~~~~~~~~~~~~~~~~~~~~~~~~~~~~~~~
  🔥 [V-953]  🔴3  vs  5🔵
  🔥 [V-954]  🔴2  vs  5🔵
     [V-955]  🔴1  vs  4🔵
  🔥 [V-956]  🔴4  vs  2🔵
  🔥 [V-957]  🔴4  vs  5🔵
  🔥 [V-958]  🔴6  vs  5🔵
     [V-959]  🔴5  vs  3🔵
  🔥 [V-960]  🔴4  vs  1🔵
  🔥 [V-961]  🔴2  vs  1🔵
  ~~~~~~~~~~~~~~~~~~~~~~~~~~~~~~~~~~

[Telegram] Ошибка отправки сообщения в чат 1477129493: 403 Client Error: Forbidden for url: https://my-tg-proxy.iwantbunnygirl.workers.dev/bot8603609103:AAENi9LYuF8bXjwK9E1oZIIpG21UNZeZW5s/sendMessage
[Telegram] Ошибка отправки сообщения в чат 1329987939: 403 Client Error: Forbidden for url: https://my-tg-proxy.iwantbunnygirl.workers.dev/bot8603609103:AAENi9LYuF8bXjwK9E1oZIIpG21UNZeZW5s/sendMessage
[Telegram] Ошибка отправки сообщения в чат 705506250: 403 Client Error: Forbidden for url: https://my-tg-proxy.iwantbunnygirl.workers.dev/bot8603609103:AAENi9LYuF8bXjwK9E1oZIIpG21UNZeZW5s/sendMessage

  ++++++++++++++++++++++++++++++++++
  🔵 НОВАЯ ПАРА!
  Синий — 1
  Длина цепочки: 6 раундов
  ++++++++++++++++++++++++++++++++++
     [V-956]  🔴4  vs  2🔵
     [V-957]  🔴4  vs  5🔵
     [V-958]  🔴6  vs  5🔵
     [V-959]  🔴5  vs  3🔵
     [V-960]  🔴4  vs  1🔵
     [V-961]  🔴2  vs  1🔵
  ++++++++++++++++++++++++++++++++++

[Telegram] Ошибка отправки сообщения в чат 1477129493: 403 Client Error: Forbidden for url: https://my-tg-proxy.iwantbunnygirl.workers.dev/bot8603609103:AAENi9LYuF8bXjwK9E1oZIIpG21UNZeZW5s/sendMessage
[Telegram] Ошибка отправки сообщения в чат 1329987939: 403 Client Error: Forbidden for url: https://my-tg-proxy.iwantbunnygirl.workers.dev/bot8603609103:AAENi9LYuF8bXjwK9E1oZIIpG21UNZeZW5s/sendMessage
[Telegram] Ошибка отправки сообщения в чат 705506250: 403 Client Error: Forbidden for url: https://my-tg-proxy.iwantbunnygirl.workers.dev/bot8603609103:AAENi9LYuF8bXjwK9E1oZIIpG21UNZeZW5s/sendMessage
[16:17:31] ▶ Раунд V-962 начался
[16:18:03] ✅ V-962   🔴6 vs 3🔵
[16:18:09] ▶ Раунд V-963 начался
[16:18:41] ✅ V-963   🔴5 vs 5🔵
[16:18:47] ▶ Раунд V-964 начался
[16:19:19] ✅ V-964   🔴6 vs 3🔵
[16:19:25] ▶ Раунд V-965 начался
[16:19:57] ✅ V-965   🔴4 vs 5🔵
[16:20:03] ▶ Раунд V-966 начался
[16:20:35] ✅ V-966   🔴4 vs 4🔵

  ++++++++++++++++++++++++++++++++++
  🔴 НОВАЯ ПАРА!
  Красный — 4
  Длина цепочки: 7 раундов
  ++++++++++++++++++++++++++++++++++
     [V-960]  🔴4  vs  1🔵
     [V-961]  🔴2  vs  1🔵
     [V-962]  🔴6  vs  3🔵
     [V-963]  🔴5  vs  5🔵
     [V-964]  🔴6  vs  3🔵
     [V-965]  🔴4  vs  5🔵
     [V-966]  🔴4  vs  4🔵
  ++++++++++++++++++++++++++++++++++

[Telegram] Ошибка отправки сообщения в чат 1477129493: 403 Client Error: Forbidden for url: https://my-tg-proxy.iwantbunnygirl.workers.dev/bot8603609103:AAENi9LYuF8bXjwK9E1oZIIpG21UNZeZW5s/sendMessage
[Telegram] Ошибка отправки сообщения в чат 1329987939: 403 Client Error: Forbidden for url: https://my-tg-proxy.iwantbunnygirl.workers.dev/bot8603609103:AAENi9LYuF8bXjwK9E1oZIIpG21UNZeZW5s/sendMessage
[Telegram] Ошибка отправки сообщения в чат 705506250: 403 Client Error: Forbidden for url: https://my-tg-proxy.iwantbunnygirl.workers.dev/bot8603609103:AAENi9LYuF8bXjwK9E1oZIIpG21UNZeZW5s/sendMessage
[16:20:41] ▶ Раунд V-967 начался
[16:21:13] ✅ V-967   🔴5 vs 3🔵

  ##################################
  🔴 XOX-ПАТТЕРН!
  Красный — 5
  Шаблон: xoooxooox
  ##################################
  🎯 [V-959]  🔴5  vs  3🔵
     [V-960]  🔴4  vs  1🔵
     [V-961]  🔴2  vs  1🔵
     [V-962]  🔴6  vs  3🔵
  🎯 [V-963]  🔴5  vs  5🔵
     [V-964]  🔴6  vs  3🔵
     [V-965]  🔴4  vs  5🔵
     [V-966]  🔴4  vs  4🔵
  🎯 [V-967]  🔴5  vs  3🔵
  ##################################

[16:21:19] ▶ Раунд V-968 начался
[16:21:51] ✅ V-968   🔴5 vs 6🔵

  ++++++++++++++++++++++++++++++++++
  🔴 НОВАЯ ПАРА!
  Красный — 5
  Длина цепочки: 4 раундов
  ++++++++++++++++++++++++++++++++++
     [V-965]  🔴4  vs  5🔵
     [V-966]  🔴4  vs  4🔵
     [V-967]  🔴5  vs  3🔵
     [V-968]  🔴5  vs  6🔵
  ++++++++++++++++++++++++++++++++++

[Telegram] Ошибка отправки сообщения в чат 1477129493: 403 Client Error: Forbidden for url: https://my-tg-proxy.iwantbunnygirl.workers.dev/bot8603609103:AAENi9LYuF8bXjwK9E1oZIIpG21UNZeZW5s/sendMessage
[Telegram] Ошибка отправки сообщения в чат 1329987939: 403 Client Error: Forbidden for url: https://my-tg-proxy.iwantbunnygirl.workers.dev/bot8603609103:AAENi9LYuF8bXjwK9E1oZIIpG21UNZeZW5s/sendMessage
[Telegram] Ошибка отправки сообщения в чат 705506250: 403 Client Error: Forbidden for url: https://my-tg-proxy.iwantbunnygirl.workers.dev/bot8603609103:AAENi9LYuF8bXjwK9E1oZIIpG21UNZeZW5s/sendMessage
[16:21:57] ▶ Раунд V-969 начался
[16:22:29] ✅ V-969   🔴6 vs 6🔵
[16:22:35] ▶ Раунд V-970 начался
[16:23:07] ✅ V-970   🔴3 vs 6🔵
[16:23:13] ▶ Раунд V-971 начался
[16:23:45] ✅ V-971   🔴5 vs 6🔵

  ──────────────────────────────────
  🔵 ПАТТЕРН!
  Синий — 6
  четыре подряд подряд
  ──────────────────────────────────
  ⬅️ [V-966]  🔴4  vs  4🔵
  ⬅️ [V-967]  🔴5  vs  3🔵
  🔥 [V-968]  🔴5  vs  6🔵
  🔥 [V-969]  🔴6  vs  6🔵
  🔥 [V-970]  🔴3  vs  6🔵
  🔥 [V-971]  🔴5  vs  6🔵
  ──────────────────────────────────

[16:23:51] ▶ Раунд V-972 начался
[16:24:23] ✅ V-972   🔴1 vs 4🔵
[16:24:29] ▶ Раунд V-973 начался
[16:25:01] ✅ V-973   🔴3 vs 4🔵

  ··································
  📊 СТАТИСТИКА!
  Синий — 6
  четыре подряд подряд
  ··································
  ⬅️ [V-966]  🔴4  vs  4🔵
  ⬅️ [V-967]  🔴5  vs  3🔵
  🔥 [V-968]  🔴5  vs  6🔵
  🔥 [V-969]  🔴6  vs  6🔵
  🔥 [V-970]  🔴3  vs  6🔵
  🔥 [V-971]  🔴5  vs  6🔵
  🆕 [V-972]  🔴1  vs  4🔵
  🆕 [V-973]  🔴3  vs  4🔵
  ··································


  ~~~~~~~~~~~~~~~~~~~~~~~~~~~~~~~~~~
  🎲 МНОГО ПОСЛЕДОВАТЕЛЬНОСТЕЙ!
  Найдено: 4
  🔴44, 🔴55, 🔵66, 🔵44
  ~~~~~~~~~~~~~~~~~~~~~~~~~~~~~~~~~~
  🔥 [V-965]  🔴4  vs  5🔵
  🔥 [V-966]  🔴4  vs  4🔵
  🔥 [V-967]  🔴5  vs  3🔵
  🔥 [V-968]  🔴5  vs  6🔵
  🔥 [V-969]  🔴6  vs  6🔵
     [V-970]  🔴3  vs  6🔵
     [V-971]  🔴5  vs  6🔵
  🔥 [V-972]  🔴1  vs  4🔵
  🔥 [V-973]  🔴3  vs  4🔵
  ~~~~~~~~~~~~~~~~~~~~~~~~~~~~~~~~~~

[Telegram] Ошибка отправки сообщения в чат 1477129493: 403 Client Error: Forbidden for url: https://my-tg-proxy.iwantbunnygirl.workers.dev/bot8603609103:AAENi9LYuF8bXjwK9E1oZIIpG21UNZeZW5s/sendMessage
[Telegram] Ошибка отправки сообщения в чат 1329987939: 403 Client Error: Forbidden for url: https://my-tg-proxy.iwantbunnygirl.workers.dev/bot8603609103:AAENi9LYuF8bXjwK9E1oZIIpG21UNZeZW5s/sendMessage
[Telegram] Ошибка отправки сообщения в чат 705506250: 403 Client Error: Forbidden for url: https://my-tg-proxy.iwantbunnygirl.workers.dev/bot8603609103:AAENi9LYuF8bXjwK9E1oZIIpG21UNZeZW5s/sendMessage

  ++++++++++++++++++++++++++++++++++
  🔵 НОВАЯ ПАРА!
  Синий — 4
  Длина цепочки: 7 раундов
  ++++++++++++++++++++++++++++++++++
     [V-967]  🔴5  vs  3🔵
     [V-968]  🔴5  vs  6🔵
     [V-969]  🔴6  vs  6🔵
     [V-970]  🔴3  vs  6🔵
     [V-971]  🔴5  vs  6🔵
     [V-972]  🔴1  vs  4🔵
     [V-973]  🔴3  vs  4🔵
  ++++++++++++++++++++++++++++++++++

[Telegram] Ошибка отправки сообщения в чат 1477129493: 403 Client Error: Forbidden for url: https://my-tg-proxy.iwantbunnygirl.workers.dev/bot8603609103:AAENi9LYuF8bXjwK9E1oZIIpG21UNZeZW5s/sendMessage
[Telegram] Ошибка отправки сообщения в чат 1329987939: 403 Client Error: Forbidden for url: https://my-tg-proxy.iwantbunnygirl.workers.dev/bot8603609103:AAENi9LYuF8bXjwK9E1oZIIpG21UNZeZW5s/sendMessage
[Telegram] Ошибка отправки сообщения в чат 705506250: 403 Client Error: Forbidden for url: https://my-tg-proxy.iwantbunnygirl.workers.dev/bot8603609103:AAENi9LYuF8bXjwK9E1oZIIpG21UNZeZW5s/sendMessage
[16:25:07] ▶ Раунд V-974 начался
[16:25:39] ✅ V-974   🔴2 vs 1🔵
[16:25:45] ▶ Раунд V-975 начался
[16:26:17] ✅ V-975   🔴1 vs 4🔵
[16:26:23] ▶ Раунд V-976 начался
[16:26:55] ✅ V-976   🔴6 vs 6🔵
[16:27:01] ▶ Раунд V-977 начался
[16:27:33] ✅ V-977   🔴3 vs 2🔵
[16:27:39] ▶ Раунд V-978 начался
[16:28:11] ✅ V-978   🔴6 vs 1🔵
[16:28:17] ▶ Раунд V-979 начался
[16:28:49] ✅ V-979   🔴3 vs 6🔵
[16:28:55] ▶ Раунд V-980 начался
[16:29:27] ✅ V-980   🔴3 vs 3🔵

  ++++++++++++++++++++++++++++++++++
  🔴 НОВАЯ ПАРА!
  Красный — 3
  Длина цепочки: 9 раундов
  ++++++++++++++++++++++++++++++++++
     [V-972]  🔴1  vs  4🔵
     [V-973]  🔴3  vs  4🔵
     [V-974]  🔴2  vs  1🔵
     [V-975]  🔴1  vs  4🔵
     [V-976]  🔴6  vs  6🔵
     [V-977]  🔴3  vs  2🔵
     [V-978]  🔴6  vs  1🔵
     [V-979]  🔴3  vs  6🔵
     [V-980]  🔴3  vs  3🔵
  ++++++++++++++++++++++++++++++++++

[Telegram] Ошибка отправки сообщения в чат 1477129493: 403 Client Error: Forbidden for url: https://my-tg-proxy.iwantbunnygirl.workers.dev/bot8603609103:AAENi9LYuF8bXjwK9E1oZIIpG21UNZeZW5s/sendMessage
[Telegram] Ошибка отправки сообщения в чат 1329987939: 403 Client Error: Forbidden for url: https://my-tg-proxy.iwantbunnygirl.workers.dev/bot8603609103:AAENi9LYuF8bXjwK9E1oZIIpG21UNZeZW5s/sendMessage
[Telegram] Ошибка отправки сообщения в чат 705506250: 403 Client Error: Forbidden for url: https://my-tg-proxy.iwantbunnygirl.workers.dev/bot8603609103:AAENi9LYuF8bXjwK9E1oZIIpG21UNZeZW5s/sendMessage
[16:29:33] ▶ Раунд V-981 начался
[16:30:05] ✅ V-981   🔴6 vs 4🔵
[16:30:11] ▶ Раунд V-982 начался
[16:30:43] ✅ V-982   🔴3 vs 2🔵
[16:30:49] ▶ Раунд V-983 начался
[16:31:21] ✅ V-983   🔴2 vs 5🔵
[16:31:27] ▶ Раунд V-984 начался
[16:31:59] ✅ V-984   🔴2 vs 6🔵

  ++++++++++++++++++++++++++++++++++
  🔴 НОВАЯ ПАРА!
  Красный — 2
  Длина цепочки: 6 раундов
  ++++++++++++++++++++++++++++++++++
     [V-979]  🔴3  vs  6🔵
     [V-980]  🔴3  vs  3🔵
     [V-981]  🔴6  vs  4🔵
     [V-982]  🔴3  vs  2🔵
     [V-983]  🔴2  vs  5🔵
     [V-984]  🔴2  vs  6🔵
  ++++++++++++++++++++++++++++++++++

[Telegram] Ошибка отправки сообщения в чат 1477129493: 403 Client Error: Forbidden for url: https://my-tg-proxy.iwantbunnygirl.workers.dev/bot8603609103:AAENi9LYuF8bXjwK9E1oZIIpG21UNZeZW5s/sendMessage
[Telegram] Ошибка отправки сообщения в чат 1329987939: 403 Client Error: Forbidden for url: https://my-tg-proxy.iwantbunnygirl.workers.dev/bot8603609103:AAENi9LYuF8bXjwK9E1oZIIpG21UNZeZW5s/sendMessage
[Telegram] Ошибка отправки сообщения в чат 705506250: 403 Client Error: Forbidden for url: https://my-tg-proxy.iwantbunnygirl.workers.dev/bot8603609103:AAENi9LYuF8bXjwK9E1oZIIpG21UNZeZW5s/sendMessage
[16:32:05] ▶ Раунд V-985 начался
[16:32:37] ✅ V-985   🔴3 vs 5🔵
[16:32:43] ▶ Раунд V-986 начался
[16:33:15] ✅ V-986   🔴5 vs 5🔵

  ++++++++++++++++++++++++++++++++++
  🔵 НОВАЯ ПАРА!
  Синий — 5
  Длина цепочки: 4 раундов
  ++++++++++++++++++++++++++++++++++
     [V-983]  🔴2  vs  5🔵
     [V-984]  🔴2  vs  6🔵
     [V-985]  🔴3  vs  5🔵
     [V-986]  🔴5  vs  5🔵
  ++++++++++++++++++++++++++++++++++

[Telegram] Ошибка отправки сообщения в чат 1477129493: 403 Client Error: Forbidden for url: https://my-tg-proxy.iwantbunnygirl.workers.dev/bot8603609103:AAENi9LYuF8bXjwK9E1oZIIpG21UNZeZW5s/sendMessage
[Telegram] Ошибка отправки сообщения в чат 1329987939: 403 Client Error: Forbidden for url: https://my-tg-proxy.iwantbunnygirl.workers.dev/bot8603609103:AAENi9LYuF8bXjwK9E1oZIIpG21UNZeZW5s/sendMessage
[Telegram] Ошибка отправки сообщения в чат 705506250: 403 Client Error: Forbidden for url: https://my-tg-proxy.iwantbunnygirl.workers.dev/bot8603609103:AAENi9LYuF8bXjwK9E1oZIIpG21UNZeZW5s/sendMessage
[16:33:21] ▶ Раунд V-987 начался
[16:33:53] ✅ V-987   🔴3 vs 5🔵
[16:33:59] ▶ Раунд V-988 начался
[16:34:31] ✅ V-988   🔴4 vs 3🔵
[16:34:37] ▶ Раунд V-989 начался
[16:35:09] ✅ V-989   🔴5 vs 4🔵
[16:35:15] ▶ Раунд V-990 начался
[16:35:47] ✅ V-990   🔴5 vs 4🔵

  ~~~~~~~~~~~~~~~~~~~~~~~~~~~~~~~~~~
  🎲 МНОГО ПОСЛЕДОВАТЕЛЬНОСТЕЙ!
  Найдено: 4
  🔴33, 🔴22, 🔵55, 🔴55
  ~~~~~~~~~~~~~~~~~~~~~~~~~~~~~~~~~~
  🔥 [V-979]  🔴3  vs  6🔵
  🔥 [V-980]  🔴3  vs  3🔵
     [V-981]  🔴6  vs  4🔵
     [V-982]  🔴3  vs  2🔵
  🔥 [V-983]  🔴2  vs  5🔵
  🔥 [V-984]  🔴2  vs  6🔵
  🔥 [V-985]  🔴3  vs  5🔵
  🔥 [V-986]  🔴5  vs  5🔵
     [V-987]  🔴3  vs  5🔵
     [V-988]  🔴4  vs  3🔵
  🔥 [V-989]  🔴5  vs  4🔵
  🔥 [V-990]  🔴5  vs  4🔵
  ~~~~~~~~~~~~~~~~~~~~~~~~~~~~~~~~~~

[Telegram] Ошибка отправки сообщения в чат 1477129493: 403 Client Error: Forbidden for url: https://my-tg-proxy.iwantbunnygirl.workers.dev/bot8603609103:AAENi9LYuF8bXjwK9E1oZIIpG21UNZeZW5s/sendMessage
[Telegram] Ошибка отправки сообщения в чат 1329987939: 403 Client Error: Forbidden for url: https://my-tg-proxy.iwantbunnygirl.workers.dev/bot8603609103:AAENi9LYuF8bXjwK9E1oZIIpG21UNZeZW5s/sendMessage
[Telegram] Ошибка отправки сообщения в чат 705506250: 403 Client Error: Forbidden for url: https://my-tg-proxy.iwantbunnygirl.workers.dev/bot8603609103:AAENi9LYuF8bXjwK9E1oZIIpG21UNZeZW5s/sendMessage

  ++++++++++++++++++++++++++++++++++
  🔴 НОВАЯ ПАРА!
  Красный — 5
  Длина цепочки: 6 раундов
  ++++++++++++++++++++++++++++++++++
     [V-985]  🔴3  vs  5🔵
     [V-986]  🔴5  vs  5🔵
     [V-987]  🔴3  vs  5🔵
     [V-988]  🔴4  vs  3🔵
     [V-989]  🔴5  vs  4🔵
     [V-990]  🔴5  vs  4🔵
  ++++++++++++++++++++++++++++++++++

[Telegram] Ошибка отправки сообщения в чат 1477129493: 403 Client Error: Forbidden for url: https://my-tg-proxy.iwantbunnygirl.workers.dev/bot8603609103:AAENi9LYuF8bXjwK9E1oZIIpG21UNZeZW5s/sendMessage
[Telegram] Ошибка отправки сообщения в чат 1329987939: 403 Client Error: Forbidden for url: https://my-tg-proxy.iwantbunnygirl.workers.dev/bot8603609103:AAENi9LYuF8bXjwK9E1oZIIpG21UNZeZW5s/sendMessage
[Telegram] Ошибка отправки сообщения в чат 705506250: 403 Client Error: Forbidden for url: https://my-tg-proxy.iwantbunnygirl.workers.dev/bot8603609103:AAENi9LYuF8bXjwK9E1oZIIpG21UNZeZW5s/sendMessage
[16:35:53] ▶ Раунд V-991 начался
[16:36:25] ✅ V-991   🔴5 vs 1🔵
[16:36:31] ▶ Раунд V-992 начался
[16:37:03] ✅ V-992   🔴3 vs 4🔵
[16:37:09] ▶ Раунд V-993 начался
[16:37:41] ✅ V-993   🔴1 vs 1🔵
[16:37:47] ▶ Раунд V-994 начался
[16:38:19] ✅ V-994   🔴3 vs 4🔵

  ##################################
  🔵 XOX-ПАТТЕРН!
  Синий — 4
  Шаблон: xoxox
  ##################################
  🎯 [V-990]  🔴5  vs  4🔵
     [V-991]  🔴5  vs  1🔵
  🎯 [V-992]  🔴3  vs  4🔵
     [V-993]  🔴1  vs  1🔵
  🎯 [V-994]  🔴3  vs  4🔵
  ##################################

[16:38:25] ▶ Раунд V-995 начался
[16:38:57] ✅ V-995   🔴3 vs 1🔵

  ##################################
  🔵 XOX-ПАТТЕРН!
  Синий — 1
  Шаблон: xoxox
  ##################################
  🎯 [V-991]  🔴5  vs  1🔵
     [V-992]  🔴3  vs  4🔵
  🎯 [V-993]  🔴1  vs  1🔵
     [V-994]  🔴3  vs  4🔵
  🎯 [V-995]  🔴3  vs  1🔵
  ##################################


  ++++++++++++++++++++++++++++++++++
  🔴 НОВАЯ ПАРА!
  Красный — 3
  Длина цепочки: 7 раундов
  ++++++++++++++++++++++++++++++++++
     [V-989]  🔴5  vs  4🔵
     [V-990]  🔴5  vs  4🔵
     [V-991]  🔴5  vs  1🔵
     [V-992]  🔴3  vs  4🔵
     [V-993]  🔴1  vs  1🔵
     [V-994]  🔴3  vs  4🔵
     [V-995]  🔴3  vs  1🔵
  ++++++++++++++++++++++++++++++++++

[Telegram] Ошибка отправки сообщения в чат 1477129493: 403 Client Error: Forbidden for url: https://my-tg-proxy.iwantbunnygirl.workers.dev/bot8603609103:AAENi9LYuF8bXjwK9E1oZIIpG21UNZeZW5s/sendMessage
[Telegram] Ошибка отправки сообщения в чат 1329987939: 403 Client Error: Forbidden for url: https://my-tg-proxy.iwantbunnygirl.workers.dev/bot8603609103:AAENi9LYuF8bXjwK9E1oZIIpG21UNZeZW5s/sendMessage
[Telegram] Ошибка отправки сообщения в чат 705506250: 403 Client Error: Forbidden for url: https://my-tg-proxy.iwantbunnygirl.workers.dev/bot8603609103:AAENi9LYuF8bXjwK9E1oZIIpG21UNZeZW5s/sendMessage
[16:39:03] ▶ Раунд V-996 начался
[16:39:35] ✅ V-996   🔴4 vs 1🔵
[16:39:41] ▶ Раунд V-997 начался
[16:40:13] ✅ V-997   🔴4 vs 3🔵

  ~~~~~~~~~~~~~~~~~~~~~~~~~~~~~~~~~~
  🎲 МНОГО ПОСЛЕДОВАТЕЛЬНОСТЕЙ!
  Найдено: 4
  🔵44, 🔴33, 🔵11, 🔴44
  ~~~~~~~~~~~~~~~~~~~~~~~~~~~~~~~~~~
  🔥 [V-989]  🔴5  vs  4🔵
  🔥 [V-990]  🔴5  vs  4🔵
     [V-991]  🔴5  vs  1🔵
     [V-992]  🔴3  vs  4🔵
     [V-993]  🔴1  vs  1🔵
  🔥 [V-994]  🔴3  vs  4🔵
  🔥 [V-995]  🔴3  vs  1🔵
  🔥 [V-996]  🔴4  vs  1🔵
  🔥 [V-997]  🔴4  vs  3🔵
  ~~~~~~~~~~~~~~~~~~~~~~~~~~~~~~~~~~

[Telegram] Ошибка отправки сообщения в чат 1477129493: 403 Client Error: Forbidden for url: https://my-tg-proxy.iwantbunnygirl.workers.dev/bot8603609103:AAENi9LYuF8bXjwK9E1oZIIpG21UNZeZW5s/sendMessage
[Telegram] Ошибка отправки сообщения в чат 1329987939: 403 Client Error: Forbidden for url: https://my-tg-proxy.iwantbunnygirl.workers.dev/bot8603609103:AAENi9LYuF8bXjwK9E1oZIIpG21UNZeZW5s/sendMessage
[Telegram] Ошибка отправки сообщения в чат 705506250: 403 Client Error: Forbidden for url: https://my-tg-proxy.iwantbunnygirl.workers.dev/bot8603609103:AAENi9LYuF8bXjwK9E1oZIIpG21UNZeZW5s/sendMessage

  ++++++++++++++++++++++++++++++++++
  🔴 НОВАЯ ПАРА!
  Красный — 4
  Длина цепочки: 4 раундов
  ++++++++++++++++++++++++++++++++++
     [V-994]  🔴3  vs  4🔵
     [V-995]  🔴3  vs  1🔵
     [V-996]  🔴4  vs  1🔵
     [V-997]  🔴4  vs  3🔵
  ++++++++++++++++++++++++++++++++++

[Telegram] Ошибка отправки сообщения в чат 1477129493: 403 Client Error: Forbidden for url: https://my-tg-proxy.iwantbunnygirl.workers.dev/bot8603609103:AAENi9LYuF8bXjwK9E1oZIIpG21UNZeZW5s/sendMessage
[Telegram] Ошибка отправки сообщения в чат 1329987939: 403 Client Error: Forbidden for url: https://my-tg-proxy.iwantbunnygirl.workers.dev/bot8603609103:AAENi9LYuF8bXjwK9E1oZIIpG21UNZeZW5s/sendMessage
[Telegram] Ошибка отправки сообщения в чат 705506250: 403 Client Error: Forbidden for url: https://my-tg-proxy.iwantbunnygirl.workers.dev/bot8603609103:AAENi9LYuF8bXjwK9E1oZIIpG21UNZeZW5s/sendMessage
[16:40:19] ▶ Раунд V-998 начался
[16:40:51] ✅ V-998   🔴4 vs 3🔵
[16:40:57] ▶ Раунд V-999 начался
[16:41:29] ✅ V-999   🔴3 vs 6🔵
[16:41:35] ▶ Раунд W-001 начался
[16:42:07] ✅ W-001   🔴3 vs 5🔵

  ++++++++++++++++++++++++++++++++++
  🔴 НОВАЯ ПАРА!
  Красный — 3
  Длина цепочки: 5 раундов
  ++++++++++++++++++++++++++++++++++
     [V-996]  🔴4  vs  1🔵
     [V-997]  🔴4  vs  3🔵
     [V-998]  🔴4  vs  3🔵
     [V-999]  🔴3  vs  6🔵
     [W-001]  🔴3  vs  5🔵
  ++++++++++++++++++++++++++++++++++

[Telegram] Ошибка отправки сообщения в чат 1477129493: 403 Client Error: Forbidden for url: https://my-tg-proxy.iwantbunnygirl.workers.dev/bot8603609103:AAENi9LYuF8bXjwK9E1oZIIpG21UNZeZW5s/sendMessage
[Telegram] Ошибка отправки сообщения в чат 1329987939: 403 Client Error: Forbidden for url: https://my-tg-proxy.iwantbunnygirl.workers.dev/bot8603609103:AAENi9LYuF8bXjwK9E1oZIIpG21UNZeZW5s/sendMessage
[Telegram] Ошибка отправки сообщения в чат 705506250: 403 Client Error: Forbidden for url: https://my-tg-proxy.iwantbunnygirl.workers.dev/bot8603609103:AAENi9LYuF8bXjwK9E1oZIIpG21UNZeZW5s/sendMessage
[16:42:13] ▶ Раунд W-002 начался
[16:42:45] ✅ W-002   🔴5 vs 2🔵
[16:42:51] ▶ Раунд W-003 начался
[16:43:23] ✅ W-003   🔴3 vs 1🔵
[16:43:29] ▶ Раунд W-004 начался
[16:44:01] ✅ W-004   🔴5 vs 4🔵
[16:44:07] ▶ Раунд W-005 начался
[16:44:39] ✅ W-005   🔴2 vs 5🔵
[16:44:45] ▶ Раунд W-006 начался
[16:45:17] ✅ W-006   🔴6 vs 5🔵

  ++++++++++++++++++++++++++++++++++
  🔵 НОВАЯ ПАРА!
  Синий — 5
  Длина цепочки: 7 раундов
  ++++++++++++++++++++++++++++++++++
     [V-999]  🔴3  vs  6🔵
     [W-001]  🔴3  vs  5🔵
     [W-002]  🔴5  vs  2🔵
     [W-003]  🔴3  vs  1🔵
     [W-004]  🔴5  vs  4🔵
     [W-005]  🔴2  vs  5🔵
     [W-006]  🔴6  vs  5🔵
  ++++++++++++++++++++++++++++++++++

[Telegram] Ошибка отправки сообщения в чат 1477129493: 403 Client Error: Forbidden for url: https://my-tg-proxy.iwantbunnygirl.workers.dev/bot8603609103:AAENi9LYuF8bXjwK9E1oZIIpG21UNZeZW5s/sendMessage
[Telegram] Ошибка отправки сообщения в чат 1329987939: 403 Client Error: Forbidden for url: https://my-tg-proxy.iwantbunnygirl.workers.dev/bot8603609103:AAENi9LYuF8bXjwK9E1oZIIpG21UNZeZW5s/sendMessage
[Telegram] Ошибка отправки сообщения в чат 705506250: 403 Client Error: Forbidden for url: https://my-tg-proxy.iwantbunnygirl.workers.dev/bot8603609103:AAENi9LYuF8bXjwK9E1oZIIpG21UNZeZW5s/sendMessage
[16:45:23] ▶ Раунд W-007 начался
[16:45:55] ✅ W-007   🔴5 vs 2🔵
[16:46:01] ▶ Раунд W-008 начался
[16:46:33] ✅ W-008   🔴2 vs 6🔵
[16:46:39] ▶ Раунд W-009 начался
[16:47:11] ✅ W-009   🔴4 vs 1🔵

  ##################################
  🔵 XOX-ПАТТЕРН!
  Синий — 1
  Шаблон: xoooooxooooox
  ##################################
  🎯 [V-996]  🔴4  vs  1🔵
     [V-997]  🔴4  vs  3🔵
     [V-998]  🔴4  vs  3🔵
     [V-999]  🔴3  vs  6🔵
     [W-001]  🔴3  vs  5🔵
     [W-002]  🔴5  vs  2🔵
  🎯 [W-003]  🔴3  vs  1🔵
     [W-004]  🔴5  vs  4🔵
     [W-005]  🔴2  vs  5🔵
     [W-006]  🔴6  vs  5🔵
     [W-007]  🔴5  vs  2🔵
     [W-008]  🔴2  vs  6🔵
  🎯 [W-009]  🔴4  vs  1🔵
  ##################################

[16:47:17] ▶ Раунд W-010 начался
[16:47:49] ✅ W-010   🔴2 vs 6🔵
[16:47:55] ▶ Раунд W-011 начался
[16:48:27] ✅ W-011   🔴2 vs 1🔵

  ~~~~~~~~~~~~~~~~~~~~~~~~~~~~~~~~~~
  🎲 МНОГО ПОСЛЕДОВАТЕЛЬНОСТЕЙ!
  Найдено: 4
  🔵33, 🔴33, 🔵55, 🔴22
  ~~~~~~~~~~~~~~~~~~~~~~~~~~~~~~~~~~
  🔥 [V-997]  🔴4  vs  3🔵
  🔥 [V-998]  🔴4  vs  3🔵
  🔥 [V-999]  🔴3  vs  6🔵
  🔥 [W-001]  🔴3  vs  5🔵
     [W-002]  🔴5  vs  2🔵
     [W-003]  🔴3  vs  1🔵
     [W-004]  🔴5  vs  4🔵
  🔥 [W-005]  🔴2  vs  5🔵
  🔥 [W-006]  🔴6  vs  5🔵
     [W-007]  🔴5  vs  2🔵
     [W-008]  🔴2  vs  6🔵
     [W-009]  🔴4  vs  1🔵
  🔥 [W-010]  🔴2  vs  6🔵
  🔥 [W-011]  🔴2  vs  1🔵
  ~~~~~~~~~~~~~~~~~~~~~~~~~~~~~~~~~~

[Telegram] Ошибка отправки сообщения в чат 1477129493: 403 Client Error: Forbidden for url: https://my-tg-proxy.iwantbunnygirl.workers.dev/bot8603609103:AAENi9LYuF8bXjwK9E1oZIIpG21UNZeZW5s/sendMessage
[Telegram] Ошибка отправки сообщения в чат 1329987939: 403 Client Error: Forbidden for url: https://my-tg-proxy.iwantbunnygirl.workers.dev/bot8603609103:AAENi9LYuF8bXjwK9E1oZIIpG21UNZeZW5s/sendMessage
[Telegram] Ошибка отправки сообщения в чат 705506250: 403 Client Error: Forbidden for url: https://my-tg-proxy.iwantbunnygirl.workers.dev/bot8603609103:AAENi9LYuF8bXjwK9E1oZIIpG21UNZeZW5s/sendMessage

  ++++++++++++++++++++++++++++++++++
  🔴 НОВАЯ ПАРА!
  Красный — 2
  Длина цепочки: 7 раундов
  ++++++++++++++++++++++++++++++++++
     [W-005]  🔴2  vs  5🔵
     [W-006]  🔴6  vs  5🔵
     [W-007]  🔴5  vs  2🔵
     [W-008]  🔴2  vs  6🔵
     [W-009]  🔴4  vs  1🔵
     [W-010]  🔴2  vs  6🔵
     [W-011]  🔴2  vs  1🔵
  ++++++++++++++++++++++++++++++++++

[Telegram] Ошибка отправки сообщения в чат 1477129493: 403 Client Error: Forbidden for url: https://my-tg-proxy.iwantbunnygirl.workers.dev/bot8603609103:AAENi9LYuF8bXjwK9E1oZIIpG21UNZeZW5s/sendMessage
[Telegram] Ошибка отправки сообщения в чат 1329987939: 403 Client Error: Forbidden for url: https://my-tg-proxy.iwantbunnygirl.workers.dev/bot8603609103:AAENi9LYuF8bXjwK9E1oZIIpG21UNZeZW5s/sendMessage
[Telegram] Ошибка отправки сообщения в чат 705506250: 403 Client Error: Forbidden for url: https://my-tg-proxy.iwantbunnygirl.workers.dev/bot8603609103:AAENi9LYuF8bXjwK9E1oZIIpG21UNZeZW5s/sendMessage
[16:48:33] ▶ Раунд W-012 начался
[16:49:05] ✅ W-012   🔴3 vs 1🔵
[16:49:11] ▶ Раунд W-013 начался
[16:49:43] ✅ W-013   🔴2 vs 5🔵
[16:49:49] ▶ Раунд W-014 начался
[16:50:21] ✅ W-014   🔴4 vs 6🔵
[16:50:27] ▶ Раунд W-015 начался
[16:50:59] ✅ W-015   🔴1 vs 2🔵
[16:51:05] ▶ Раунд W-016 начался
[16:51:37] ✅ W-016   🔴4 vs 2🔵

  ++++++++++++++++++++++++++++++++++
  🔵 НОВАЯ ПАРА!
  Синий — 2
  Длина цепочки: 7 раундов
  ++++++++++++++++++++++++++++++++++
     [W-010]  🔴2  vs  6🔵
     [W-011]  🔴2  vs  1🔵
     [W-012]  🔴3  vs  1🔵
     [W-013]  🔴2  vs  5🔵
     [W-014]  🔴4  vs  6🔵
     [W-015]  🔴1  vs  2🔵
     [W-016]  🔴4  vs  2🔵
  ++++++++++++++++++++++++++++++++++

[Telegram] Ошибка отправки сообщения в чат 1477129493: 403 Client Error: Forbidden for url: https://my-tg-proxy.iwantbunnygirl.workers.dev/bot8603609103:AAENi9LYuF8bXjwK9E1oZIIpG21UNZeZW5s/sendMessage
[Telegram] Ошибка отправки сообщения в чат 1329987939: 403 Client Error: Forbidden for url: https://my-tg-proxy.iwantbunnygirl.workers.dev/bot8603609103:AAENi9LYuF8bXjwK9E1oZIIpG21UNZeZW5s/sendMessage
[Telegram] Ошибка отправки сообщения в чат 705506250: 403 Client Error: Forbidden for url: https://my-tg-proxy.iwantbunnygirl.workers.dev/bot8603609103:AAENi9LYuF8bXjwK9E1oZIIpG21UNZeZW5s/sendMessage
[16:51:43] ▶ Раунд W-017 начался
[16:52:15] ✅ W-017   🔴1 vs 2🔵
[16:52:21] ▶ Раунд W-018 начался
[16:52:53] ✅ W-018   🔴2 vs 2🔵

  ──────────────────────────────────
  🔵 ПАТТЕРН!
  Синий — 2
  четыре подряд подряд
  ──────────────────────────────────
  ⬅️ [W-013]  🔴2  vs  5🔵
  ⬅️ [W-014]  🔴4  vs  6🔵
  🔥 [W-015]  🔴1  vs  2🔵
  🔥 [W-016]  🔴4  vs  2🔵
  🔥 [W-017]  🔴1  vs  2🔵
  🔥 [W-018]  🔴2  vs  2🔵
  ──────────────────────────────────

[16:52:59] ▶ Раунд W-019 начался
[16:53:31] ✅ W-019   🔴4 vs 2🔵
[16:53:37] ▶ Раунд W-020 начался
[16:54:09] ✅ W-020   🔴6 vs 4🔵

  ··································
  📊 СТАТИСТИКА!
  Синий — 2
  четыре подряд подряд
  ··································
  ⬅️ [W-013]  🔴2  vs  5🔵
  ⬅️ [W-014]  🔴4  vs  6🔵
  🔥 [W-015]  🔴1  vs  2🔵
  🔥 [W-016]  🔴4  vs  2🔵
  🔥 [W-017]  🔴1  vs  2🔵
  🔥 [W-018]  🔴2  vs  2🔵
  🆕 [W-019]  🔴4  vs  2🔵
  🆕 [W-020]  🔴6  vs  4🔵
  ··································

[16:54:15] ▶ Раунд W-021 начался
[16:54:47] ✅ W-021   🔴1 vs 6🔵
[16:54:53] ▶ Раунд W-022 начался
[16:55:25] ✅ W-022   🔴1 vs 1🔵

  ++++++++++++++++++++++++++++++++++
  🔴 НОВАЯ ПАРА!
  Красный — 1
  Длина цепочки: 8 раундов
  ++++++++++++++++++++++++++++++++++
     [W-015]  🔴1  vs  2🔵
     [W-016]  🔴4  vs  2🔵
     [W-017]  🔴1  vs  2🔵
     [W-018]  🔴2  vs  2🔵
     [W-019]  🔴4  vs  2🔵
     [W-020]  🔴6  vs  4🔵
     [W-021]  🔴1  vs  6🔵
     [W-022]  🔴1  vs  1🔵
  ++++++++++++++++++++++++++++++++++

[Telegram] Ошибка отправки сообщения в чат 1477129493: 403 Client Error: Forbidden for url: https://my-tg-proxy.iwantbunnygirl.workers.dev/bot8603609103:AAENi9LYuF8bXjwK9E1oZIIpG21UNZeZW5s/sendMessage
[Telegram] Ошибка отправки сообщения в чат 1329987939: 403 Client Error: Forbidden for url: https://my-tg-proxy.iwantbunnygirl.workers.dev/bot8603609103:AAENi9LYuF8bXjwK9E1oZIIpG21UNZeZW5s/sendMessage
[Telegram] Ошибка отправки сообщения в чат 705506250: 403 Client Error: Forbidden for url: https://my-tg-proxy.iwantbunnygirl.workers.dev/bot8603609103:AAENi9LYuF8bXjwK9E1oZIIpG21UNZeZW5s/sendMessage
[16:55:31] ▶ Раунд W-023 начался
[16:56:03] ✅ W-023   🔴3 vs 6🔵
[16:56:09] ▶ Раунд W-024 начался
[16:56:41] ✅ W-024   🔴2 vs 4🔵
[16:56:47] ▶ Раунд W-025 начался
[16:57:19] ✅ W-025   🔴2 vs 1🔵

  ~~~~~~~~~~~~~~~~~~~~~~~~~~~~~~~~~~
  🎲 МНОГО ПОСЛЕДОВАТЕЛЬНОСТЕЙ!
  Найдено: 4
  🔵11, 🔵22, 🔴11, 🔴22
  ~~~~~~~~~~~~~~~~~~~~~~~~~~~~~~~~~~
  🔥 [W-011]  🔴2  vs  1🔵
  🔥 [W-012]  🔴3  vs  1🔵
     [W-013]  🔴2  vs  5🔵
     [W-014]  🔴4  vs  6🔵
  🔥 [W-015]  🔴1  vs  2🔵
  🔥 [W-016]  🔴4  vs  2🔵
     [W-017]  🔴1  vs  2🔵
     [W-018]  🔴2  vs  2🔵
     [W-019]  🔴4  vs  2🔵
     [W-020]  🔴6  vs  4🔵
  🔥 [W-021]  🔴1  vs  6🔵
  🔥 [W-022]  🔴1  vs  1🔵
     [W-023]  🔴3  vs  6🔵
  🔥 [W-024]  🔴2  vs  4🔵
  🔥 [W-025]  🔴2  vs  1🔵
  ~~~~~~~~~~~~~~~~~~~~~~~~~~~~~~~~~~

[Telegram] Ошибка отправки сообщения в чат 1477129493: 403 Client Error: Forbidden for url: https://my-tg-proxy.iwantbunnygirl.workers.dev/bot8603609103:AAENi9LYuF8bXjwK9E1oZIIpG21UNZeZW5s/sendMessage
[Telegram] Ошибка отправки сообщения в чат 1329987939: 403 Client Error: Forbidden for url: https://my-tg-proxy.iwantbunnygirl.workers.dev/bot8603609103:AAENi9LYuF8bXjwK9E1oZIIpG21UNZeZW5s/sendMessage
[Telegram] Ошибка отправки сообщения в чат 705506250: 403 Client Error: Forbidden for url: https://my-tg-proxy.iwantbunnygirl.workers.dev/bot8603609103:AAENi9LYuF8bXjwK9E1oZIIpG21UNZeZW5s/sendMessage

  ++++++++++++++++++++++++++++++++++
  🔴 НОВАЯ ПАРА!
  Красный — 2
  Длина цепочки: 5 раундов
  ++++++++++++++++++++++++++++++++++
     [W-021]  🔴1  vs  6🔵
     [W-022]  🔴1  vs  1🔵
     [W-023]  🔴3  vs  6🔵
     [W-024]  🔴2  vs  4🔵
     [W-025]  🔴2  vs  1🔵
  ++++++++++++++++++++++++++++++++++

[Telegram] Ошибка отправки сообщения в чат 1477129493: 403 Client Error: Forbidden for url: https://my-tg-proxy.iwantbunnygirl.workers.dev/bot8603609103:AAENi9LYuF8bXjwK9E1oZIIpG21UNZeZW5s/sendMessage
[Telegram] Ошибка отправки сообщения в чат 1329987939: 403 Client Error: Forbidden for url: https://my-tg-proxy.iwantbunnygirl.workers.dev/bot8603609103:AAENi9LYuF8bXjwK9E1oZIIpG21UNZeZW5s/sendMessage
[Telegram] Ошибка отправки сообщения в чат 705506250: 403 Client Error: Forbidden for url: https://my-tg-proxy.iwantbunnygirl.workers.dev/bot8603609103:AAENi9LYuF8bXjwK9E1oZIIpG21UNZeZW5s/sendMessage
[16:57:25] ▶ Раунд W-026 начался
[16:57:57] ✅ W-026   🔴3 vs 6🔵
[16:58:03] ▶ Раунд W-027 начался
[16:58:35] ✅ W-027   🔴5 vs 4🔵
[16:58:41] ▶ Раунд W-028 начался
[16:59:13] ✅ W-028   🔴2 vs 3🔵
[16:59:19] ▶ Раунд W-029 начался
[16:59:51] ✅ W-029   🔴4 vs 3🔵

  ++++++++++++++++++++++++++++++++++
  🔵 НОВАЯ ПАРА!
  Синий — 3
  Длина цепочки: 6 раундов
  ++++++++++++++++++++++++++++++++++
     [W-024]  🔴2  vs  4🔵
     [W-025]  🔴2  vs  1🔵
     [W-026]  🔴3  vs  6🔵
     [W-027]  🔴5  vs  4🔵
     [W-028]  🔴2  vs  3🔵
     [W-029]  🔴4  vs  3🔵
  ++++++++++++++++++++++++++++++++++

[Telegram] Ошибка отправки сообщения в чат 1477129493: 403 Client Error: Forbidden for url: https://my-tg-proxy.iwantbunnygirl.workers.dev/bot8603609103:AAENi9LYuF8bXjwK9E1oZIIpG21UNZeZW5s/sendMessage
[Telegram] Ошибка отправки сообщения в чат 1329987939: 403 Client Error: Forbidden for url: https://my-tg-proxy.iwantbunnygirl.workers.dev/bot8603609103:AAENi9LYuF8bXjwK9E1oZIIpG21UNZeZW5s/sendMessage
[Telegram] Ошибка отправки сообщения в чат 705506250: 403 Client Error: Forbidden for url: https://my-tg-proxy.iwantbunnygirl.workers.dev/bot8603609103:AAENi9LYuF8bXjwK9E1oZIIpG21UNZeZW5s/sendMessage
[16:59:57] ▶ Раунд W-030 начался
[17:00:29] ✅ W-030   🔴5 vs 5🔵
[17:00:35] ▶ Раунд W-031 начался
[17:01:07] ✅ W-031   🔴5 vs 3🔵

  ++++++++++++++++++++++++++++++++++
  🔴 НОВАЯ ПАРА!
  Красный — 5
  Длина цепочки: 4 раундов
  ++++++++++++++++++++++++++++++++++
     [W-028]  🔴2  vs  3🔵
     [W-029]  🔴4  vs  3🔵
     [W-030]  🔴5  vs  5🔵
     [W-031]  🔴5  vs  3🔵
  ++++++++++++++++++++++++++++++++++

[Telegram] Ошибка отправки сообщения в чат 1477129493: 403 Client Error: Forbidden for url: https://my-tg-proxy.iwantbunnygirl.workers.dev/bot8603609103:AAENi9LYuF8bXjwK9E1oZIIpG21UNZeZW5s/sendMessage
[Telegram] Ошибка отправки сообщения в чат 1329987939: 403 Client Error: Forbidden for url: https://my-tg-proxy.iwantbunnygirl.workers.dev/bot8603609103:AAENi9LYuF8bXjwK9E1oZIIpG21UNZeZW5s/sendMessage
[Telegram] Ошибка отправки сообщения в чат 705506250: 403 Client Error: Forbidden for url: https://my-tg-proxy.iwantbunnygirl.workers.dev/bot8603609103:AAENi9LYuF8bXjwK9E1oZIIpG21UNZeZW5s/sendMessage
[17:01:13] ▶ Раунд W-032 начался
[17:01:45] ✅ W-032   🔴2 vs 5🔵
[17:01:51] ▶ Раунд W-033 начался
[17:02:23] ✅ W-033   🔴4 vs 5🔵

  ++++++++++++++++++++++++++++++++++
  🔵 НОВАЯ ПАРА!
  Синий — 5
  Длина цепочки: 4 раундов
  ++++++++++++++++++++++++++++++++++
     [W-030]  🔴5  vs  5🔵
     [W-031]  🔴5  vs  3🔵
     [W-032]  🔴2  vs  5🔵
     [W-033]  🔴4  vs  5🔵
  ++++++++++++++++++++++++++++++++++

[Telegram] Ошибка отправки сообщения в чат 1477129493: 403 Client Error: Forbidden for url: https://my-tg-proxy.iwantbunnygirl.workers.dev/bot8603609103:AAENi9LYuF8bXjwK9E1oZIIpG21UNZeZW5s/sendMessage
[Telegram] Ошибка отправки сообщения в чат 1329987939: 403 Client Error: Forbidden for url: https://my-tg-proxy.iwantbunnygirl.workers.dev/bot8603609103:AAENi9LYuF8bXjwK9E1oZIIpG21UNZeZW5s/sendMessage
[Telegram] Ошибка отправки сообщения в чат 705506250: 403 Client Error: Forbidden for url: https://my-tg-proxy.iwantbunnygirl.workers.dev/bot8603609103:AAENi9LYuF8bXjwK9E1oZIIpG21UNZeZW5s/sendMessage
[17:02:29] ▶ Раунд W-034 начался
[17:03:01] ✅ W-034   🔴1 vs 1🔵
[17:03:07] ▶ Раунд W-035 начался
[17:03:39] ✅ W-035   🔴6 vs 4🔵
[17:03:45] ▶ Раунд W-036 начался
[17:04:17] ✅ W-036   🔴6 vs 6🔵

  ~~~~~~~~~~~~~~~~~~~~~~~~~~~~~~~~~~
  🎲 МНОГО ПОСЛЕДОВАТЕЛЬНОСТЕЙ!
  Найдено: 4
  🔵33, 🔴55, 🔵55, 🔴66
  ~~~~~~~~~~~~~~~~~~~~~~~~~~~~~~~~~~
  🔥 [W-028]  🔴2  vs  3🔵
  🔥 [W-029]  🔴4  vs  3🔵
  🔥 [W-030]  🔴5  vs  5🔵
  🔥 [W-031]  🔴5  vs  3🔵
  🔥 [W-032]  🔴2  vs  5🔵
  🔥 [W-033]  🔴4  vs  5🔵
     [W-034]  🔴1  vs  1🔵
  🔥 [W-035]  🔴6  vs  4🔵
  🔥 [W-036]  🔴6  vs  6🔵
  ~~~~~~~~~~~~~~~~~~~~~~~~~~~~~~~~~~

[Telegram] Ошибка отправки сообщения в чат 1477129493: 403 Client Error: Forbidden for url: https://my-tg-proxy.iwantbunnygirl.workers.dev/bot8603609103:AAENi9LYuF8bXjwK9E1oZIIpG21UNZeZW5s/sendMessage
[Telegram] Ошибка отправки сообщения в чат 1329987939: 403 Client Error: Forbidden for url: https://my-tg-proxy.iwantbunnygirl.workers.dev/bot8603609103:AAENi9LYuF8bXjwK9E1oZIIpG21UNZeZW5s/sendMessage
[Telegram] Ошибка отправки сообщения в чат 705506250: 403 Client Error: Forbidden for url: https://my-tg-proxy.iwantbunnygirl.workers.dev/bot8603609103:AAENi9LYuF8bXjwK9E1oZIIpG21UNZeZW5s/sendMessage

  ++++++++++++++++++++++++++++++++++
  🔴 НОВАЯ ПАРА!
  Красный — 6
  Длина цепочки: 5 раундов
  ++++++++++++++++++++++++++++++++++
     [W-032]  🔴2  vs  5🔵
     [W-033]  🔴4  vs  5🔵
     [W-034]  🔴1  vs  1🔵
     [W-035]  🔴6  vs  4🔵
     [W-036]  🔴6  vs  6🔵
  ++++++++++++++++++++++++++++++++++

[Telegram] Ошибка отправки сообщения в чат 1477129493: 403 Client Error: Forbidden for url: https://my-tg-proxy.iwantbunnygirl.workers.dev/bot8603609103:AAENi9LYuF8bXjwK9E1oZIIpG21UNZeZW5s/sendMessage
[Telegram] Ошибка отправки сообщения в чат 1329987939: 403 Client Error: Forbidden for url: https://my-tg-proxy.iwantbunnygirl.workers.dev/bot8603609103:AAENi9LYuF8bXjwK9E1oZIIpG21UNZeZW5s/sendMessage
[Telegram] Ошибка отправки сообщения в чат 705506250: 403 Client Error: Forbidden for url: https://my-tg-proxy.iwantbunnygirl.workers.dev/bot8603609103:AAENi9LYuF8bXjwK9E1oZIIpG21UNZeZW5s/sendMessage
[17:04:23] ▶ Раунд W-037 начался
[17:04:55] ✅ W-037   🔴6 vs 5🔵
[17:05:01] ▶ Раунд W-038 начался
[17:05:33] ✅ W-038   🔴4 vs 5🔵

  ++++++++++++++++++++++++++++++++++
  🔵 НОВАЯ ПАРА!
  Синий — 5
  Длина цепочки: 4 раундов
  ++++++++++++++++++++++++++++++++++
     [W-035]  🔴6  vs  4🔵
     [W-036]  🔴6  vs  6🔵
     [W-037]  🔴6  vs  5🔵
     [W-038]  🔴4  vs  5🔵
  ++++++++++++++++++++++++++++++++++

[Telegram] Ошибка отправки сообщения в чат 1477129493: 403 Client Error: Forbidden for url: https://my-tg-proxy.iwantbunnygirl.workers.dev/bot8603609103:AAENi9LYuF8bXjwK9E1oZIIpG21UNZeZW5s/sendMessage
[Telegram] Ошибка отправки сообщения в чат 1329987939: 403 Client Error: Forbidden for url: https://my-tg-proxy.iwantbunnygirl.workers.dev/bot8603609103:AAENi9LYuF8bXjwK9E1oZIIpG21UNZeZW5s/sendMessage
[Telegram] Ошибка отправки сообщения в чат 705506250: 403 Client Error: Forbidden for url: https://my-tg-proxy.iwantbunnygirl.workers.dev/bot8603609103:AAENi9LYuF8bXjwK9E1oZIIpG21UNZeZW5s/sendMessage
[17:05:39] ▶ Раунд W-039 начался
[17:06:11] ✅ W-039   🔴1 vs 6🔵
[17:06:17] ▶ Раунд W-040 начался
[17:06:49] ✅ W-040   🔴1 vs 2🔵

  ++++++++++++++++++++++++++++++++++
  🔴 НОВАЯ ПАРА!
  Красный — 1
  Длина цепочки: 4 раундов
  ++++++++++++++++++++++++++++++++++
     [W-037]  🔴6  vs  5🔵
     [W-038]  🔴4  vs  5🔵
     [W-039]  🔴1  vs  6🔵
     [W-040]  🔴1  vs  2🔵
  ++++++++++++++++++++++++++++++++++

[Telegram] Ошибка отправки сообщения в чат 1477129493: 403 Client Error: Forbidden for url: https://my-tg-proxy.iwantbunnygirl.workers.dev/bot8603609103:AAENi9LYuF8bXjwK9E1oZIIpG21UNZeZW5s/sendMessage
[Telegram] Ошибка отправки сообщения в чат 1329987939: 403 Client Error: Forbidden for url: https://my-tg-proxy.iwantbunnygirl.workers.dev/bot8603609103:AAENi9LYuF8bXjwK9E1oZIIpG21UNZeZW5s/sendMessage
[Telegram] Ошибка отправки сообщения в чат 705506250: 403 Client Error: Forbidden for url: https://my-tg-proxy.iwantbunnygirl.workers.dev/bot8603609103:AAENi9LYuF8bXjwK9E1oZIIpG21UNZeZW5s/sendMessage
[17:06:55] ▶ Раунд W-041 начался
[17:07:27] ✅ W-041   🔴2 vs 6🔵
[17:07:33] ▶ Раунд W-042 начался
[17:08:05] ✅ W-042   🔴6 vs 6🔵

  ++++++++++++++++++++++++++++++++++
  🔵 НОВАЯ ПАРА!
  Синий — 6
  Длина цепочки: 4 раундов
  ++++++++++++++++++++++++++++++++++
     [W-039]  🔴1  vs  6🔵
     [W-040]  🔴1  vs  2🔵
     [W-041]  🔴2  vs  6🔵
     [W-042]  🔴6  vs  6🔵
  ++++++++++++++++++++++++++++++++++

[Telegram] Ошибка отправки сообщения в чат 1477129493: 403 Client Error: Forbidden for url: https://my-tg-proxy.iwantbunnygirl.workers.dev/bot8603609103:AAENi9LYuF8bXjwK9E1oZIIpG21UNZeZW5s/sendMessage
[Telegram] Ошибка отправки сообщения в чат 1329987939: 403 Client Error: Forbidden for url: https://my-tg-proxy.iwantbunnygirl.workers.dev/bot8603609103:AAENi9LYuF8bXjwK9E1oZIIpG21UNZeZW5s/sendMessage
[Telegram] Ошибка отправки сообщения в чат 705506250: 403 Client Error: Forbidden for url: https://my-tg-proxy.iwantbunnygirl.workers.dev/bot8603609103:AAENi9LYuF8bXjwK9E1oZIIpG21UNZeZW5s/sendMessage
[17:08:13] ▶ Раунд W-043 начался
[17:08:45] ✅ W-043   🔴4 vs 3🔵

  ##################################
  🔴 XOX-ПАТТЕРН!
  Красный — 4
  Шаблон: xooooxoooox
  ##################################
  🎯 [W-033]  🔴4  vs  5🔵
     [W-034]  🔴1  vs  1🔵
     [W-035]  🔴6  vs  4🔵
     [W-036]  🔴6  vs  6🔵
     [W-037]  🔴6  vs  5🔵
  🎯 [W-038]  🔴4  vs  5🔵
     [W-039]  🔴1  vs  6🔵
     [W-040]  🔴1  vs  2🔵
     [W-041]  🔴2  vs  6🔵
     [W-042]  🔴6  vs  6🔵
  🎯 [W-043]  🔴4  vs  3🔵
  ##################################

[17:08:51] ▶ Раунд W-044 начался
[17:09:23] ✅ W-044   🔴2 vs 6🔵
[17:09:29] ▶ Раунд W-045 начался
[17:10:01] ✅ W-045   🔴6 vs 4🔵
[17:10:07] ▶ Раунд W-046 начался
[17:10:39] ✅ W-046   🔴6 vs 4🔵

  ~~~~~~~~~~~~~~~~~~~~~~~~~~~~~~~~~~
  🎲 МНОГО ПОСЛЕДОВАТЕЛЬНОСТЕЙ!
  Найдено: 4
  🔵55, 🔴11, 🔵66, 🔴66
  ~~~~~~~~~~~~~~~~~~~~~~~~~~~~~~~~~~
  🔥 [W-037]  🔴6  vs  5🔵
  🔥 [W-038]  🔴4  vs  5🔵
  🔥 [W-039]  🔴1  vs  6🔵
  🔥 [W-040]  🔴1  vs  2🔵
  🔥 [W-041]  🔴2  vs  6🔵
  🔥 [W-042]  🔴6  vs  6🔵
     [W-043]  🔴4  vs  3🔵
     [W-044]  🔴2  vs  6🔵
  🔥 [W-045]  🔴6  vs  4🔵
  🔥 [W-046]  🔴6  vs  4🔵
  ~~~~~~~~~~~~~~~~~~~~~~~~~~~~~~~~~~

[Telegram] Ошибка отправки сообщения в чат 1477129493: 403 Client Error: Forbidden for url: https://my-tg-proxy.iwantbunnygirl.workers.dev/bot8603609103:AAENi9LYuF8bXjwK9E1oZIIpG21UNZeZW5s/sendMessage
[Telegram] Ошибка отправки сообщения в чат 1329987939: 403 Client Error: Forbidden for url: https://my-tg-proxy.iwantbunnygirl.workers.dev/bot8603609103:AAENi9LYuF8bXjwK9E1oZIIpG21UNZeZW5s/sendMessage
[Telegram] Ошибка отправки сообщения в чат 705506250: 403 Client Error: Forbidden for url: https://my-tg-proxy.iwantbunnygirl.workers.dev/bot8603609103:AAENi9LYuF8bXjwK9E1oZIIpG21UNZeZW5s/sendMessage

  ++++++++++++++++++++++++++++++++++
  🔴 НОВАЯ ПАРА!
  Красный — 6
  Длина цепочки: 6 раундов
  ++++++++++++++++++++++++++++++++++
     [W-041]  🔴2  vs  6🔵
     [W-042]  🔴6  vs  6🔵
     [W-043]  🔴4  vs  3🔵
     [W-044]  🔴2  vs  6🔵
     [W-045]  🔴6  vs  4🔵
     [W-046]  🔴6  vs  4🔵
  ++++++++++++++++++++++++++++++++++

[Telegram] Ошибка отправки сообщения в чат 1477129493: 403 Client Error: Forbidden for url: https://my-tg-proxy.iwantbunnygirl.workers.dev/bot8603609103:AAENi9LYuF8bXjwK9E1oZIIpG21UNZeZW5s/sendMessage
[Telegram] Ошибка отправки сообщения в чат 1329987939: 403 Client Error: Forbidden for url: https://my-tg-proxy.iwantbunnygirl.workers.dev/bot8603609103:AAENi9LYuF8bXjwK9E1oZIIpG21UNZeZW5s/sendMessage
[Telegram] Ошибка отправки сообщения в чат 705506250: 403 Client Error: Forbidden for url: https://my-tg-proxy.iwantbunnygirl.workers.dev/bot8603609103:AAENi9LYuF8bXjwK9E1oZIIpG21UNZeZW5s/sendMessage
[17:10:45] ▶ Раунд W-047 начался
[17:11:17] ✅ W-047   🔴5 vs 4🔵
[17:11:23] ▶ Раунд W-048 начался
[17:11:55] ✅ W-048   🔴5 vs 3🔵

  ++++++++++++++++++++++++++++++++++
  🔴 НОВАЯ ПАРА!
  Красный — 5
  Длина цепочки: 4 раундов
  ++++++++++++++++++++++++++++++++++
     [W-045]  🔴6  vs  4🔵
     [W-046]  🔴6  vs  4🔵
     [W-047]  🔴5  vs  4🔵
     [W-048]  🔴5  vs  3🔵
  ++++++++++++++++++++++++++++++++++

[Telegram] Ошибка отправки сообщения в чат 1477129493: 403 Client Error: Forbidden for url: https://my-tg-proxy.iwantbunnygirl.workers.dev/bot8603609103:AAENi9LYuF8bXjwK9E1oZIIpG21UNZeZW5s/sendMessage
[Telegram] Ошибка отправки сообщения в чат 1329987939: 403 Client Error: Forbidden for url: https://my-tg-proxy.iwantbunnygirl.workers.dev/bot8603609103:AAENi9LYuF8bXjwK9E1oZIIpG21UNZeZW5s/sendMessage
[Telegram] Ошибка отправки сообщения в чат 705506250: 403 Client Error: Forbidden for url: https://my-tg-proxy.iwantbunnygirl.workers.dev/bot8603609103:AAENi9LYuF8bXjwK9E1oZIIpG21UNZeZW5s/sendMessage
[17:12:01] ▶ Раунд W-049 начался
[17:12:33] ✅ W-049   🔴5 vs 6🔵
[17:12:39] ▶ Раунд W-050 начался
[17:13:11] ✅ W-050   🔴4 vs 4🔵
[17:13:17] ▶ Раунд W-051 начался
[17:13:49] ✅ W-051   🔴4 vs 3🔵

  ++++++++++++++++++++++++++++++++++
  🔴 НОВАЯ ПАРА!
  Красный — 4
  Длина цепочки: 5 раундов
  ++++++++++++++++++++++++++++++++++
     [W-047]  🔴5  vs  4🔵
     [W-048]  🔴5  vs  3🔵
     [W-049]  🔴5  vs  6🔵
     [W-050]  🔴4  vs  4🔵
     [W-051]  🔴4  vs  3🔵
  ++++++++++++++++++++++++++++++++++

[Telegram] Ошибка отправки сообщения в чат 1477129493: 403 Client Error: Forbidden for url: https://my-tg-proxy.iwantbunnygirl.workers.dev/bot8603609103:AAENi9LYuF8bXjwK9E1oZIIpG21UNZeZW5s/sendMessage
[Telegram] Ошибка отправки сообщения в чат 1329987939: 403 Client Error: Forbidden for url: https://my-tg-proxy.iwantbunnygirl.workers.dev/bot8603609103:AAENi9LYuF8bXjwK9E1oZIIpG21UNZeZW5s/sendMessage
[Telegram] Ошибка отправки сообщения в чат 705506250: 403 Client Error: Forbidden for url: https://my-tg-proxy.iwantbunnygirl.workers.dev/bot8603609103:AAENi9LYuF8bXjwK9E1oZIIpG21UNZeZW5s/sendMessage
[17:13:55] ▶ Раунд W-052 начался
[17:14:27] ✅ W-052   🔴3 vs 4🔵
[17:14:33] ▶ Раунд W-053 начался
[17:15:05] ✅ W-053   🔴5 vs 1🔵
[17:15:11] ▶ Раунд W-054 начался
[17:15:43] ✅ W-054   🔴1 vs 6🔵

  ##################################
  🔵 XOX-ПАТТЕРН!
  Синий — 6
  Шаблон: xooooxoooox
  ##################################
  🎯 [W-044]  🔴2  vs  6🔵
     [W-045]  🔴6  vs  4🔵
     [W-046]  🔴6  vs  4🔵
     [W-047]  🔴5  vs  4🔵
     [W-048]  🔴5  vs  3🔵
  🎯 [W-049]  🔴5  vs  6🔵
     [W-050]  🔴4  vs  4🔵
     [W-051]  🔴4  vs  3🔵
     [W-052]  🔴3  vs  4🔵
     [W-053]  🔴5  vs  1🔵
  🎯 [W-054]  🔴1  vs  6🔵
  ##################################

[17:15:49] ▶ Раунд W-055 начался
[17:16:21] ✅ W-055   🔴3 vs 3🔵
[17:16:27] ▶ Раунд W-056 начался
[17:16:59] ✅ W-056   🔴5 vs 1🔵
[17:17:05] ▶ Раунд W-057 начался
[17:17:37] ✅ W-057   🔴6 vs 6🔵
[17:17:43] ▶ Раунд W-058 начался
[17:18:15] ✅ W-058   🔴2 vs 4🔵
[17:18:21] ▶ Раунд W-059 начался
[17:18:53] ✅ W-059   🔴4 vs 6🔵
[17:18:59] ▶ Раунд W-060 начался
[17:19:31] ✅ W-060   🔴6 vs 2🔵
[17:19:37] ▶ Раунд W-061 начался
[17:20:09] ✅ W-061   🔴3 vs 5🔵
[17:20:15] ▶ Раунд W-062 начался
[17:20:47] ✅ W-062   🔴4 vs 3🔵
[17:20:53] ▶ Раунд W-063 начался
[17:21:25] ✅ W-063   🔴3 vs 2🔵
[17:21:31] ▶ Раунд W-064 начался
[17:22:03] ✅ W-064   🔴3 vs 6🔵

  ~~~~~~~~~~~~~~~~~~~~~~~~~~~~~~~~~~
  🎲 МНОГО ПОСЛЕДОВАТЕЛЬНОСТЕЙ!
  Найдено: 4
  🔵44, 🔴55, 🔴44, 🔴33
  ~~~~~~~~~~~~~~~~~~~~~~~~~~~~~~~~~~
  🔥 [W-045]  🔴6  vs  4🔵
  🔥 [W-046]  🔴6  vs  4🔵
  🔥 [W-047]  🔴5  vs  4🔵
  🔥 [W-048]  🔴5  vs  3🔵
     [W-049]  🔴5  vs  6🔵
  🔥 [W-050]  🔴4  vs  4🔵
  🔥 [W-051]  🔴4  vs  3🔵
     [W-052]  🔴3  vs  4🔵
     [W-053]  🔴5  vs  1🔵
     [W-054]  🔴1  vs  6🔵
     [W-055]  🔴3  vs  3🔵
     [W-056]  🔴5  vs  1🔵
     [W-057]  🔴6  vs  6🔵
     [W-058]  🔴2  vs  4🔵
     [W-059]  🔴4  vs  6🔵
     [W-060]  🔴6  vs  2🔵
     [W-061]  🔴3  vs  5🔵
     [W-062]  🔴4  vs  3🔵
  🔥 [W-063]  🔴3  vs  2🔵
  🔥 [W-064]  🔴3  vs  6🔵
  ~~~~~~~~~~~~~~~~~~~~~~~~~~~~~~~~~~

[Telegram] Ошибка отправки сообщения в чат 1477129493: 403 Client Error: Forbidden for url: https://my-tg-proxy.iwantbunnygirl.workers.dev/bot8603609103:AAENi9LYuF8bXjwK9E1oZIIpG21UNZeZW5s/sendMessage
[Telegram] Ошибка отправки сообщения в чат 1329987939: 403 Client Error: Forbidden for url: https://my-tg-proxy.iwantbunnygirl.workers.dev/bot8603609103:AAENi9LYuF8bXjwK9E1oZIIpG21UNZeZW5s/sendMessage
[Telegram] Ошибка отправки сообщения в чат 705506250: 403 Client Error: Forbidden for url: https://my-tg-proxy.iwantbunnygirl.workers.dev/bot8603609103:AAENi9LYuF8bXjwK9E1oZIIpG21UNZeZW5s/sendMessage

  ++++++++++++++++++++++++++++++++++
  🔴 НОВАЯ ПАРА!
  Красный — 3
  Длина цепочки: 15 раундов
  ++++++++++++++++++++++++++++++++++
     [W-050]  🔴4  vs  4🔵
     [W-051]  🔴4  vs  3🔵
     [W-052]  🔴3  vs  4🔵
     [W-053]  🔴5  vs  1🔵
     [W-054]  🔴1  vs  6🔵
     [W-055]  🔴3  vs  3🔵
     [W-056]  🔴5  vs  1🔵
     [W-057]  🔴6  vs  6🔵
     [W-058]  🔴2  vs  4🔵
     [W-059]  🔴4  vs  6🔵
     [W-060]  🔴6  vs  2🔵
     [W-061]  🔴3  vs  5🔵
     [W-062]  🔴4  vs  3🔵
     [W-063]  🔴3  vs  2🔵
     [W-064]  🔴3  vs  6🔵
  ++++++++++++++++++++++++++++++++++

[Telegram] Ошибка отправки сообщения в чат 1477129493: 403 Client Error: Forbidden for url: https://my-tg-proxy.iwantbunnygirl.workers.dev/bot8603609103:AAENi9LYuF8bXjwK9E1oZIIpG21UNZeZW5s/sendMessage
[Telegram] Ошибка отправки сообщения в чат 1329987939: 403 Client Error: Forbidden for url: https://my-tg-proxy.iwantbunnygirl.workers.dev/bot8603609103:AAENi9LYuF8bXjwK9E1oZIIpG21UNZeZW5s/sendMessage
[Telegram] Ошибка отправки сообщения в чат 705506250: 403 Client Error: Forbidden for url: https://my-tg-proxy.iwantbunnygirl.workers.dev/bot8603609103:AAENi9LYuF8bXjwK9E1oZIIpG21UNZeZW5s/sendMessage
[17:22:09] ▶ Раунд W-065 начался
[17:22:41] ✅ W-065   🔴3 vs 5🔵
[17:22:47] ▶ Раунд W-066 начался
[17:23:19] ✅ W-066   🔴1 vs 3🔵
[17:23:25] ▶ Раунд W-067 начался
[17:23:57] ✅ W-067   🔴3 vs 1🔵
[17:24:03] ▶ Раунд W-068 начался
[17:24:35] ✅ W-068   🔴2 vs 1🔵

  ++++++++++++++++++++++++++++++++++
  🔵 НОВАЯ ПАРА!
  Синий — 1
  Длина цепочки: 6 раундов
  ++++++++++++++++++++++++++++++++++
     [W-063]  🔴3  vs  2🔵
     [W-064]  🔴3  vs  6🔵
     [W-065]  🔴3  vs  5🔵
     [W-066]  🔴1  vs  3🔵
     [W-067]  🔴3  vs  1🔵
     [W-068]  🔴2  vs  1🔵
  ++++++++++++++++++++++++++++++++++

[Telegram] Ошибка отправки сообщения в чат 1477129493: 403 Client Error: Forbidden for url: https://my-tg-proxy.iwantbunnygirl.workers.dev/bot8603609103:AAENi9LYuF8bXjwK9E1oZIIpG21UNZeZW5s/sendMessage
[Telegram] Ошибка отправки сообщения в чат 1329987939: 403 Client Error: Forbidden for url: https://my-tg-proxy.iwantbunnygirl.workers.dev/bot8603609103:AAENi9LYuF8bXjwK9E1oZIIpG21UNZeZW5s/sendMessage
[Telegram] Ошибка отправки сообщения в чат 705506250: 403 Client Error: Forbidden for url: https://my-tg-proxy.iwantbunnygirl.workers.dev/bot8603609103:AAENi9LYuF8bXjwK9E1oZIIpG21UNZeZW5s/sendMessage
[17:24:41] ▶ Раунд W-069 начался
[17:25:13] ✅ W-069   🔴4 vs 3🔵
[17:25:19] ▶ Раунд W-070 начался
[17:25:51] ✅ W-070   🔴1 vs 3🔵

  ++++++++++++++++++++++++++++++++++
  🔵 НОВАЯ ПАРА!
  Синий — 3
  Длина цепочки: 4 раундов
  ++++++++++++++++++++++++++++++++++
     [W-067]  🔴3  vs  1🔵
     [W-068]  🔴2  vs  1🔵
     [W-069]  🔴4  vs  3🔵
     [W-070]  🔴1  vs  3🔵
  ++++++++++++++++++++++++++++++++++

[Telegram] Ошибка отправки сообщения в чат 1477129493: 403 Client Error: Forbidden for url: https://my-tg-proxy.iwantbunnygirl.workers.dev/bot8603609103:AAENi9LYuF8bXjwK9E1oZIIpG21UNZeZW5s/sendMessage
[Telegram] Ошибка отправки сообщения в чат 1329987939: 403 Client Error: Forbidden for url: https://my-tg-proxy.iwantbunnygirl.workers.dev/bot8603609103:AAENi9LYuF8bXjwK9E1oZIIpG21UNZeZW5s/sendMessage
[Telegram] Ошибка отправки сообщения в чат 705506250: 403 Client Error: Forbidden for url: https://my-tg-proxy.iwantbunnygirl.workers.dev/bot8603609103:AAENi9LYuF8bXjwK9E1oZIIpG21UNZeZW5s/sendMessage
[17:25:57] ▶ Раунд W-071 начался
[17:26:29] ✅ W-071   🔴3 vs 3🔵
[17:26:35] ▶ Раунд W-072 начался
[17:27:07] ✅ W-072   🔴3 vs 5🔵

  ++++++++++++++++++++++++++++++++++
  🔴 НОВАЯ ПАРА!
  Красный — 3
  Длина цепочки: 4 раундов
  ++++++++++++++++++++++++++++++++++
     [W-069]  🔴4  vs  3🔵
     [W-070]  🔴1  vs  3🔵
     [W-071]  🔴3  vs  3🔵
     [W-072]  🔴3  vs  5🔵
  ++++++++++++++++++++++++++++++++++

[Telegram] Ошибка отправки сообщения в чат 1477129493: 403 Client Error: Forbidden for url: https://my-tg-proxy.iwantbunnygirl.workers.dev/bot8603609103:AAENi9LYuF8bXjwK9E1oZIIpG21UNZeZW5s/sendMessage
[Telegram] Ошибка отправки сообщения в чат 1329987939: 403 Client Error: Forbidden for url: https://my-tg-proxy.iwantbunnygirl.workers.dev/bot8603609103:AAENi9LYuF8bXjwK9E1oZIIpG21UNZeZW5s/sendMessage
[Telegram] Ошибка отправки сообщения в чат 705506250: 403 Client Error: Forbidden for url: https://my-tg-proxy.iwantbunnygirl.workers.dev/bot8603609103:AAENi9LYuF8bXjwK9E1oZIIpG21UNZeZW5s/sendMessage
[17:27:13] ▶ Раунд W-073 начался
[17:27:45] ✅ W-073   🔴4 vs 3🔵
[17:27:51] ▶ Раунд W-074 начался
[17:28:23] ✅ W-074   🔴2 vs 6🔵
[17:28:29] ▶ Раунд W-075 начался
[17:29:01] ✅ W-075   🔴1 vs 4🔵
[17:29:07] ▶ Раунд W-076 начался
[17:29:39] ✅ W-076   🔴6 vs 2🔵
[17:29:45] ▶ Раунд W-077 начался
[17:30:17] ✅ W-077   🔴3 vs 5🔵
[17:30:23] ▶ Раунд W-078 начался
[17:30:55] ✅ W-078   🔴2 vs 3🔵
[17:31:01] ▶ Раунд W-079 начался
[17:31:33] ✅ W-079   🔴2 vs 6🔵

  ~~~~~~~~~~~~~~~~~~~~~~~~~~~~~~~~~~
  🎲 МНОГО ПОСЛЕДОВАТЕЛЬНОСТЕЙ!
  Найдено: 4
  🔵11, 🔵33, 🔴33, 🔴22
  ~~~~~~~~~~~~~~~~~~~~~~~~~~~~~~~~~~
  🔥 [W-067]  🔴3  vs  1🔵
  🔥 [W-068]  🔴2  vs  1🔵
  🔥 [W-069]  🔴4  vs  3🔵
  🔥 [W-070]  🔴1  vs  3🔵
  🔥 [W-071]  🔴3  vs  3🔵
  🔥 [W-072]  🔴3  vs  5🔵
     [W-073]  🔴4  vs  3🔵
     [W-074]  🔴2  vs  6🔵
     [W-075]  🔴1  vs  4🔵
     [W-076]  🔴6  vs  2🔵
     [W-077]  🔴3  vs  5🔵
  🔥 [W-078]  🔴2  vs  3🔵
  🔥 [W-079]  🔴2  vs  6🔵
  ~~~~~~~~~~~~~~~~~~~~~~~~~~~~~~~~~~

[Telegram] Ошибка отправки сообщения в чат 1477129493: 403 Client Error: Forbidden for url: https://my-tg-proxy.iwantbunnygirl.workers.dev/bot8603609103:AAENi9LYuF8bXjwK9E1oZIIpG21UNZeZW5s/sendMessage
[Telegram] Ошибка отправки сообщения в чат 1329987939: 403 Client Error: Forbidden for url: https://my-tg-proxy.iwantbunnygirl.workers.dev/bot8603609103:AAENi9LYuF8bXjwK9E1oZIIpG21UNZeZW5s/sendMessage
[Telegram] Ошибка отправки сообщения в чат 705506250: 403 Client Error: Forbidden for url: https://my-tg-proxy.iwantbunnygirl.workers.dev/bot8603609103:AAENi9LYuF8bXjwK9E1oZIIpG21UNZeZW5s/sendMessage

  ++++++++++++++++++++++++++++++++++
  🔴 НОВАЯ ПАРА!
  Красный — 2
  Длина цепочки: 9 раундов
  ++++++++++++++++++++++++++++++++++
     [W-071]  🔴3  vs  3🔵
     [W-072]  🔴3  vs  5🔵
     [W-073]  🔴4  vs  3🔵
     [W-074]  🔴2  vs  6🔵
     [W-075]  🔴1  vs  4🔵
     [W-076]  🔴6  vs  2🔵
     [W-077]  🔴3  vs  5🔵
     [W-078]  🔴2  vs  3🔵
     [W-079]  🔴2  vs  6🔵
  ++++++++++++++++++++++++++++++++++

[Telegram] Ошибка отправки сообщения в чат 1477129493: 403 Client Error: Forbidden for url: https://my-tg-proxy.iwantbunnygirl.workers.dev/bot8603609103:AAENi9LYuF8bXjwK9E1oZIIpG21UNZeZW5s/sendMessage
[Telegram] Ошибка отправки сообщения в чат 1329987939: 403 Client Error: Forbidden for url: https://my-tg-proxy.iwantbunnygirl.workers.dev/bot8603609103:AAENi9LYuF8bXjwK9E1oZIIpG21UNZeZW5s/sendMessage
[Telegram] Ошибка отправки сообщения в чат 705506250: 403 Client Error: Forbidden for url: https://my-tg-proxy.iwantbunnygirl.workers.dev/bot8603609103:AAENi9LYuF8bXjwK9E1oZIIpG21UNZeZW5s/sendMessage
[17:31:39] ▶ Раунд W-080 начался
[17:32:11] ✅ W-080   🔴3 vs 6🔵
[17:32:17] ▶ Раунд W-081 начался
[17:32:49] ✅ W-081   🔴1 vs 4🔵
[17:32:55] ▶ Раунд W-082 начался
[17:33:27] ✅ W-082   🔴2 vs 4🔵

  ++++++++++++++++++++++++++++++++++
  🔵 НОВАЯ ПАРА!
  Синий — 4
  Длина цепочки: 5 раундов
  ++++++++++++++++++++++++++++++++++
     [W-078]  🔴2  vs  3🔵
     [W-079]  🔴2  vs  6🔵
     [W-080]  🔴3  vs  6🔵
     [W-081]  🔴1  vs  4🔵
     [W-082]  🔴2  vs  4🔵
  ++++++++++++++++++++++++++++++++++

[Telegram] Ошибка отправки сообщения в чат 1477129493: 403 Client Error: Forbidden for url: https://my-tg-proxy.iwantbunnygirl.workers.dev/bot8603609103:AAENi9LYuF8bXjwK9E1oZIIpG21UNZeZW5s/sendMessage
[Telegram] Ошибка отправки сообщения в чат 1329987939: 403 Client Error: Forbidden for url: https://my-tg-proxy.iwantbunnygirl.workers.dev/bot8603609103:AAENi9LYuF8bXjwK9E1oZIIpG21UNZeZW5s/sendMessage
[Telegram] Ошибка отправки сообщения в чат 705506250: 403 Client Error: Forbidden for url: https://my-tg-proxy.iwantbunnygirl.workers.dev/bot8603609103:AAENi9LYuF8bXjwK9E1oZIIpG21UNZeZW5s/sendMessage
[17:33:33] ▶ Раунд W-083 начался
[17:34:05] ✅ W-083   🔴6 vs 2🔵
[17:34:11] ▶ Раунд W-084 начался
[17:34:43] ✅ W-084   🔴5 vs 6🔵
[17:34:49] ▶ Раунд W-085 начался
[17:35:21] ✅ W-085   🔴2 vs 2🔵

  ##################################
  🔴 XOX-ПАТТЕРН!
  Красный — 2
  Шаблон: xooxoox
  ##################################
  🎯 [W-079]  🔴2  vs  6🔵
     [W-080]  🔴3  vs  6🔵
     [W-081]  🔴1  vs  4🔵
  🎯 [W-082]  🔴2  vs  4🔵
     [W-083]  🔴6  vs  2🔵
     [W-084]  🔴5  vs  6🔵
  🎯 [W-085]  🔴2  vs  2🔵
  ##################################

[17:35:27] ▶ Раунд W-086 начался
[17:35:59] ✅ W-086   🔴1 vs 6🔵
[17:36:05] ▶ Раунд W-087 начался
[17:36:37] ✅ W-087   🔴2 vs 5🔵
[17:36:43] ▶ Раунд W-088 начался
[17:37:15] ✅ W-088   🔴1 vs 3🔵
[17:37:21] ▶ Раунд W-089 начался
[17:37:53] ✅ W-089   🔴3 vs 1🔵
[17:37:59] ▶ Раунд W-090 начался
[17:38:31] ✅ W-090   🔴4 vs 2🔵
[17:38:37] ▶ Раунд W-091 начался
[17:39:09] ✅ W-091   🔴5 vs 2🔵

  ++++++++++++++++++++++++++++++++++
  🔵 НОВАЯ ПАРА!
  Синий — 2
  Длина цепочки: 11 раундов
  ++++++++++++++++++++++++++++++++++
     [W-081]  🔴1  vs  4🔵
     [W-082]  🔴2  vs  4🔵
     [W-083]  🔴6  vs  2🔵
     [W-084]  🔴5  vs  6🔵
     [W-085]  🔴2  vs  2🔵
     [W-086]  🔴1  vs  6🔵
     [W-087]  🔴2  vs  5🔵
     [W-088]  🔴1  vs  3🔵
     [W-089]  🔴3  vs  1🔵
     [W-090]  🔴4  vs  2🔵
     [W-091]  🔴5  vs  2🔵
  ++++++++++++++++++++++++++++++++++

[Telegram] Ошибка отправки сообщения в чат 1477129493: 403 Client Error: Forbidden for url: https://my-tg-proxy.iwantbunnygirl.workers.dev/bot8603609103:AAENi9LYuF8bXjwK9E1oZIIpG21UNZeZW5s/sendMessage
[Telegram] Ошибка отправки сообщения в чат 1329987939: 403 Client Error: Forbidden for url: https://my-tg-proxy.iwantbunnygirl.workers.dev/bot8603609103:AAENi9LYuF8bXjwK9E1oZIIpG21UNZeZW5s/sendMessage
[Telegram] Ошибка отправки сообщения в чат 705506250: 403 Client Error: Forbidden for url: https://my-tg-proxy.iwantbunnygirl.workers.dev/bot8603609103:AAENi9LYuF8bXjwK9E1oZIIpG21UNZeZW5s/sendMessage
[17:39:15] ▶ Раунд W-092 начался
[17:39:47] ✅ W-092   🔴2 vs 5🔵
[17:39:53] ▶ Раунд W-093 начался
[17:40:25] ✅ W-093   🔴3 vs 3🔵
[17:40:31] ▶ Раунд W-094 начался
[17:41:03] ✅ W-094   🔴6 vs 4🔵
[17:41:09] ▶ Раунд W-095 начался
[17:41:41] ✅ W-095   🔴3 vs 6🔵
[17:41:47] ▶ Раунд W-096 начался
[17:42:19] ✅ W-096   🔴6 vs 4🔵
[17:42:25] ▶ Раунд W-097 начался
[17:42:57] ✅ W-097   🔴3 vs 6🔵

  ##################################
  🔴 XOX-ПАТТЕРН!
  Красный — 3
  Шаблон: xoxox
  ##################################
  🎯 [W-093]  🔴3  vs  3🔵
     [W-094]  🔴6  vs  4🔵
  🎯 [W-095]  🔴3  vs  6🔵
     [W-096]  🔴6  vs  4🔵
  🎯 [W-097]  🔴3  vs  6🔵
  ##################################

[17:43:03] ▶ Раунд W-098 начался
[17:43:35] ✅ W-098   🔴3 vs 1🔵

  ~~~~~~~~~~~~~~~~~~~~~~~~~~~~~~~~~~
  🎲 МНОГО ПОСЛЕДОВАТЕЛЬНОСТЕЙ!
  Найдено: 4
  🔵66, 🔵44, 🔵22, 🔴33
  ~~~~~~~~~~~~~~~~~~~~~~~~~~~~~~~~~~
  🔥 [W-079]  🔴2  vs  6🔵
  🔥 [W-080]  🔴3  vs  6🔵
  🔥 [W-081]  🔴1  vs  4🔵
  🔥 [W-082]  🔴2  vs  4🔵
     [W-083]  🔴6  vs  2🔵
     [W-084]  🔴5  vs  6🔵
     [W-085]  🔴2  vs  2🔵
     [W-086]  🔴1  vs  6🔵
     [W-087]  🔴2  vs  5🔵
     [W-088]  🔴1  vs  3🔵
     [W-089]  🔴3  vs  1🔵
  🔥 [W-090]  🔴4  vs  2🔵
  🔥 [W-091]  🔴5  vs  2🔵
     [W-092]  🔴2  vs  5🔵
     [W-093]  🔴3  vs  3🔵
     [W-094]  🔴6  vs  4🔵
     [W-095]  🔴3  vs  6🔵
     [W-096]  🔴6  vs  4🔵
  🔥 [W-097]  🔴3  vs  6🔵
  🔥 [W-098]  🔴3  vs  1🔵
  ~~~~~~~~~~~~~~~~~~~~~~~~~~~~~~~~~~

[Telegram] Ошибка отправки сообщения в чат 1477129493: 403 Client Error: Forbidden for url: https://my-tg-proxy.iwantbunnygirl.workers.dev/bot8603609103:AAENi9LYuF8bXjwK9E1oZIIpG21UNZeZW5s/sendMessage
[Telegram] Ошибка отправки сообщения в чат 1329987939: 403 Client Error: Forbidden for url: https://my-tg-proxy.iwantbunnygirl.workers.dev/bot8603609103:AAENi9LYuF8bXjwK9E1oZIIpG21UNZeZW5s/sendMessage
[Telegram] Ошибка отправки сообщения в чат 705506250: 403 Client Error: Forbidden for url: https://my-tg-proxy.iwantbunnygirl.workers.dev/bot8603609103:AAENi9LYuF8bXjwK9E1oZIIpG21UNZeZW5s/sendMessage

  ++++++++++++++++++++++++++++++++++
  🔴 НОВАЯ ПАРА!
  Красный — 3
  Длина цепочки: 9 раундов
  ++++++++++++++++++++++++++++++++++
     [W-090]  🔴4  vs  2🔵
     [W-091]  🔴5  vs  2🔵
     [W-092]  🔴2  vs  5🔵
     [W-093]  🔴3  vs  3🔵
     [W-094]  🔴6  vs  4🔵
     [W-095]  🔴3  vs  6🔵
     [W-096]  🔴6  vs  4🔵
     [W-097]  🔴3  vs  6🔵
     [W-098]  🔴3  vs  1🔵
  ++++++++++++++++++++++++++++++++++

[Telegram] Ошибка отправки сообщения в чат 1477129493: 403 Client Error: Forbidden for url: https://my-tg-proxy.iwantbunnygirl.workers.dev/bot8603609103:AAENi9LYuF8bXjwK9E1oZIIpG21UNZeZW5s/sendMessage
[Telegram] Ошибка отправки сообщения в чат 1329987939: 403 Client Error: Forbidden for url: https://my-tg-proxy.iwantbunnygirl.workers.dev/bot8603609103:AAENi9LYuF8bXjwK9E1oZIIpG21UNZeZW5s/sendMessage
[Telegram] Ошибка отправки сообщения в чат 705506250: 403 Client Error: Forbidden for url: https://my-tg-proxy.iwantbunnygirl.workers.dev/bot8603609103:AAENi9LYuF8bXjwK9E1oZIIpG21UNZeZW5s/sendMessage
[17:43:41] ▶ Раунд W-099 начался
[17:44:13] ✅ W-099   🔴4 vs 3🔵
[17:44:19] ▶ Раунд W-100 начался
[17:44:51] ✅ W-100   🔴1 vs 2🔵
[17:44:57] ▶ Раунд W-101 начался
[17:45:29] ✅ W-101   🔴4 vs 3🔵
[17:45:35] ▶ Раунд W-102 начался
[17:46:07] ✅ W-102   🔴3 vs 1🔵
[17:46:13] ▶ Раунд W-103 начался
[17:46:45] ✅ W-103   🔴2 vs 1🔵

  ++++++++++++++++++++++++++++++++++
  🔵 НОВАЯ ПАРА!
  Синий — 1
  Длина цепочки: 7 раундов
  ++++++++++++++++++++++++++++++++++
     [W-097]  🔴3  vs  6🔵
     [W-098]  🔴3  vs  1🔵
     [W-099]  🔴4  vs  3🔵
     [W-100]  🔴1  vs  2🔵
     [W-101]  🔴4  vs  3🔵
     [W-102]  🔴3  vs  1🔵
     [W-103]  🔴2  vs  1🔵
  ++++++++++++++++++++++++++++++++++

[Telegram] Ошибка отправки сообщения в чат 1477129493: 403 Client Error: Forbidden for url: https://my-tg-proxy.iwantbunnygirl.workers.dev/bot8603609103:AAENi9LYuF8bXjwK9E1oZIIpG21UNZeZW5s/sendMessage
[Telegram] Ошибка отправки сообщения в чат 1329987939: 403 Client Error: Forbidden for url: https://my-tg-proxy.iwantbunnygirl.workers.dev/bot8603609103:AAENi9LYuF8bXjwK9E1oZIIpG21UNZeZW5s/sendMessage
[Telegram] Ошибка отправки сообщения в чат 705506250: 403 Client Error: Forbidden for url: https://my-tg-proxy.iwantbunnygirl.workers.dev/bot8603609103:AAENi9LYuF8bXjwK9E1oZIIpG21UNZeZW5s/sendMessage
[17:46:51] ▶ Раунд W-104 начался
[17:47:23] ✅ W-104   🔴4 vs 1🔵
[17:47:29] ▶ Раунд W-105 начался
[17:48:01] ✅ W-105   🔴6 vs 3🔵
[17:48:07] ▶ Раунд W-106 начался
[17:48:39] ✅ W-106   🔴6 vs 4🔵

  ++++++++++++++++++++++++++++++++++
  🔴 НОВАЯ ПАРА!
  Красный — 6
  Длина цепочки: 5 раундов
  ++++++++++++++++++++++++++++++++++
     [W-102]  🔴3  vs  1🔵
     [W-103]  🔴2  vs  1🔵
     [W-104]  🔴4  vs  1🔵
     [W-105]  🔴6  vs  3🔵
     [W-106]  🔴6  vs  4🔵
  ++++++++++++++++++++++++++++++++++

[Telegram] Ошибка отправки сообщения в чат 1477129493: 403 Client Error: Forbidden for url: https://my-tg-proxy.iwantbunnygirl.workers.dev/bot8603609103:AAENi9LYuF8bXjwK9E1oZIIpG21UNZeZW5s/sendMessage
[Telegram] Ошибка отправки сообщения в чат 1329987939: 403 Client Error: Forbidden for url: https://my-tg-proxy.iwantbunnygirl.workers.dev/bot8603609103:AAENi9LYuF8bXjwK9E1oZIIpG21UNZeZW5s/sendMessage
[Telegram] Ошибка отправки сообщения в чат 705506250: 403 Client Error: Forbidden for url: https://my-tg-proxy.iwantbunnygirl.workers.dev/bot8603609103:AAENi9LYuF8bXjwK9E1oZIIpG21UNZeZW5s/sendMessage
[17:48:45] ▶ Раунд W-107 начался
[17:49:17] ✅ W-107   🔴2 vs 4🔵
[17:49:23] ▶ Раунд W-108 начался
[17:49:55] ✅ W-108   🔴2 vs 1🔵

  ~~~~~~~~~~~~~~~~~~~~~~~~~~~~~~~~~~
  🎲 МНОГО ПОСЛЕДОВАТЕЛЬНОСТЕЙ!
  Найдено: 4
  🔵11, 🔴66, 🔵44, 🔴22
  ~~~~~~~~~~~~~~~~~~~~~~~~~~~~~~~~~~
  🔥 [W-102]  🔴3  vs  1🔵
  🔥 [W-103]  🔴2  vs  1🔵
     [W-104]  🔴4  vs  1🔵
  🔥 [W-105]  🔴6  vs  3🔵
  🔥 [W-106]  🔴6  vs  4🔵
  🔥 [W-107]  🔴2  vs  4🔵
  🔥 [W-108]  🔴2  vs  1🔵
  ~~~~~~~~~~~~~~~~~~~~~~~~~~~~~~~~~~

[Telegram] Ошибка отправки сообщения в чат 1477129493: 403 Client Error: Forbidden for url: https://my-tg-proxy.iwantbunnygirl.workers.dev/bot8603609103:AAENi9LYuF8bXjwK9E1oZIIpG21UNZeZW5s/sendMessage
[Telegram] Ошибка отправки сообщения в чат 1329987939: 403 Client Error: Forbidden for url: https://my-tg-proxy.iwantbunnygirl.workers.dev/bot8603609103:AAENi9LYuF8bXjwK9E1oZIIpG21UNZeZW5s/sendMessage
[Telegram] Ошибка отправки сообщения в чат 705506250: 403 Client Error: Forbidden for url: https://my-tg-proxy.iwantbunnygirl.workers.dev/bot8603609103:AAENi9LYuF8bXjwK9E1oZIIpG21UNZeZW5s/sendMessage

  ++++++++++++++++++++++++++++++++++
  🔴 НОВАЯ ПАРА!
  Красный — 2
  Длина цепочки: 4 раундов
  ++++++++++++++++++++++++++++++++++
     [W-105]  🔴6  vs  3🔵
     [W-106]  🔴6  vs  4🔵
     [W-107]  🔴2  vs  4🔵
     [W-108]  🔴2  vs  1🔵
  ++++++++++++++++++++++++++++++++++

[Telegram] Ошибка отправки сообщения в чат 1477129493: 403 Client Error: Forbidden for url: https://my-tg-proxy.iwantbunnygirl.workers.dev/bot8603609103:AAENi9LYuF8bXjwK9E1oZIIpG21UNZeZW5s/sendMessage
[Telegram] Ошибка отправки сообщения в чат 1329987939: 403 Client Error: Forbidden for url: https://my-tg-proxy.iwantbunnygirl.workers.dev/bot8603609103:AAENi9LYuF8bXjwK9E1oZIIpG21UNZeZW5s/sendMessage
[Telegram] Ошибка отправки сообщения в чат 705506250: 403 Client Error: Forbidden for url: https://my-tg-proxy.iwantbunnygirl.workers.dev/bot8603609103:AAENi9LYuF8bXjwK9E1oZIIpG21UNZeZW5s/sendMessage
[17:50:01] ▶ Раунд W-109 начался
[17:50:33] ✅ W-109   🔴5 vs 6🔵
[17:50:39] ▶ Раунд W-110 начался
[17:51:11] ✅ W-110   🔴6 vs 1🔵
[17:51:17] ▶ Раунд W-111 начался
[17:51:49] ✅ W-111   🔴5 vs 6🔵
[17:51:55] ▶ Раунд W-112 начался
[17:52:27] ✅ W-112   🔴6 vs 4🔵
[17:52:33] ▶ Раунд W-113 начался
[17:53:05] ✅ W-113   🔴2 vs 6🔵

  ##################################
  🔵 XOX-ПАТТЕРН!
  Синий — 6
  Шаблон: xoxox
  ##################################
  🎯 [W-109]  🔴5  vs  6🔵
     [W-110]  🔴6  vs  1🔵
  🎯 [W-111]  🔴5  vs  6🔵
     [W-112]  🔴6  vs  4🔵
  🎯 [W-113]  🔴2  vs  6🔵
  ##################################

[17:53:11] ▶ Раунд W-114 начался
[17:53:43] ✅ W-114   🔴6 vs 3🔵

  ##################################
  🔴 XOX-ПАТТЕРН!
  Красный — 6
  Шаблон: xoxox
  ##################################
  🎯 [W-110]  🔴6  vs  1🔵
     [W-111]  🔴5  vs  6🔵
  🎯 [W-112]  🔴6  vs  4🔵
     [W-113]  🔴2  vs  6🔵
  🎯 [W-114]  🔴6  vs  3🔵
  ##################################

[17:53:49] ▶ Раунд W-115 начался
[17:54:21] ✅ W-115   🔴6 vs 6🔵

  ##################################
  🔵 XOX-ПАТТЕРН!
  Синий — 6
  Шаблон: xoxox
  ##################################
  🎯 [W-111]  🔴5  vs  6🔵
     [W-112]  🔴6  vs  4🔵
  🎯 [W-113]  🔴2  vs  6🔵
     [W-114]  🔴6  vs  3🔵
  🎯 [W-115]  🔴6  vs  6🔵
  ##################################


  ++++++++++++++++++++++++++++++++++
  🔴 НОВАЯ ПАРА!
  Красный — 6
  Длина цепочки: 9 раундов
  ++++++++++++++++++++++++++++++++++
     [W-107]  🔴2  vs  4🔵
     [W-108]  🔴2  vs  1🔵
     [W-109]  🔴5  vs  6🔵
     [W-110]  🔴6  vs  1🔵
     [W-111]  🔴5  vs  6🔵
     [W-112]  🔴6  vs  4🔵
     [W-113]  🔴2  vs  6🔵
     [W-114]  🔴6  vs  3🔵
     [W-115]  🔴6  vs  6🔵
  ++++++++++++++++++++++++++++++++++

[Telegram] Ошибка отправки сообщения в чат 1477129493: 403 Client Error: Forbidden for url: https://my-tg-proxy.iwantbunnygirl.workers.dev/bot8603609103:AAENi9LYuF8bXjwK9E1oZIIpG21UNZeZW5s/sendMessage
[Telegram] Ошибка отправки сообщения в чат 1329987939: 403 Client Error: Forbidden for url: https://my-tg-proxy.iwantbunnygirl.workers.dev/bot8603609103:AAENi9LYuF8bXjwK9E1oZIIpG21UNZeZW5s/sendMessage
[Telegram] Ошибка отправки сообщения в чат 705506250: 403 Client Error: Forbidden for url: https://my-tg-proxy.iwantbunnygirl.workers.dev/bot8603609103:AAENi9LYuF8bXjwK9E1oZIIpG21UNZeZW5s/sendMessage
[17:54:27] ▶ Раунд W-116 начался
[17:54:59] ✅ W-116   🔴1 vs 6🔵
[17:55:05] ▶ Раунд W-117 начался
[17:55:37] ✅ W-117   🔴2 vs 3🔵
[17:55:43] ▶ Раунд W-118 начался
[17:56:15] ✅ W-118   🔴1 vs 1🔵
[17:56:21] ▶ Раунд W-119 начался
[17:56:53] ✅ W-119   🔴2 vs 3🔵
[17:56:59] ▶ Раунд W-120 начался
[17:57:31] ✅ W-120   🔴3 vs 4🔵
[17:57:37] ▶ Раунд W-121 начался
[17:58:09] ✅ W-121   🔴2 vs 1🔵

  ##################################
  🔴 XOX-ПАТТЕРН!
  Красный — 2
  Шаблон: xoxox
  ##################################
  🎯 [W-117]  🔴2  vs  3🔵
     [W-118]  🔴1  vs  1🔵
  🎯 [W-119]  🔴2  vs  3🔵
     [W-120]  🔴3  vs  4🔵
  🎯 [W-121]  🔴2  vs  1🔵
  ##################################

[17:58:15] ▶ Раунд W-122 начался
[17:58:47] ✅ W-122   🔴2 vs 5🔵

  ++++++++++++++++++++++++++++++++++
  🔴 НОВАЯ ПАРА!
  Красный — 2
  Длина цепочки: 9 раундов
  ++++++++++++++++++++++++++++++++++
     [W-114]  🔴6  vs  3🔵
     [W-115]  🔴6  vs  6🔵
     [W-116]  🔴1  vs  6🔵
     [W-117]  🔴2  vs  3🔵
     [W-118]  🔴1  vs  1🔵
     [W-119]  🔴2  vs  3🔵
     [W-120]  🔴3  vs  4🔵
     [W-121]  🔴2  vs  1🔵
     [W-122]  🔴2  vs  5🔵
  ++++++++++++++++++++++++++++++++++

[Telegram] Ошибка отправки сообщения в чат 1477129493: 403 Client Error: Forbidden for url: https://my-tg-proxy.iwantbunnygirl.workers.dev/bot8603609103:AAENi9LYuF8bXjwK9E1oZIIpG21UNZeZW5s/sendMessage
[Telegram] Ошибка отправки сообщения в чат 1329987939: 403 Client Error: Forbidden for url: https://my-tg-proxy.iwantbunnygirl.workers.dev/bot8603609103:AAENi9LYuF8bXjwK9E1oZIIpG21UNZeZW5s/sendMessage
[Telegram] Ошибка отправки сообщения в чат 705506250: 403 Client Error: Forbidden for url: https://my-tg-proxy.iwantbunnygirl.workers.dev/bot8603609103:AAENi9LYuF8bXjwK9E1oZIIpG21UNZeZW5s/sendMessage
[17:58:53] ▶ Раунд W-123 начался
[17:59:25] ✅ W-123   🔴1 vs 3🔵
[17:59:31] ▶ Раунд W-124 начался
[18:00:03] ✅ W-124   🔴5 vs 1🔵

  ##################################
  🔵 XOX-ПАТТЕРН!
  Синий — 1
  Шаблон: xooxoox
  ##################################
  🎯 [W-118]  🔴1  vs  1🔵
     [W-119]  🔴2  vs  3🔵
     [W-120]  🔴3  vs  4🔵
  🎯 [W-121]  🔴2  vs  1🔵
     [W-122]  🔴2  vs  5🔵
     [W-123]  🔴1  vs  3🔵
  🎯 [W-124]  🔴5  vs  1🔵
  ##################################

[18:00:09] ▶ Раунд W-125 начался
[18:00:41] ✅ W-125   🔴2 vs 6🔵
[18:00:47] ▶ Раунд W-126 начался
[18:01:19] ✅ W-126   🔴2 vs 2🔵

  ==================================
  🔴 ПОВТОР ПАРЫ!
  Красный — 2
  Длина серии: 6 раундов
  ==================================
     [W-121]  🔴2  vs  1🔵
     [W-122]  🔴2  vs  5🔵
     [W-123]  🔴1  vs  3🔵
     [W-124]  🔴5  vs  1🔵
     [W-125]  🔴2  vs  6🔵
     [W-126]  🔴2  vs  2🔵
  ==================================


  ~~~~~~~~~~~~~~~~~~~~~~~~~~~~~~~~~~
  🎲 МНОГО ПОСЛЕДОВАТЕЛЬНОСТЕЙ!
  Найдено: 4
  🔴66, 🔵66, 🔴22, 🔴22
  ~~~~~~~~~~~~~~~~~~~~~~~~~~~~~~~~~~
  🔥 [W-114]  🔴6  vs  3🔵
  🔥 [W-115]  🔴6  vs  6🔵
  🔥 [W-116]  🔴1  vs  6🔵
     [W-117]  🔴2  vs  3🔵
     [W-118]  🔴1  vs  1🔵
     [W-119]  🔴2  vs  3🔵
     [W-120]  🔴3  vs  4🔵
  🔥 [W-121]  🔴2  vs  1🔵
  🔥 [W-122]  🔴2  vs  5🔵
     [W-123]  🔴1  vs  3🔵
     [W-124]  🔴5  vs  1🔵
  🔥 [W-125]  🔴2  vs  6🔵
  🔥 [W-126]  🔴2  vs  2🔵
  ~~~~~~~~~~~~~~~~~~~~~~~~~~~~~~~~~~

[Telegram] Ошибка отправки сообщения в чат 1477129493: 403 Client Error: Forbidden for url: https://my-tg-proxy.iwantbunnygirl.workers.dev/bot8603609103:AAENi9LYuF8bXjwK9E1oZIIpG21UNZeZW5s/sendMessage
[Telegram] Ошибка отправки сообщения в чат 1329987939: 403 Client Error: Forbidden for url: https://my-tg-proxy.iwantbunnygirl.workers.dev/bot8603609103:AAENi9LYuF8bXjwK9E1oZIIpG21UNZeZW5s/sendMessage
[Telegram] Ошибка отправки сообщения в чат 705506250: 403 Client Error: Forbidden for url: https://my-tg-proxy.iwantbunnygirl.workers.dev/bot8603609103:AAENi9LYuF8bXjwK9E1oZIIpG21UNZeZW5s/sendMessage

  ++++++++++++++++++++++++++++++++++
  🔴 НОВАЯ ПАРА!
  Красный — 2
  Длина цепочки: 6 раундов
  ++++++++++++++++++++++++++++++++++
     [W-121]  🔴2  vs  1🔵
     [W-122]  🔴2  vs  5🔵
     [W-123]  🔴1  vs  3🔵
     [W-124]  🔴5  vs  1🔵
     [W-125]  🔴2  vs  6🔵
     [W-126]  🔴2  vs  2🔵
  ++++++++++++++++++++++++++++++++++

[Telegram] Ошибка отправки сообщения в чат 1477129493: 403 Client Error: Forbidden for url: https://my-tg-proxy.iwantbunnygirl.workers.dev/bot8603609103:AAENi9LYuF8bXjwK9E1oZIIpG21UNZeZW5s/sendMessage
[Telegram] Ошибка отправки сообщения в чат 1329987939: 403 Client Error: Forbidden for url: https://my-tg-proxy.iwantbunnygirl.workers.dev/bot8603609103:AAENi9LYuF8bXjwK9E1oZIIpG21UNZeZW5s/sendMessage
[Telegram] Ошибка отправки сообщения в чат 705506250: 403 Client Error: Forbidden for url: https://my-tg-proxy.iwantbunnygirl.workers.dev/bot8603609103:AAENi9LYuF8bXjwK9E1oZIIpG21UNZeZW5s/sendMessage
[18:01:25] ▶ Раунд W-127 начался
[18:01:57] ✅ W-127   🔴5 vs 3🔵

  ##################################
  🔵 XOX-ПАТТЕРН!
  Синий — 3
  Шаблон: xoooxooox
  ##################################
  🎯 [W-119]  🔴2  vs  3🔵
     [W-120]  🔴3  vs  4🔵
     [W-121]  🔴2  vs  1🔵
     [W-122]  🔴2  vs  5🔵
  🎯 [W-123]  🔴1  vs  3🔵
     [W-124]  🔴5  vs  1🔵
     [W-125]  🔴2  vs  6🔵
     [W-126]  🔴2  vs  2🔵
  🎯 [W-127]  🔴5  vs  3🔵
  ##################################

[18:02:03] ▶ Раунд W-128 начался
[18:02:35] ✅ W-128   🔴5 vs 3🔵

  ++++++++++++++++++++++++++++++++++
  🔴 НОВАЯ ПАРА!
  Красный — 5
  Длина цепочки: 4 раундов
  ++++++++++++++++++++++++++++++++++
     [W-125]  🔴2  vs  6🔵
     [W-126]  🔴2  vs  2🔵
     [W-127]  🔴5  vs  3🔵
     [W-128]  🔴5  vs  3🔵
  ++++++++++++++++++++++++++++++++++

[Telegram] Ошибка отправки сообщения в чат 1477129493: 403 Client Error: Forbidden for url: https://my-tg-proxy.iwantbunnygirl.workers.dev/bot8603609103:AAENi9LYuF8bXjwK9E1oZIIpG21UNZeZW5s/sendMessage
[Telegram] Ошибка отправки сообщения в чат 1329987939: 403 Client Error: Forbidden for url: https://my-tg-proxy.iwantbunnygirl.workers.dev/bot8603609103:AAENi9LYuF8bXjwK9E1oZIIpG21UNZeZW5s/sendMessage
[Telegram] Ошибка отправки сообщения в чат 705506250: 403 Client Error: Forbidden for url: https://my-tg-proxy.iwantbunnygirl.workers.dev/bot8603609103:AAENi9LYuF8bXjwK9E1oZIIpG21UNZeZW5s/sendMessage
[18:02:41] ▶ Раунд W-129 начался
[18:03:13] ✅ W-129   🔴4 vs 3🔵
[18:03:19] ▶ Раунд W-130 начался
[18:03:51] ✅ W-130   🔴2 vs 5🔵
[18:03:57] ▶ Раунд W-131 начался
[18:04:29] ✅ W-131   🔴3 vs 3🔵
[18:04:35] ▶ Раунд W-132 начался
[18:05:07] ✅ W-132   🔴6 vs 2🔵
[18:05:13] ▶ Раунд W-148 начался
[18:05:45] ✅ W-148   🔴3 vs 1🔵
[18:05:51] ▶ Раунд W-149 начался
[18:06:23] ✅ W-149   🔴5 vs 2🔵
[18:06:29] ▶ Раунд W-150 начался
[18:07:01] ✅ W-150   🔴6 vs 1🔵
[18:07:07] ▶ Раунд W-151 начался
[18:07:39] ✅ W-151   🔴5 vs 1🔵

  ++++++++++++++++++++++++++++++++++
  🔵 НОВАЯ ПАРА!
  Синий — 1
  Длина цепочки: 10 раундов
  ++++++++++++++++++++++++++++++++++
     [W-127]  🔴5  vs  3🔵
     [W-128]  🔴5  vs  3🔵
     [W-129]  🔴4  vs  3🔵
     [W-130]  🔴2  vs  5🔵
     [W-131]  🔴3  vs  3🔵
     [W-132]  🔴6  vs  2🔵
     [W-148]  🔴3  vs  1🔵
     [W-149]  🔴5  vs  2🔵
     [W-150]  🔴6  vs  1🔵
     [W-151]  🔴5  vs  1🔵
  ++++++++++++++++++++++++++++++++++

[Telegram] Ошибка отправки сообщения в чат 1477129493: 403 Client Error: Forbidden for url: https://my-tg-proxy.iwantbunnygirl.workers.dev/bot8603609103:AAENi9LYuF8bXjwK9E1oZIIpG21UNZeZW5s/sendMessage
[Telegram] Ошибка отправки сообщения в чат 1329987939: 403 Client Error: Forbidden for url: https://my-tg-proxy.iwantbunnygirl.workers.dev/bot8603609103:AAENi9LYuF8bXjwK9E1oZIIpG21UNZeZW5s/sendMessage
[Telegram] Ошибка отправки сообщения в чат 705506250: 403 Client Error: Forbidden for url: https://my-tg-proxy.iwantbunnygirl.workers.dev/bot8603609103:AAENi9LYuF8bXjwK9E1oZIIpG21UNZeZW5s/sendMessage
[18:07:45] ▶ Раунд W-152 начался
[18:08:17] ✅ W-152   🔴1 vs 1🔵
[18:08:23] ▶ Раунд W-153 начался
[18:08:55] ✅ W-153   🔴2 vs 3🔵
[18:09:01] ▶ Раунд W-154 начался
[18:09:33] ✅ W-154   🔴1 vs 3🔵

  ~~~~~~~~~~~~~~~~~~~~~~~~~~~~~~~~~~
  🎲 МНОГО ПОСЛЕДОВАТЕЛЬНОСТЕЙ!
  Найдено: 4
  🔴55, 🔵33, 🔵11, 🔵33
  ~~~~~~~~~~~~~~~~~~~~~~~~~~~~~~~~~~
  🔥 [W-127]  🔴5  vs  3🔵
  🔥 [W-128]  🔴5  vs  3🔵
     [W-129]  🔴4  vs  3🔵
     [W-130]  🔴2  vs  5🔵
     [W-131]  🔴3  vs  3🔵
     [W-132]  🔴6  vs  2🔵
     [W-148]  🔴3  vs  1🔵
     [W-149]  🔴5  vs  2🔵
  🔥 [W-150]  🔴6  vs  1🔵
  🔥 [W-151]  🔴5  vs  1🔵
     [W-152]  🔴1  vs  1🔵
  🔥 [W-153]  🔴2  vs  3🔵
  🔥 [W-154]  🔴1  vs  3🔵
  ~~~~~~~~~~~~~~~~~~~~~~~~~~~~~~~~~~

[Telegram] Ошибка отправки сообщения в чат 1477129493: 403 Client Error: Forbidden for url: https://my-tg-proxy.iwantbunnygirl.workers.dev/bot8603609103:AAENi9LYuF8bXjwK9E1oZIIpG21UNZeZW5s/sendMessage
[Telegram] Ошибка отправки сообщения в чат 1329987939: 403 Client Error: Forbidden for url: https://my-tg-proxy.iwantbunnygirl.workers.dev/bot8603609103:AAENi9LYuF8bXjwK9E1oZIIpG21UNZeZW5s/sendMessage
[Telegram] Ошибка отправки сообщения в чат 705506250: 403 Client Error: Forbidden for url: https://my-tg-proxy.iwantbunnygirl.workers.dev/bot8603609103:AAENi9LYuF8bXjwK9E1oZIIpG21UNZeZW5s/sendMessage

  ++++++++++++++++++++++++++++++++++
  🔵 НОВАЯ ПАРА!
  Синий — 3
  Длина цепочки: 5 раундов
  ++++++++++++++++++++++++++++++++++
     [W-150]  🔴6  vs  1🔵
     [W-151]  🔴5  vs  1🔵
     [W-152]  🔴1  vs  1🔵
     [W-153]  🔴2  vs  3🔵
     [W-154]  🔴1  vs  3🔵
  ++++++++++++++++++++++++++++++++++

[Telegram] Ошибка отправки сообщения в чат 1477129493: 403 Client Error: Forbidden for url: https://my-tg-proxy.iwantbunnygirl.workers.dev/bot8603609103:AAENi9LYuF8bXjwK9E1oZIIpG21UNZeZW5s/sendMessage
[Telegram] Ошибка отправки сообщения в чат 1329987939: 403 Client Error: Forbidden for url: https://my-tg-proxy.iwantbunnygirl.workers.dev/bot8603609103:AAENi9LYuF8bXjwK9E1oZIIpG21UNZeZW5s/sendMessage
[Telegram] Ошибка отправки сообщения в чат 705506250: 403 Client Error: Forbidden for url: https://my-tg-proxy.iwantbunnygirl.workers.dev/bot8603609103:AAENi9LYuF8bXjwK9E1oZIIpG21UNZeZW5s/sendMessage
[18:09:39] ▶ Раунд W-155 начался
[18:10:11] ✅ W-155   🔴2 vs 6🔵
[18:10:17] ▶ Раунд W-156 начался
[18:10:49] ✅ W-156   🔴4 vs 1🔵
[18:10:55] ▶ Раунд W-157 начался
[18:11:27] ✅ W-157   🔴5 vs 6🔵
[18:11:33] ▶ Раунд W-158 начался
[18:12:05] ✅ W-158   🔴4 vs 5🔵
[18:12:11] ▶ Раунд W-159 начался
[18:12:43] ✅ W-159   🔴1 vs 4🔵
[18:12:49] ▶ Раунд W-160 начался
[18:13:21] ✅ W-160   🔴1 vs 1🔵

  ##################################
  🔵 XOX-ПАТТЕРН!
  Синий — 1
  Шаблон: xoooxooox
  ##################################
  🎯 [W-152]  🔴1  vs  1🔵
     [W-153]  🔴2  vs  3🔵
     [W-154]  🔴1  vs  3🔵
     [W-155]  🔴2  vs  6🔵
  🎯 [W-156]  🔴4  vs  1🔵
     [W-157]  🔴5  vs  6🔵
     [W-158]  🔴4  vs  5🔵
     [W-159]  🔴1  vs  4🔵
  🎯 [W-160]  🔴1  vs  1🔵
  ##################################


  ++++++++++++++++++++++++++++++++++
  🔴 НОВАЯ ПАРА!
  Красный — 1
  Длина цепочки: 8 раундов
  ++++++++++++++++++++++++++++++++++
     [W-153]  🔴2  vs  3🔵
     [W-154]  🔴1  vs  3🔵
     [W-155]  🔴2  vs  6🔵
     [W-156]  🔴4  vs  1🔵
     [W-157]  🔴5  vs  6🔵
     [W-158]  🔴4  vs  5🔵
     [W-159]  🔴1  vs  4🔵
     [W-160]  🔴1  vs  1🔵
  ++++++++++++++++++++++++++++++++++

[Telegram] Ошибка отправки сообщения в чат 1477129493: 403 Client Error: Forbidden for url: https://my-tg-proxy.iwantbunnygirl.workers.dev/bot8603609103:AAENi9LYuF8bXjwK9E1oZIIpG21UNZeZW5s/sendMessage
[Telegram] Ошибка отправки сообщения в чат 1329987939: 403 Client Error: Forbidden for url: https://my-tg-proxy.iwantbunnygirl.workers.dev/bot8603609103:AAENi9LYuF8bXjwK9E1oZIIpG21UNZeZW5s/sendMessage
[Telegram] Ошибка отправки сообщения в чат 705506250: 403 Client Error: Forbidden for url: https://my-tg-proxy.iwantbunnygirl.workers.dev/bot8603609103:AAENi9LYuF8bXjwK9E1oZIIpG21UNZeZW5s/sendMessage
[18:13:27] ▶ Раунд W-161 начался
[18:13:59] ✅ W-161   🔴3 vs 2🔵
[18:14:05] ▶ Раунд W-162 начался
[18:14:37] ✅ W-162   🔴6 vs 1🔵
[18:14:43] ▶ Раунд W-163 начался
[18:15:15] ✅ W-163   🔴5 vs 1🔵

  ##################################
  🔴 XOX-ПАТТЕРН!
  Красный — 5
  Шаблон: xoooooxooooox
  ##################################
  🎯 [W-151]  🔴5  vs  1🔵
     [W-152]  🔴1  vs  1🔵
     [W-153]  🔴2  vs  3🔵
     [W-154]  🔴1  vs  3🔵
     [W-155]  🔴2  vs  6🔵
     [W-156]  🔴4  vs  1🔵
  🎯 [W-157]  🔴5  vs  6🔵
     [W-158]  🔴4  vs  5🔵
     [W-159]  🔴1  vs  4🔵
     [W-160]  🔴1  vs  1🔵
     [W-161]  🔴3  vs  2🔵
     [W-162]  🔴6  vs  1🔵
  🎯 [W-163]  🔴5  vs  1🔵
  ##################################


  ++++++++++++++++++++++++++++++++++
  🔵 НОВАЯ ПАРА!
  Синий — 1
  Длина цепочки: 5 раундов
  ++++++++++++++++++++++++++++++++++
     [W-159]  🔴1  vs  4🔵
     [W-160]  🔴1  vs  1🔵
     [W-161]  🔴3  vs  2🔵
     [W-162]  🔴6  vs  1🔵
     [W-163]  🔴5  vs  1🔵
  ++++++++++++++++++++++++++++++++++

[Telegram] Ошибка отправки сообщения в чат 1477129493: 403 Client Error: Forbidden for url: https://my-tg-proxy.iwantbunnygirl.workers.dev/bot8603609103:AAENi9LYuF8bXjwK9E1oZIIpG21UNZeZW5s/sendMessage
[Telegram] Ошибка отправки сообщения в чат 1329987939: 403 Client Error: Forbidden for url: https://my-tg-proxy.iwantbunnygirl.workers.dev/bot8603609103:AAENi9LYuF8bXjwK9E1oZIIpG21UNZeZW5s/sendMessage
[Telegram] Ошибка отправки сообщения в чат 705506250: 403 Client Error: Forbidden for url: https://my-tg-proxy.iwantbunnygirl.workers.dev/bot8603609103:AAENi9LYuF8bXjwK9E1oZIIpG21UNZeZW5s/sendMessage
[18:15:21] ▶ Раунд W-164 начался
[18:15:53] ✅ W-164   🔴5 vs 1🔵
[18:15:59] ▶ Раунд W-165 начался
[18:16:31] ✅ W-165   🔴4 vs 2🔵
[18:16:37] ▶ Раунд W-166 начался
[18:17:09] ✅ W-166   🔴4 vs 3🔵

  ~~~~~~~~~~~~~~~~~~~~~~~~~~~~~~~~~~
  🎲 МНОГО ПОСЛЕДОВАТЕЛЬНОСТЕЙ!
  Найдено: 4
  🔴11, 🔵11, 🔴55, 🔴44
  ~~~~~~~~~~~~~~~~~~~~~~~~~~~~~~~~~~
  🔥 [W-159]  🔴1  vs  4🔵
  🔥 [W-160]  🔴1  vs  1🔵
     [W-161]  🔴3  vs  2🔵
  🔥 [W-162]  🔴6  vs  1🔵
  🔥 [W-163]  🔴5  vs  1🔵
  🔥 [W-164]  🔴5  vs  1🔵
  🔥 [W-165]  🔴4  vs  2🔵
  🔥 [W-166]  🔴4  vs  3🔵
  ~~~~~~~~~~~~~~~~~~~~~~~~~~~~~~~~~~

[Telegram] Ошибка отправки сообщения в чат 1477129493: 403 Client Error: Forbidden for url: https://my-tg-proxy.iwantbunnygirl.workers.dev/bot8603609103:AAENi9LYuF8bXjwK9E1oZIIpG21UNZeZW5s/sendMessage
[Telegram] Ошибка отправки сообщения в чат 1329987939: 403 Client Error: Forbidden for url: https://my-tg-proxy.iwantbunnygirl.workers.dev/bot8603609103:AAENi9LYuF8bXjwK9E1oZIIpG21UNZeZW5s/sendMessage
[Telegram] Ошибка отправки сообщения в чат 705506250: 403 Client Error: Forbidden for url: https://my-tg-proxy.iwantbunnygirl.workers.dev/bot8603609103:AAENi9LYuF8bXjwK9E1oZIIpG21UNZeZW5s/sendMessage

  ++++++++++++++++++++++++++++++++++
  🔴 НОВАЯ ПАРА!
  Красный — 4
  Длина цепочки: 5 раундов
  ++++++++++++++++++++++++++++++++++
     [W-162]  🔴6  vs  1🔵
     [W-163]  🔴5  vs  1🔵
     [W-164]  🔴5  vs  1🔵
     [W-165]  🔴4  vs  2🔵
     [W-166]  🔴4  vs  3🔵
  ++++++++++++++++++++++++++++++++++

[Telegram] Ошибка отправки сообщения в чат 1477129493: 403 Client Error: Forbidden for url: https://my-tg-proxy.iwantbunnygirl.workers.dev/bot8603609103:AAENi9LYuF8bXjwK9E1oZIIpG21UNZeZW5s/sendMessage
[Telegram] Ошибка отправки сообщения в чат 1329987939: 403 Client Error: Forbidden for url: https://my-tg-proxy.iwantbunnygirl.workers.dev/bot8603609103:AAENi9LYuF8bXjwK9E1oZIIpG21UNZeZW5s/sendMessage
[Telegram] Ошибка отправки сообщения в чат 705506250: 403 Client Error: Forbidden for url: https://my-tg-proxy.iwantbunnygirl.workers.dev/bot8603609103:AAENi9LYuF8bXjwK9E1oZIIpG21UNZeZW5s/sendMessage
[18:17:15] ▶ Раунд W-167 начался
[18:17:47] ✅ W-167   🔴4 vs 4🔵
[18:17:53] ▶ Раунд W-168 начался
[18:18:25] ✅ W-168   🔴5 vs 6🔵
[18:18:31] ▶ Раунд W-169 начался
[18:19:03] ✅ W-169   🔴2 vs 6🔵

  ++++++++++++++++++++++++++++++++++
  🔵 НОВАЯ ПАРА!
  Синий — 6
  Длина цепочки: 5 раундов
  ++++++++++++++++++++++++++++++++++
     [W-165]  🔴4  vs  2🔵
     [W-166]  🔴4  vs  3🔵
     [W-167]  🔴4  vs  4🔵
     [W-168]  🔴5  vs  6🔵
     [W-169]  🔴2  vs  6🔵
  ++++++++++++++++++++++++++++++++++

[Telegram] Ошибка отправки сообщения в чат 1477129493: 403 Client Error: Forbidden for url: https://my-tg-proxy.iwantbunnygirl.workers.dev/bot8603609103:AAENi9LYuF8bXjwK9E1oZIIpG21UNZeZW5s/sendMessage
[Telegram] Ошибка отправки сообщения в чат 1329987939: 403 Client Error: Forbidden for url: https://my-tg-proxy.iwantbunnygirl.workers.dev/bot8603609103:AAENi9LYuF8bXjwK9E1oZIIpG21UNZeZW5s/sendMessage
[Telegram] Ошибка отправки сообщения в чат 705506250: 403 Client Error: Forbidden for url: https://my-tg-proxy.iwantbunnygirl.workers.dev/bot8603609103:AAENi9LYuF8bXjwK9E1oZIIpG21UNZeZW5s/sendMessage
[18:19:09] ▶ Раунд W-170 начался
[18:19:41] ✅ W-170   🔴1 vs 3🔵
[18:19:47] ▶ Раунд W-171 начался
[18:20:19] ✅ W-171   🔴3 vs 5🔵
[18:20:25] ▶ Раунд W-172 начался
[18:20:57] ✅ W-172   🔴4 vs 2🔵
[18:21:03] ▶ Раунд W-173 начался
[18:21:35] ✅ W-173   🔴4 vs 4🔵

  ++++++++++++++++++++++++++++++++++
  🔴 НОВАЯ ПАРА!
  Красный — 4
  Длина цепочки: 6 раундов
  ++++++++++++++++++++++++++++++++++
     [W-168]  🔴5  vs  6🔵
     [W-169]  🔴2  vs  6🔵
     [W-170]  🔴1  vs  3🔵
     [W-171]  🔴3  vs  5🔵
     [W-172]  🔴4  vs  2🔵
     [W-173]  🔴4  vs  4🔵
  ++++++++++++++++++++++++++++++++++

[Telegram] Ошибка отправки сообщения в чат 1477129493: 403 Client Error: Forbidden for url: https://my-tg-proxy.iwantbunnygirl.workers.dev/bot8603609103:AAENi9LYuF8bXjwK9E1oZIIpG21UNZeZW5s/sendMessage
[Telegram] Ошибка отправки сообщения в чат 1329987939: 403 Client Error: Forbidden for url: https://my-tg-proxy.iwantbunnygirl.workers.dev/bot8603609103:AAENi9LYuF8bXjwK9E1oZIIpG21UNZeZW5s/sendMessage
[Telegram] Ошибка отправки сообщения в чат 705506250: 403 Client Error: Forbidden for url: https://my-tg-proxy.iwantbunnygirl.workers.dev/bot8603609103:AAENi9LYuF8bXjwK9E1oZIIpG21UNZeZW5s/sendMessage
[18:21:41] ▶ Раунд W-174 начался
[18:22:13] ✅ W-174   🔴6 vs 3🔵

  ##################################
  🔵 XOX-ПАТТЕРН!
  Синий — 3
  Шаблон: xoooxooox
  ##################################
  🎯 [W-166]  🔴4  vs  3🔵
     [W-167]  🔴4  vs  4🔵
     [W-168]  🔴5  vs  6🔵
     [W-169]  🔴2  vs  6🔵
  🎯 [W-170]  🔴1  vs  3🔵
     [W-171]  🔴3  vs  5🔵
     [W-172]  🔴4  vs  2🔵
     [W-173]  🔴4  vs  4🔵
  🎯 [W-174]  🔴6  vs  3🔵
  ##################################

[18:22:19] ▶ Раунд W-175 начался
[18:22:51] ✅ W-175   🔴5 vs 4🔵
[18:22:57] ▶ Раунд W-176 начался
[18:23:29] ✅ W-176   🔴5 vs 4🔵

  ~~~~~~~~~~~~~~~~~~~~~~~~~~~~~~~~~~
  🎲 МНОГО ПОСЛЕДОВАТЕЛЬНОСТЕЙ!
  Найдено: 4
  🔵66, 🔴44, 🔴55, 🔵44
  ~~~~~~~~~~~~~~~~~~~~~~~~~~~~~~~~~~
  🔥 [W-168]  🔴5  vs  6🔵
  🔥 [W-169]  🔴2  vs  6🔵
     [W-170]  🔴1  vs  3🔵
     [W-171]  🔴3  vs  5🔵
  🔥 [W-172]  🔴4  vs  2🔵
  🔥 [W-173]  🔴4  vs  4🔵
     [W-174]  🔴6  vs  3🔵
  🔥 [W-175]  🔴5  vs  4🔵
  🔥 [W-176]  🔴5  vs  4🔵
  ~~~~~~~~~~~~~~~~~~~~~~~~~~~~~~~~~~

[Telegram] Ошибка отправки сообщения в чат 1477129493: 403 Client Error: Forbidden for url: https://my-tg-proxy.iwantbunnygirl.workers.dev/bot8603609103:AAENi9LYuF8bXjwK9E1oZIIpG21UNZeZW5s/sendMessage
[Telegram] Ошибка отправки сообщения в чат 1329987939: 403 Client Error: Forbidden for url: https://my-tg-proxy.iwantbunnygirl.workers.dev/bot8603609103:AAENi9LYuF8bXjwK9E1oZIIpG21UNZeZW5s/sendMessage
[Telegram] Ошибка отправки сообщения в чат 705506250: 403 Client Error: Forbidden for url: https://my-tg-proxy.iwantbunnygirl.workers.dev/bot8603609103:AAENi9LYuF8bXjwK9E1oZIIpG21UNZeZW5s/sendMessage

  ++++++++++++++++++++++++++++++++++
  🔴 НОВАЯ ПАРА!
  Красный — 5
  Длина цепочки: 5 раундов
  ++++++++++++++++++++++++++++++++++
     [W-172]  🔴4  vs  2🔵
     [W-173]  🔴4  vs  4🔵
     [W-174]  🔴6  vs  3🔵
     [W-175]  🔴5  vs  4🔵
     [W-176]  🔴5  vs  4🔵
  ++++++++++++++++++++++++++++++++++

[Telegram] Ошибка отправки сообщения в чат 1477129493: 403 Client Error: Forbidden for url: https://my-tg-proxy.iwantbunnygirl.workers.dev/bot8603609103:AAENi9LYuF8bXjwK9E1oZIIpG21UNZeZW5s/sendMessage
[Telegram] Ошибка отправки сообщения в чат 1329987939: 403 Client Error: Forbidden for url: https://my-tg-proxy.iwantbunnygirl.workers.dev/bot8603609103:AAENi9LYuF8bXjwK9E1oZIIpG21UNZeZW5s/sendMessage
[Telegram] Ошибка отправки сообщения в чат 705506250: 403 Client Error: Forbidden for url: https://my-tg-proxy.iwantbunnygirl.workers.dev/bot8603609103:AAENi9LYuF8bXjwK9E1oZIIpG21UNZeZW5s/sendMessage
[18:23:35] ▶ Раунд W-177 начался
[18:24:07] ✅ W-177   🔴6 vs 3🔵
[18:24:13] ▶ Раунд W-178 начался
[18:24:45] ✅ W-178   🔴3 vs 6🔵
[18:24:51] ▶ Раунд W-179 начался
[18:25:23] ✅ W-179   🔴3 vs 4🔵

  ++++++++++++++++++++++++++++++++++
  🔴 НОВАЯ ПАРА!
  Красный — 3
  Длина цепочки: 5 раундов
  ++++++++++++++++++++++++++++++++++
     [W-175]  🔴5  vs  4🔵
     [W-176]  🔴5  vs  4🔵
     [W-177]  🔴6  vs  3🔵
     [W-178]  🔴3  vs  6🔵
     [W-179]  🔴3  vs  4🔵
  ++++++++++++++++++++++++++++++++++

[Telegram] Ошибка отправки сообщения в чат 1477129493: 403 Client Error: Forbidden for url: https://my-tg-proxy.iwantbunnygirl.workers.dev/bot8603609103:AAENi9LYuF8bXjwK9E1oZIIpG21UNZeZW5s/sendMessage
[Telegram] Ошибка отправки сообщения в чат 1329987939: 403 Client Error: Forbidden for url: https://my-tg-proxy.iwantbunnygirl.workers.dev/bot8603609103:AAENi9LYuF8bXjwK9E1oZIIpG21UNZeZW5s/sendMessage
[Telegram] Ошибка отправки сообщения в чат 705506250: 403 Client Error: Forbidden for url: https://my-tg-proxy.iwantbunnygirl.workers.dev/bot8603609103:AAENi9LYuF8bXjwK9E1oZIIpG21UNZeZW5s/sendMessage
[18:25:29] ▶ Раунд W-180 начался
[18:26:01] ✅ W-180   🔴1 vs 1🔵
[18:26:07] ▶ Раунд W-181 начался
[18:26:39] ✅ W-181   🔴2 vs 6🔵
[18:26:45] ▶ Раунд W-182 начался
[18:27:17] ✅ W-182   🔴1 vs 3🔵
[18:27:23] ▶ Раунд W-183 начался
[18:27:55] ✅ W-183   🔴6 vs 6🔵
[18:28:01] ▶ Раунд W-184 начался
[18:28:33] ✅ W-184   🔴1 vs 2🔵

  ##################################
  🔴 XOX-ПАТТЕРН!
  Красный — 1
  Шаблон: xoxox
  ##################################
  🎯 [W-180]  🔴1  vs  1🔵
     [W-181]  🔴2  vs  6🔵
  🎯 [W-182]  🔴1  vs  3🔵
     [W-183]  🔴6  vs  6🔵
  🎯 [W-184]  🔴1  vs  2🔵
  ##################################

[18:28:39] ▶ Раунд W-185 начался
[18:29:11] ✅ W-185   🔴2 vs 3🔵
[18:29:17] ▶ Раунд W-186 начался
[18:29:49] ✅ W-186   🔴3 vs 5🔵
[18:29:55] ▶ Раунд W-187 начался
[18:30:27] ✅ W-187   🔴1 vs 5🔵

  ++++++++++++++++++++++++++++++++++
  🔵 НОВАЯ ПАРА!
  Синий — 5
  Длина цепочки: 10 раундов
  ++++++++++++++++++++++++++++++++++
     [W-178]  🔴3  vs  6🔵
     [W-179]  🔴3  vs  4🔵
     [W-180]  🔴1  vs  1🔵
     [W-181]  🔴2  vs  6🔵
     [W-182]  🔴1  vs  3🔵
     [W-183]  🔴6  vs  6🔵
     [W-184]  🔴1  vs  2🔵
     [W-185]  🔴2  vs  3🔵
     [W-186]  🔴3  vs  5🔵
     [W-187]  🔴1  vs  5🔵
  ++++++++++++++++++++++++++++++++++

[Telegram] Ошибка отправки сообщения в чат 1477129493: 403 Client Error: Forbidden for url: https://my-tg-proxy.iwantbunnygirl.workers.dev/bot8603609103:AAENi9LYuF8bXjwK9E1oZIIpG21UNZeZW5s/sendMessage
[Telegram] Ошибка отправки сообщения в чат 1329987939: 403 Client Error: Forbidden for url: https://my-tg-proxy.iwantbunnygirl.workers.dev/bot8603609103:AAENi9LYuF8bXjwK9E1oZIIpG21UNZeZW5s/sendMessage
[Telegram] Ошибка отправки сообщения в чат 705506250: 403 Client Error: Forbidden for url: https://my-tg-proxy.iwantbunnygirl.workers.dev/bot8603609103:AAENi9LYuF8bXjwK9E1oZIIpG21UNZeZW5s/sendMessage
[18:30:33] ▶ Раунд W-188 начался
[18:31:05] ✅ W-188   🔴6 vs 6🔵
[18:31:11] ▶ Раунд W-189 начался
[18:31:43] ✅ W-189   🔴6 vs 2🔵

  ++++++++++++++++++++++++++++++++++
  🔴 НОВАЯ ПАРА!
  Красный — 6
  Длина цепочки: 4 раундов
  ++++++++++++++++++++++++++++++++++
     [W-186]  🔴3  vs  5🔵
     [W-187]  🔴1  vs  5🔵
     [W-188]  🔴6  vs  6🔵
     [W-189]  🔴6  vs  2🔵
  ++++++++++++++++++++++++++++++++++

[Telegram] Ошибка отправки сообщения в чат 1477129493: 403 Client Error: Forbidden for url: https://my-tg-proxy.iwantbunnygirl.workers.dev/bot8603609103:AAENi9LYuF8bXjwK9E1oZIIpG21UNZeZW5s/sendMessage
[Telegram] Ошибка отправки сообщения в чат 1329987939: 403 Client Error: Forbidden for url: https://my-tg-proxy.iwantbunnygirl.workers.dev/bot8603609103:AAENi9LYuF8bXjwK9E1oZIIpG21UNZeZW5s/sendMessage
[Telegram] Ошибка отправки сообщения в чат 705506250: 403 Client Error: Forbidden for url: https://my-tg-proxy.iwantbunnygirl.workers.dev/bot8603609103:AAENi9LYuF8bXjwK9E1oZIIpG21UNZeZW5s/sendMessage
[18:31:49] ▶ Раунд W-190 начался
[18:32:21] ✅ W-190   🔴3 vs 5🔵
[18:32:27] ▶ Раунд W-191 начался
[18:32:59] ✅ W-191   🔴5 vs 2🔵
[18:33:05] ▶ Раунд W-192 начался
[18:33:37] ✅ W-192   🔴3 vs 4🔵
[18:33:43] ▶ Раунд W-193 начался
[18:34:15] ✅ W-193   🔴5 vs 4🔵

  ~~~~~~~~~~~~~~~~~~~~~~~~~~~~~~~~~~
  🎲 МНОГО ПОСЛЕДОВАТЕЛЬНОСТЕЙ!
  Найдено: 4
  🔴33, 🔵55, 🔴66, 🔵44
  ~~~~~~~~~~~~~~~~~~~~~~~~~~~~~~~~~~
  🔥 [W-178]  🔴3  vs  6🔵
  🔥 [W-179]  🔴3  vs  4🔵
     [W-180]  🔴1  vs  1🔵
     [W-181]  🔴2  vs  6🔵
     [W-182]  🔴1  vs  3🔵
     [W-183]  🔴6  vs  6🔵
     [W-184]  🔴1  vs  2🔵
     [W-185]  🔴2  vs  3🔵
  🔥 [W-186]  🔴3  vs  5🔵
  🔥 [W-187]  🔴1  vs  5🔵
  🔥 [W-188]  🔴6  vs  6🔵
  🔥 [W-189]  🔴6  vs  2🔵
     [W-190]  🔴3  vs  5🔵
     [W-191]  🔴5  vs  2🔵
  🔥 [W-192]  🔴3  vs  4🔵
  🔥 [W-193]  🔴5  vs  4🔵
  ~~~~~~~~~~~~~~~~~~~~~~~~~~~~~~~~~~

[Telegram] Ошибка отправки сообщения в чат 1477129493: 403 Client Error: Forbidden for url: https://my-tg-proxy.iwantbunnygirl.workers.dev/bot8603609103:AAENi9LYuF8bXjwK9E1oZIIpG21UNZeZW5s/sendMessage
[Telegram] Ошибка отправки сообщения в чат 1329987939: 403 Client Error: Forbidden for url: https://my-tg-proxy.iwantbunnygirl.workers.dev/bot8603609103:AAENi9LYuF8bXjwK9E1oZIIpG21UNZeZW5s/sendMessage
[Telegram] Ошибка отправки сообщения в чат 705506250: 403 Client Error: Forbidden for url: https://my-tg-proxy.iwantbunnygirl.workers.dev/bot8603609103:AAENi9LYuF8bXjwK9E1oZIIpG21UNZeZW5s/sendMessage

  ++++++++++++++++++++++++++++++++++
  🔵 НОВАЯ ПАРА!
  Синий — 4
  Длина цепочки: 6 раундов
  ++++++++++++++++++++++++++++++++++
     [W-188]  🔴6  vs  6🔵
     [W-189]  🔴6  vs  2🔵
     [W-190]  🔴3  vs  5🔵
     [W-191]  🔴5  vs  2🔵
     [W-192]  🔴3  vs  4🔵
     [W-193]  🔴5  vs  4🔵
  ++++++++++++++++++++++++++++++++++

[Telegram] Ошибка отправки сообщения в чат 1477129493: 403 Client Error: Forbidden for url: https://my-tg-proxy.iwantbunnygirl.workers.dev/bot8603609103:AAENi9LYuF8bXjwK9E1oZIIpG21UNZeZW5s/sendMessage
[Telegram] Ошибка отправки сообщения в чат 1329987939: 403 Client Error: Forbidden for url: https://my-tg-proxy.iwantbunnygirl.workers.dev/bot8603609103:AAENi9LYuF8bXjwK9E1oZIIpG21UNZeZW5s/sendMessage
[Telegram] Ошибка отправки сообщения в чат 705506250: 403 Client Error: Forbidden for url: https://my-tg-proxy.iwantbunnygirl.workers.dev/bot8603609103:AAENi9LYuF8bXjwK9E1oZIIpG21UNZeZW5s/sendMessage
[18:34:21] ▶ Раунд W-194 начался
[18:34:53] ✅ W-194   🔴6 vs 3🔵
[18:34:59] ▶ Раунд W-195 начался
[18:35:31] ✅ W-195   🔴2 vs 6🔵
[18:35:37] ▶ Раунд W-196 начался
[18:36:09] ✅ W-196   🔴2 vs 6🔵

  ++++++++++++++++++++++++++++++++++
  🔴 НОВАЯ ПАРА!
  Красный — 2
  Длина цепочки: 5 раундов
  ++++++++++++++++++++++++++++++++++
     [W-192]  🔴3  vs  4🔵
     [W-193]  🔴5  vs  4🔵
     [W-194]  🔴6  vs  3🔵
     [W-195]  🔴2  vs  6🔵
     [W-196]  🔴2  vs  6🔵
  ++++++++++++++++++++++++++++++++++

[Telegram] Ошибка отправки сообщения в чат 1477129493: 403 Client Error: Forbidden for url: https://my-tg-proxy.iwantbunnygirl.workers.dev/bot8603609103:AAENi9LYuF8bXjwK9E1oZIIpG21UNZeZW5s/sendMessage
[Telegram] Ошибка отправки сообщения в чат 1329987939: 403 Client Error: Forbidden for url: https://my-tg-proxy.iwantbunnygirl.workers.dev/bot8603609103:AAENi9LYuF8bXjwK9E1oZIIpG21UNZeZW5s/sendMessage
[Telegram] Ошибка отправки сообщения в чат 705506250: 403 Client Error: Forbidden for url: https://my-tg-proxy.iwantbunnygirl.workers.dev/bot8603609103:AAENi9LYuF8bXjwK9E1oZIIpG21UNZeZW5s/sendMessage
[18:36:15] ▶ Раунд W-197 начался
[18:36:47] ✅ W-197   🔴2 vs 6🔵
[18:36:53] ▶ Раунд W-198 начался
[18:37:25] ✅ W-198   🔴4 vs 3🔵
[18:37:31] ▶ Раунд W-199 начался
[18:38:03] ✅ W-199   🔴3 vs 4🔵
[18:38:09] ▶ Раунд W-200 начался
[18:38:41] ✅ W-200   🔴6 vs 2🔵
[18:38:47] ▶ Раунд W-201 начался
[18:39:19] ✅ W-201   🔴2 vs 2🔵

  ++++++++++++++++++++++++++++++++++
  🔵 НОВАЯ ПАРА!
  Синий — 2
  Длина цепочки: 7 раундов
  ++++++++++++++++++++++++++++++++++
     [W-195]  🔴2  vs  6🔵
     [W-196]  🔴2  vs  6🔵
     [W-197]  🔴2  vs  6🔵
     [W-198]  🔴4  vs  3🔵
     [W-199]  🔴3  vs  4🔵
     [W-200]  🔴6  vs  2🔵
     [W-201]  🔴2  vs  2🔵
  ++++++++++++++++++++++++++++++++++

[Telegram] Ошибка отправки сообщения в чат 1477129493: 403 Client Error: Forbidden for url: https://my-tg-proxy.iwantbunnygirl.workers.dev/bot8603609103:AAENi9LYuF8bXjwK9E1oZIIpG21UNZeZW5s/sendMessage
[Telegram] Ошибка отправки сообщения в чат 1329987939: 403 Client Error: Forbidden for url: https://my-tg-proxy.iwantbunnygirl.workers.dev/bot8603609103:AAENi9LYuF8bXjwK9E1oZIIpG21UNZeZW5s/sendMessage
[Telegram] Ошибка отправки сообщения в чат 705506250: 403 Client Error: Forbidden for url: https://my-tg-proxy.iwantbunnygirl.workers.dev/bot8603609103:AAENi9LYuF8bXjwK9E1oZIIpG21UNZeZW5s/sendMessage
[18:39:25] ▶ Раунд W-202 начался
[18:39:57] ✅ W-202   🔴5 vs 3🔵

  ##################################
  🔵 XOX-ПАТТЕРН!
  Синий — 3
  Шаблон: xoooxooox
  ##################################
  🎯 [W-194]  🔴6  vs  3🔵
     [W-195]  🔴2  vs  6🔵
     [W-196]  🔴2  vs  6🔵
     [W-197]  🔴2  vs  6🔵
  🎯 [W-198]  🔴4  vs  3🔵
     [W-199]  🔴3  vs  4🔵
     [W-200]  🔴6  vs  2🔵
     [W-201]  🔴2  vs  2🔵
  🎯 [W-202]  🔴5  vs  3🔵
  ##################################

[18:40:03] ▶ Раунд W-203 начался
[18:40:35] ✅ W-203   🔴2 vs 5🔵
[18:40:41] ▶ Раунд W-204 начался
[18:41:13] ✅ W-204   🔴6 vs 2🔵
[18:41:19] ▶ Раунд W-205 начался
[18:41:51] ✅ W-205   🔴1 vs 6🔵
[18:41:57] ▶ Раунд W-206 начался
[18:42:29] ✅ W-206   🔴5 vs 5🔵
[18:42:35] ▶ Раунд W-207 начался
[18:43:07] ✅ W-207   🔴1 vs 1🔵
[18:43:13] ▶ Раунд W-208 начался
[18:43:45] ✅ W-208   🔴2 vs 6🔵
[18:43:51] ▶ Раунд W-209 начался
[18:44:23] ✅ W-209   🔴5 vs 3🔵
[18:44:29] ▶ Раунд W-210 начался
[18:45:01] ✅ W-210   🔴3 vs 5🔵
[18:45:07] ▶ Раунд W-211 начался
[18:45:39] ✅ W-211   🔴5 vs 6🔵

  ##################################
  🔵 XOX-ПАТТЕРН!
  Синий — 6
  Шаблон: xooxoox
  ##################################
  🎯 [W-205]  🔴1  vs  6🔵
     [W-206]  🔴5  vs  5🔵
     [W-207]  🔴1  vs  1🔵
  🎯 [W-208]  🔴2  vs  6🔵
     [W-209]  🔴5  vs  3🔵
     [W-210]  🔴3  vs  5🔵
  🎯 [W-211]  🔴5  vs  6🔵
  ##################################

[18:45:45] ▶ Раунд W-212 начался
[18:46:17] ✅ W-212   🔴4 vs 6🔵

  ~~~~~~~~~~~~~~~~~~~~~~~~~~~~~~~~~~
  🎲 МНОГО ПОСЛЕДОВАТЕЛЬНОСТЕЙ!
  Найдено: 4
  🔴22, 🔵66, 🔵22, 🔵66
  ~~~~~~~~~~~~~~~~~~~~~~~~~~~~~~~~~~
  🔥 [W-195]  🔴2  vs  6🔵
  🔥 [W-196]  🔴2  vs  6🔵
     [W-197]  🔴2  vs  6🔵
     [W-198]  🔴4  vs  3🔵
     [W-199]  🔴3  vs  4🔵
  🔥 [W-200]  🔴6  vs  2🔵
  🔥 [W-201]  🔴2  vs  2🔵
     [W-202]  🔴5  vs  3🔵
     [W-203]  🔴2  vs  5🔵
     [W-204]  🔴6  vs  2🔵
     [W-205]  🔴1  vs  6🔵
     [W-206]  🔴5  vs  5🔵
     [W-207]  🔴1  vs  1🔵
     [W-208]  🔴2  vs  6🔵
     [W-209]  🔴5  vs  3🔵
     [W-210]  🔴3  vs  5🔵
  🔥 [W-211]  🔴5  vs  6🔵
  🔥 [W-212]  🔴4  vs  6🔵
  ~~~~~~~~~~~~~~~~~~~~~~~~~~~~~~~~~~

[Telegram] Ошибка отправки сообщения в чат 1477129493: 403 Client Error: Forbidden for url: https://my-tg-proxy.iwantbunnygirl.workers.dev/bot8603609103:AAENi9LYuF8bXjwK9E1oZIIpG21UNZeZW5s/sendMessage
[Telegram] Ошибка отправки сообщения в чат 1329987939: 403 Client Error: Forbidden for url: https://my-tg-proxy.iwantbunnygirl.workers.dev/bot8603609103:AAENi9LYuF8bXjwK9E1oZIIpG21UNZeZW5s/sendMessage
[Telegram] Ошибка отправки сообщения в чат 705506250: 403 Client Error: Forbidden for url: https://my-tg-proxy.iwantbunnygirl.workers.dev/bot8603609103:AAENi9LYuF8bXjwK9E1oZIIpG21UNZeZW5s/sendMessage

  ++++++++++++++++++++++++++++++++++
  🔵 НОВАЯ ПАРА!
  Синий — 6
  Длина цепочки: 13 раундов
  ++++++++++++++++++++++++++++++++++
     [W-200]  🔴6  vs  2🔵
     [W-201]  🔴2  vs  2🔵
     [W-202]  🔴5  vs  3🔵
     [W-203]  🔴2  vs  5🔵
     [W-204]  🔴6  vs  2🔵
     [W-205]  🔴1  vs  6🔵
     [W-206]  🔴5  vs  5🔵
     [W-207]  🔴1  vs  1🔵
     [W-208]  🔴2  vs  6🔵
     [W-209]  🔴5  vs  3🔵
     [W-210]  🔴3  vs  5🔵
     [W-211]  🔴5  vs  6🔵
     [W-212]  🔴4  vs  6🔵
  ++++++++++++++++++++++++++++++++++

[Telegram] Ошибка отправки сообщения в чат 1477129493: 403 Client Error: Forbidden for url: https://my-tg-proxy.iwantbunnygirl.workers.dev/bot8603609103:AAENi9LYuF8bXjwK9E1oZIIpG21UNZeZW5s/sendMessage
[Telegram] Ошибка отправки сообщения в чат 1329987939: 403 Client Error: Forbidden for url: https://my-tg-proxy.iwantbunnygirl.workers.dev/bot8603609103:AAENi9LYuF8bXjwK9E1oZIIpG21UNZeZW5s/sendMessage
[Telegram] Ошибка отправки сообщения в чат 705506250: 403 Client Error: Forbidden for url: https://my-tg-proxy.iwantbunnygirl.workers.dev/bot8603609103:AAENi9LYuF8bXjwK9E1oZIIpG21UNZeZW5s/sendMessage
[18:46:23] ▶ Раунд W-213 начался
[18:46:55] ✅ W-213   🔴6 vs 4🔵
[18:47:01] ▶ Раунд W-214 начался
[18:47:33] ✅ W-214   🔴1 vs 3🔵
[18:47:39] ▶ Раунд W-215 начался
[18:48:11] ✅ W-215   🔴6 vs 6🔵
[18:48:17] ▶ Раунд W-216 начался
[18:48:49] ✅ W-216   🔴1 vs 4🔵
[18:48:55] ▶ Раунд W-217 начался
[18:49:27] ✅ W-217   🔴5 vs 2🔵
[18:49:33] ▶ Раунд W-218 начался
[18:50:05] ✅ W-218   🔴5 vs 6🔵

  ##################################
  🔵 XOX-ПАТТЕРН!
  Синий — 6
  Шаблон: xooxoox
  ##################################
  🎯 [W-212]  🔴4  vs  6🔵
     [W-213]  🔴6  vs  4🔵
     [W-214]  🔴1  vs  3🔵
  🎯 [W-215]  🔴6  vs  6🔵
     [W-216]  🔴1  vs  4🔵
     [W-217]  🔴5  vs  2🔵
  🎯 [W-218]  🔴5  vs  6🔵
  ##################################


  ++++++++++++++++++++++++++++++++++
  🔴 НОВАЯ ПАРА!
  Красный — 5
  Длина цепочки: 8 раундов
  ++++++++++++++++++++++++++++++++++
     [W-211]  🔴5  vs  6🔵
     [W-212]  🔴4  vs  6🔵
     [W-213]  🔴6  vs  4🔵
     [W-214]  🔴1  vs  3🔵
     [W-215]  🔴6  vs  6🔵
     [W-216]  🔴1  vs  4🔵
     [W-217]  🔴5  vs  2🔵
     [W-218]  🔴5  vs  6🔵
  ++++++++++++++++++++++++++++++++++

[Telegram] Ошибка отправки сообщения в чат 1477129493: 403 Client Error: Forbidden for url: https://my-tg-proxy.iwantbunnygirl.workers.dev/bot8603609103:AAENi9LYuF8bXjwK9E1oZIIpG21UNZeZW5s/sendMessage
[Telegram] Ошибка отправки сообщения в чат 1329987939: 403 Client Error: Forbidden for url: https://my-tg-proxy.iwantbunnygirl.workers.dev/bot8603609103:AAENi9LYuF8bXjwK9E1oZIIpG21UNZeZW5s/sendMessage
[Telegram] Ошибка отправки сообщения в чат 705506250: 403 Client Error: Forbidden for url: https://my-tg-proxy.iwantbunnygirl.workers.dev/bot8603609103:AAENi9LYuF8bXjwK9E1oZIIpG21UNZeZW5s/sendMessage
[18:50:11] ▶ Раунд W-219 начался
[18:50:43] ✅ W-219   🔴3 vs 2🔵
[18:50:49] ▶ Раунд W-220 начался
[18:51:21] ✅ W-220   🔴2 vs 2🔵

  ++++++++++++++++++++++++++++++++++
  🔵 НОВАЯ ПАРА!
  Синий — 2
  Длина цепочки: 4 раундов
  ++++++++++++++++++++++++++++++++++
     [W-217]  🔴5  vs  2🔵
     [W-218]  🔴5  vs  6🔵
     [W-219]  🔴3  vs  2🔵
     [W-220]  🔴2  vs  2🔵
  ++++++++++++++++++++++++++++++++++

[Telegram] Ошибка отправки сообщения в чат 1477129493: 403 Client Error: Forbidden for url: https://my-tg-proxy.iwantbunnygirl.workers.dev/bot8603609103:AAENi9LYuF8bXjwK9E1oZIIpG21UNZeZW5s/sendMessage
[Telegram] Ошибка отправки сообщения в чат 1329987939: 403 Client Error: Forbidden for url: https://my-tg-proxy.iwantbunnygirl.workers.dev/bot8603609103:AAENi9LYuF8bXjwK9E1oZIIpG21UNZeZW5s/sendMessage
[Telegram] Ошибка отправки сообщения в чат 705506250: 403 Client Error: Forbidden for url: https://my-tg-proxy.iwantbunnygirl.workers.dev/bot8603609103:AAENi9LYuF8bXjwK9E1oZIIpG21UNZeZW5s/sendMessage
[18:51:27] ▶ Раунд W-221 начался
[18:51:59] ✅ W-221   🔴1 vs 5🔵
[18:52:05] ▶ Раунд W-222 начался
[18:52:37] ✅ W-222   🔴3 vs 5🔵

  ++++++++++++++++++++++++++++++++++
  🔵 НОВАЯ ПАРА!
  Синий — 5
  Длина цепочки: 4 раундов
  ++++++++++++++++++++++++++++++++++
     [W-219]  🔴3  vs  2🔵
     [W-220]  🔴2  vs  2🔵
     [W-221]  🔴1  vs  5🔵
     [W-222]  🔴3  vs  5🔵
  ++++++++++++++++++++++++++++++++++

[Telegram] Ошибка отправки сообщения в чат 1477129493: 403 Client Error: Forbidden for url: https://my-tg-proxy.iwantbunnygirl.workers.dev/bot8603609103:AAENi9LYuF8bXjwK9E1oZIIpG21UNZeZW5s/sendMessage
[Telegram] Ошибка отправки сообщения в чат 1329987939: 403 Client Error: Forbidden for url: https://my-tg-proxy.iwantbunnygirl.workers.dev/bot8603609103:AAENi9LYuF8bXjwK9E1oZIIpG21UNZeZW5s/sendMessage
[Telegram] Ошибка отправки сообщения в чат 705506250: 403 Client Error: Forbidden for url: https://my-tg-proxy.iwantbunnygirl.workers.dev/bot8603609103:AAENi9LYuF8bXjwK9E1oZIIpG21UNZeZW5s/sendMessage
[18:52:43] ▶ Раунд W-223 начался
[18:53:15] ✅ W-223   🔴5 vs 5🔵
[18:53:21] ▶ Раунд W-224 начался
[18:53:53] ✅ W-224   🔴2 vs 4🔵
[18:53:59] ▶ Раунд W-225 начался
[18:54:31] ✅ W-225   🔴2 vs 6🔵

  ~~~~~~~~~~~~~~~~~~~~~~~~~~~~~~~~~~
  🎲 МНОГО ПОСЛЕДОВАТЕЛЬНОСТЕЙ!
  Найдено: 4
  🔴55, 🔵22, 🔵55, 🔴22
  ~~~~~~~~~~~~~~~~~~~~~~~~~~~~~~~~~~
  🔥 [W-217]  🔴5  vs  2🔵
  🔥 [W-218]  🔴5  vs  6🔵
  🔥 [W-219]  🔴3  vs  2🔵
  🔥 [W-220]  🔴2  vs  2🔵
  🔥 [W-221]  🔴1  vs  5🔵
  🔥 [W-222]  🔴3  vs  5🔵
     [W-223]  🔴5  vs  5🔵
  🔥 [W-224]  🔴2  vs  4🔵
  🔥 [W-225]  🔴2  vs  6🔵
  ~~~~~~~~~~~~~~~~~~~~~~~~~~~~~~~~~~

[Telegram] Ошибка отправки сообщения в чат 1477129493: 403 Client Error: Forbidden for url: https://my-tg-proxy.iwantbunnygirl.workers.dev/bot8603609103:AAENi9LYuF8bXjwK9E1oZIIpG21UNZeZW5s/sendMessage
[Telegram] Ошибка отправки сообщения в чат 1329987939: 403 Client Error: Forbidden for url: https://my-tg-proxy.iwantbunnygirl.workers.dev/bot8603609103:AAENi9LYuF8bXjwK9E1oZIIpG21UNZeZW5s/sendMessage
[Telegram] Ошибка отправки сообщения в чат 705506250: 403 Client Error: Forbidden for url: https://my-tg-proxy.iwantbunnygirl.workers.dev/bot8603609103:AAENi9LYuF8bXjwK9E1oZIIpG21UNZeZW5s/sendMessage

  ++++++++++++++++++++++++++++++++++
  🔴 НОВАЯ ПАРА!
  Красный — 2
  Длина цепочки: 5 раундов
  ++++++++++++++++++++++++++++++++++
     [W-221]  🔴1  vs  5🔵
     [W-222]  🔴3  vs  5🔵
     [W-223]  🔴5  vs  5🔵
     [W-224]  🔴2  vs  4🔵
     [W-225]  🔴2  vs  6🔵
  ++++++++++++++++++++++++++++++++++

[Telegram] Ошибка отправки сообщения в чат 1477129493: 403 Client Error: Forbidden for url: https://my-tg-proxy.iwantbunnygirl.workers.dev/bot8603609103:AAENi9LYuF8bXjwK9E1oZIIpG21UNZeZW5s/sendMessage
[Telegram] Ошибка отправки сообщения в чат 1329987939: 403 Client Error: Forbidden for url: https://my-tg-proxy.iwantbunnygirl.workers.dev/bot8603609103:AAENi9LYuF8bXjwK9E1oZIIpG21UNZeZW5s/sendMessage
[Telegram] Ошибка отправки сообщения в чат 705506250: 403 Client Error: Forbidden for url: https://my-tg-proxy.iwantbunnygirl.workers.dev/bot8603609103:AAENi9LYuF8bXjwK9E1oZIIpG21UNZeZW5s/sendMessage
[18:54:37] ▶ Раунд W-226 начался
[18:55:09] ✅ W-226   🔴1 vs 5🔵

  ##################################
  🔴 XOX-ПАТТЕРН!
  Красный — 1
  Шаблон: xooooxoooox
  ##################################
  🎯 [W-216]  🔴1  vs  4🔵
     [W-217]  🔴5  vs  2🔵
     [W-218]  🔴5  vs  6🔵
     [W-219]  🔴3  vs  2🔵
     [W-220]  🔴2  vs  2🔵
  🎯 [W-221]  🔴1  vs  5🔵
     [W-222]  🔴3  vs  5🔵
     [W-223]  🔴5  vs  5🔵
     [W-224]  🔴2  vs  4🔵
     [W-225]  🔴2  vs  6🔵
  🎯 [W-226]  🔴1  vs  5🔵
  ##################################

[18:55:15] ▶ Раунд W-227 начался
[18:55:47] ✅ W-227   🔴4 vs 1🔵
[18:55:53] ▶ Раунд W-228 начался
[18:56:25] ✅ W-228   🔴6 vs 5🔵
[18:56:31] ▶ Раунд W-229 начался
[18:57:03] ✅ W-229   🔴1 vs 5🔵

  ++++++++++++++++++++++++++++++++++
  🔵 НОВАЯ ПАРА!
  Синий — 5
  Длина цепочки: 6 раундов
  ++++++++++++++++++++++++++++++++++
     [W-224]  🔴2  vs  4🔵
     [W-225]  🔴2  vs  6🔵
     [W-226]  🔴1  vs  5🔵
     [W-227]  🔴4  vs  1🔵
     [W-228]  🔴6  vs  5🔵
     [W-229]  🔴1  vs  5🔵
  ++++++++++++++++++++++++++++++++++

[Telegram] Ошибка отправки сообщения в чат 1477129493: 403 Client Error: Forbidden for url: https://my-tg-proxy.iwantbunnygirl.workers.dev/bot8603609103:AAENi9LYuF8bXjwK9E1oZIIpG21UNZeZW5s/sendMessage
[Telegram] Ошибка отправки сообщения в чат 1329987939: 403 Client Error: Forbidden for url: https://my-tg-proxy.iwantbunnygirl.workers.dev/bot8603609103:AAENi9LYuF8bXjwK9E1oZIIpG21UNZeZW5s/sendMessage
[Telegram] Ошибка отправки сообщения в чат 705506250: 403 Client Error: Forbidden for url: https://my-tg-proxy.iwantbunnygirl.workers.dev/bot8603609103:AAENi9LYuF8bXjwK9E1oZIIpG21UNZeZW5s/sendMessage
[18:57:09] ▶ Раунд W-230 начался
[18:57:41] ✅ W-230   🔴3 vs 4🔵
[18:57:47] ▶ Раунд W-231 начался
[18:58:19] ✅ W-231   🔴3 vs 5🔵

  ++++++++++++++++++++++++++++++++++
  🔴 НОВАЯ ПАРА!
  Красный — 3
  Длина цепочки: 4 раундов
  ++++++++++++++++++++++++++++++++++
     [W-228]  🔴6  vs  5🔵
     [W-229]  🔴1  vs  5🔵
     [W-230]  🔴3  vs  4🔵
     [W-231]  🔴3  vs  5🔵
  ++++++++++++++++++++++++++++++++++

[Telegram] Ошибка отправки сообщения в чат 1477129493: 403 Client Error: Forbidden for url: https://my-tg-proxy.iwantbunnygirl.workers.dev/bot8603609103:AAENi9LYuF8bXjwK9E1oZIIpG21UNZeZW5s/sendMessage
[Telegram] Ошибка отправки сообщения в чат 1329987939: 403 Client Error: Forbidden for url: https://my-tg-proxy.iwantbunnygirl.workers.dev/bot8603609103:AAENi9LYuF8bXjwK9E1oZIIpG21UNZeZW5s/sendMessage
[Telegram] Ошибка отправки сообщения в чат 705506250: 403 Client Error: Forbidden for url: https://my-tg-proxy.iwantbunnygirl.workers.dev/bot8603609103:AAENi9LYuF8bXjwK9E1oZIIpG21UNZeZW5s/sendMessage
[18:58:23] ▶ Раунд W-232 начался
[18:58:55] ✅ W-232   🔴6 vs 2🔵
[18:59:01] ▶ Раунд W-233 начался
[18:59:33] ✅ W-233   🔴6 vs 4🔵

  ++++++++++++++++++++++++++++++++++
  🔴 НОВАЯ ПАРА!
  Красный — 6
  Длина цепочки: 4 раундов
  ++++++++++++++++++++++++++++++++++
     [W-230]  🔴3  vs  4🔵
     [W-231]  🔴3  vs  5🔵
     [W-232]  🔴6  vs  2🔵
     [W-233]  🔴6  vs  4🔵
  ++++++++++++++++++++++++++++++++++

[Telegram] Ошибка отправки сообщения в чат 1477129493: 403 Client Error: Forbidden for url: https://my-tg-proxy.iwantbunnygirl.workers.dev/bot8603609103:AAENi9LYuF8bXjwK9E1oZIIpG21UNZeZW5s/sendMessage
[Telegram] Ошибка отправки сообщения в чат 1329987939: 403 Client Error: Forbidden for url: https://my-tg-proxy.iwantbunnygirl.workers.dev/bot8603609103:AAENi9LYuF8bXjwK9E1oZIIpG21UNZeZW5s/sendMessage
[Telegram] Ошибка отправки сообщения в чат 705506250: 403 Client Error: Forbidden for url: https://my-tg-proxy.iwantbunnygirl.workers.dev/bot8603609103:AAENi9LYuF8bXjwK9E1oZIIpG21UNZeZW5s/sendMessage
[18:59:39] ▶ Раунд W-234 начался
[19:00:11] ✅ W-234   🔴3 vs 2🔵
[19:00:17] ▶ Раунд W-235 начался
[19:00:49] ✅ W-235   🔴5 vs 6🔵
[19:00:55] ▶ Раунд W-236 начался
[19:01:27] ✅ W-236   🔴6 vs 5🔵
[19:01:33] ▶ Раунд W-237 начался
[19:02:05] ✅ W-237   🔴2 vs 5🔵

  ~~~~~~~~~~~~~~~~~~~~~~~~~~~~~~~~~~
  🎲 МНОГО ПОСЛЕДОВАТЕЛЬНОСТЕЙ!
  Найдено: 4
  🔵55, 🔴33, 🔴66, 🔵55
  ~~~~~~~~~~~~~~~~~~~~~~~~~~~~~~~~~~
  🔥 [W-228]  🔴6  vs  5🔵
  🔥 [W-229]  🔴1  vs  5🔵
  🔥 [W-230]  🔴3  vs  4🔵
  🔥 [W-231]  🔴3  vs  5🔵
  🔥 [W-232]  🔴6  vs  2🔵
  🔥 [W-233]  🔴6  vs  4🔵
     [W-234]  🔴3  vs  2🔵
     [W-235]  🔴5  vs  6🔵
  🔥 [W-236]  🔴6  vs  5🔵
  🔥 [W-237]  🔴2  vs  5🔵
  ~~~~~~~~~~~~~~~~~~~~~~~~~~~~~~~~~~

[Telegram] Ошибка отправки сообщения в чат 1477129493: 403 Client Error: Forbidden for url: https://my-tg-proxy.iwantbunnygirl.workers.dev/bot8603609103:AAENi9LYuF8bXjwK9E1oZIIpG21UNZeZW5s/sendMessage
[Telegram] Ошибка отправки сообщения в чат 1329987939: 403 Client Error: Forbidden for url: https://my-tg-proxy.iwantbunnygirl.workers.dev/bot8603609103:AAENi9LYuF8bXjwK9E1oZIIpG21UNZeZW5s/sendMessage
[Telegram] Ошибка отправки сообщения в чат 705506250: 403 Client Error: Forbidden for url: https://my-tg-proxy.iwantbunnygirl.workers.dev/bot8603609103:AAENi9LYuF8bXjwK9E1oZIIpG21UNZeZW5s/sendMessage

  ++++++++++++++++++++++++++++++++++
  🔵 НОВАЯ ПАРА!
  Синий — 5
  Длина цепочки: 6 раундов
  ++++++++++++++++++++++++++++++++++
     [W-232]  🔴6  vs  2🔵
     [W-233]  🔴6  vs  4🔵
     [W-234]  🔴3  vs  2🔵
     [W-235]  🔴5  vs  6🔵
     [W-236]  🔴6  vs  5🔵
     [W-237]  🔴2  vs  5🔵
  ++++++++++++++++++++++++++++++++++

[Telegram] Ошибка отправки сообщения в чат 1477129493: 403 Client Error: Forbidden for url: https://my-tg-proxy.iwantbunnygirl.workers.dev/bot8603609103:AAENi9LYuF8bXjwK9E1oZIIpG21UNZeZW5s/sendMessage
[Telegram] Ошибка отправки сообщения в чат 1329987939: 403 Client Error: Forbidden for url: https://my-tg-proxy.iwantbunnygirl.workers.dev/bot8603609103:AAENi9LYuF8bXjwK9E1oZIIpG21UNZeZW5s/sendMessage
[Telegram] Ошибка отправки сообщения в чат 705506250: 403 Client Error: Forbidden for url: https://my-tg-proxy.iwantbunnygirl.workers.dev/bot8603609103:AAENi9LYuF8bXjwK9E1oZIIpG21UNZeZW5s/sendMessage
[19:02:11] ▶ Раунд W-238 начался
[19:02:43] ✅ W-238   🔴6 vs 1🔵
[19:02:49] ▶ Раунд W-239 начался
[19:03:21] ✅ W-239   🔴6 vs 4🔵

  ++++++++++++++++++++++++++++++++++
  🔴 НОВАЯ ПАРА!
  Красный — 6
  Длина цепочки: 4 раундов
  ++++++++++++++++++++++++++++++++++
     [W-236]  🔴6  vs  5🔵
     [W-237]  🔴2  vs  5🔵
     [W-238]  🔴6  vs  1🔵
     [W-239]  🔴6  vs  4🔵
  ++++++++++++++++++++++++++++++++++

[Telegram] Ошибка отправки сообщения в чат 1477129493: 403 Client Error: Forbidden for url: https://my-tg-proxy.iwantbunnygirl.workers.dev/bot8603609103:AAENi9LYuF8bXjwK9E1oZIIpG21UNZeZW5s/sendMessage
[Telegram] Ошибка отправки сообщения в чат 1329987939: 403 Client Error: Forbidden for url: https://my-tg-proxy.iwantbunnygirl.workers.dev/bot8603609103:AAENi9LYuF8bXjwK9E1oZIIpG21UNZeZW5s/sendMessage
[Telegram] Ошибка отправки сообщения в чат 705506250: 403 Client Error: Forbidden for url: https://my-tg-proxy.iwantbunnygirl.workers.dev/bot8603609103:AAENi9LYuF8bXjwK9E1oZIIpG21UNZeZW5s/sendMessage
[19:03:27] ▶ Раунд W-240 начался
[19:03:59] ✅ W-240   🔴6 vs 3🔵
[19:04:05] ▶ Раунд W-241 начался
[19:04:37] ✅ W-241   🔴1 vs 3🔵

  ++++++++++++++++++++++++++++++++++
  🔵 НОВАЯ ПАРА!
  Синий — 3
  Длина цепочки: 4 раундов
  ++++++++++++++++++++++++++++++++++
     [W-238]  🔴6  vs  1🔵
     [W-239]  🔴6  vs  4🔵
     [W-240]  🔴6  vs  3🔵
     [W-241]  🔴1  vs  3🔵
  ++++++++++++++++++++++++++++++++++

[Telegram] Ошибка отправки сообщения в чат 1477129493: 403 Client Error: Forbidden for url: https://my-tg-proxy.iwantbunnygirl.workers.dev/bot8603609103:AAENi9LYuF8bXjwK9E1oZIIpG21UNZeZW5s/sendMessage
[Telegram] Ошибка отправки сообщения в чат 1329987939: 403 Client Error: Forbidden for url: https://my-tg-proxy.iwantbunnygirl.workers.dev/bot8603609103:AAENi9LYuF8bXjwK9E1oZIIpG21UNZeZW5s/sendMessage
[Telegram] Ошибка отправки сообщения в чат 705506250: 403 Client Error: Forbidden for url: https://my-tg-proxy.iwantbunnygirl.workers.dev/bot8603609103:AAENi9LYuF8bXjwK9E1oZIIpG21UNZeZW5s/sendMessage
[19:04:43] ▶ Раунд W-242 начался
[19:05:15] ✅ W-242   🔴3 vs 4🔵
[19:05:21] ▶ Раунд W-243 начался
[19:05:53] ✅ W-243   🔴5 vs 1🔵
[19:05:59] ▶ Раунд W-244 начался
[19:06:31] ✅ W-244   🔴6 vs 6🔵
[19:06:37] ▶ Раунд W-245 начался
[19:07:09] ✅ W-245   🔴2 vs 4🔵

  ##################################
  🔵 XOX-ПАТТЕРН!
  Синий — 4
  Шаблон: xooxoox
  ##################################
  🎯 [W-239]  🔴6  vs  4🔵
     [W-240]  🔴6  vs  3🔵
     [W-241]  🔴1  vs  3🔵
  🎯 [W-242]  🔴3  vs  4🔵
     [W-243]  🔴5  vs  1🔵
     [W-244]  🔴6  vs  6🔵
  🎯 [W-245]  🔴2  vs  4🔵
  ##################################

[19:07:15] ▶ Раунд W-246 начался
[19:07:47] ✅ W-246   🔴2 vs 3🔵

  ++++++++++++++++++++++++++++++++++
  🔴 НОВАЯ ПАРА!
  Красный — 2
  Длина цепочки: 7 раундов
  ++++++++++++++++++++++++++++++++++
     [W-240]  🔴6  vs  3🔵
     [W-241]  🔴1  vs  3🔵
     [W-242]  🔴3  vs  4🔵
     [W-243]  🔴5  vs  1🔵
     [W-244]  🔴6  vs  6🔵
     [W-245]  🔴2  vs  4🔵
     [W-246]  🔴2  vs  3🔵
  ++++++++++++++++++++++++++++++++++

[Telegram] Ошибка отправки сообщения в чат 1477129493: 403 Client Error: Forbidden for url: https://my-tg-proxy.iwantbunnygirl.workers.dev/bot8603609103:AAENi9LYuF8bXjwK9E1oZIIpG21UNZeZW5s/sendMessage
[Telegram] Ошибка отправки сообщения в чат 1329987939: 403 Client Error: Forbidden for url: https://my-tg-proxy.iwantbunnygirl.workers.dev/bot8603609103:AAENi9LYuF8bXjwK9E1oZIIpG21UNZeZW5s/sendMessage
[Telegram] Ошибка отправки сообщения в чат 705506250: 403 Client Error: Forbidden for url: https://my-tg-proxy.iwantbunnygirl.workers.dev/bot8603609103:AAENi9LYuF8bXjwK9E1oZIIpG21UNZeZW5s/sendMessage
[19:07:53] ▶ Раунд W-247 начался
[19:08:25] ✅ W-247   🔴3 vs 6🔵
[19:08:31] ▶ Раунд W-248 начался
[19:09:03] ✅ W-248   🔴3 vs 6🔵

  ~~~~~~~~~~~~~~~~~~~~~~~~~~~~~~~~~~
  🎲 МНОГО ПОСЛЕДОВАТЕЛЬНОСТЕЙ!
  Найдено: 4
  🔴66, 🔵33, 🔴22, 🔴33
  ~~~~~~~~~~~~~~~~~~~~~~~~~~~~~~~~~~
  🔥 [W-238]  🔴6  vs  1🔵
  🔥 [W-239]  🔴6  vs  4🔵
  🔥 [W-240]  🔴6  vs  3🔵
  🔥 [W-241]  🔴1  vs  3🔵
     [W-242]  🔴3  vs  4🔵
     [W-243]  🔴5  vs  1🔵
     [W-244]  🔴6  vs  6🔵
  🔥 [W-245]  🔴2  vs  4🔵
  🔥 [W-246]  🔴2  vs  3🔵
  🔥 [W-247]  🔴3  vs  6🔵
  🔥 [W-248]  🔴3  vs  6🔵
  ~~~~~~~~~~~~~~~~~~~~~~~~~~~~~~~~~~

[Telegram] Ошибка отправки сообщения в чат 1477129493: 403 Client Error: Forbidden for url: https://my-tg-proxy.iwantbunnygirl.workers.dev/bot8603609103:AAENi9LYuF8bXjwK9E1oZIIpG21UNZeZW5s/sendMessage
[Telegram] Ошибка отправки сообщения в чат 1329987939: 403 Client Error: Forbidden for url: https://my-tg-proxy.iwantbunnygirl.workers.dev/bot8603609103:AAENi9LYuF8bXjwK9E1oZIIpG21UNZeZW5s/sendMessage
[Telegram] Ошибка отправки сообщения в чат 705506250: 403 Client Error: Forbidden for url: https://my-tg-proxy.iwantbunnygirl.workers.dev/bot8603609103:AAENi9LYuF8bXjwK9E1oZIIpG21UNZeZW5s/sendMessage

  ++++++++++++++++++++++++++++++++++
  🔴 НОВАЯ ПАРА!
  Красный — 3
  Длина цепочки: 4 раундов
  ++++++++++++++++++++++++++++++++++
     [W-245]  🔴2  vs  4🔵
     [W-246]  🔴2  vs  3🔵
     [W-247]  🔴3  vs  6🔵
     [W-248]  🔴3  vs  6🔵
  ++++++++++++++++++++++++++++++++++

[Telegram] Ошибка отправки сообщения в чат 1477129493: 403 Client Error: Forbidden for url: https://my-tg-proxy.iwantbunnygirl.workers.dev/bot8603609103:AAENi9LYuF8bXjwK9E1oZIIpG21UNZeZW5s/sendMessage
[Telegram] Ошибка отправки сообщения в чат 1329987939: 403 Client Error: Forbidden for url: https://my-tg-proxy.iwantbunnygirl.workers.dev/bot8603609103:AAENi9LYuF8bXjwK9E1oZIIpG21UNZeZW5s/sendMessage
[Telegram] Ошибка отправки сообщения в чат 705506250: 403 Client Error: Forbidden for url: https://my-tg-proxy.iwantbunnygirl.workers.dev/bot8603609103:AAENi9LYuF8bXjwK9E1oZIIpG21UNZeZW5s/sendMessage
[19:09:09] ▶ Раунд W-249 начался
[19:09:41] ✅ W-249   🔴5 vs 3🔵
[19:09:47] ▶ Раунд W-250 начался
[19:10:19] ✅ W-250   🔴4 vs 6🔵
[19:10:25] ▶ Раунд W-251 начался
[19:10:57] ✅ W-251   🔴6 vs 4🔵
[19:11:03] ▶ Раунд W-252 начался
[19:11:35] ✅ W-252   🔴4 vs 4🔵

  ++++++++++++++++++++++++++++++++++
  🔵 НОВАЯ ПАРА!
  Синий — 4
  Длина цепочки: 6 раундов
  ++++++++++++++++++++++++++++++++++
     [W-247]  🔴3  vs  6🔵
     [W-248]  🔴3  vs  6🔵
     [W-249]  🔴5  vs  3🔵
     [W-250]  🔴4  vs  6🔵
     [W-251]  🔴6  vs  4🔵
     [W-252]  🔴4  vs  4🔵
  ++++++++++++++++++++++++++++++++++

[Telegram] Ошибка отправки сообщения в чат 1477129493: 403 Client Error: Forbidden for url: https://my-tg-proxy.iwantbunnygirl.workers.dev/bot8603609103:AAENi9LYuF8bXjwK9E1oZIIpG21UNZeZW5s/sendMessage
[Telegram] Ошибка отправки сообщения в чат 1329987939: 403 Client Error: Forbidden for url: https://my-tg-proxy.iwantbunnygirl.workers.dev/bot8603609103:AAENi9LYuF8bXjwK9E1oZIIpG21UNZeZW5s/sendMessage
[Telegram] Ошибка отправки сообщения в чат 705506250: 403 Client Error: Forbidden for url: https://my-tg-proxy.iwantbunnygirl.workers.dev/bot8603609103:AAENi9LYuF8bXjwK9E1oZIIpG21UNZeZW5s/sendMessage
[19:11:41] ▶ Раунд W-253 начался
[19:12:13] ✅ W-253   🔴5 vs 5🔵
[19:12:19] ▶ Раунд W-254 начался
[19:12:51] ✅ W-254   🔴3 vs 6🔵
[19:12:57] ▶ Раунд W-255 начался
[19:13:29] ✅ W-255   🔴3 vs 6🔵

  ~~~~~~~~~~~~~~~~~~~~~~~~~~~~~~~~~~
  🎲 МНОГО ПОСЛЕДОВАТЕЛЬНОСТЕЙ!
  Найдено: 4
  🔵66, 🔵44, 🔴33, 🔵66
  ~~~~~~~~~~~~~~~~~~~~~~~~~~~~~~~~~~
  🔥 [W-247]  🔴3  vs  6🔵
  🔥 [W-248]  🔴3  vs  6🔵
     [W-249]  🔴5  vs  3🔵
     [W-250]  🔴4  vs  6🔵
  🔥 [W-251]  🔴6  vs  4🔵
  🔥 [W-252]  🔴4  vs  4🔵
     [W-253]  🔴5  vs  5🔵
  🔥 [W-254]  🔴3  vs  6🔵
  🔥 [W-255]  🔴3  vs  6🔵
  ~~~~~~~~~~~~~~~~~~~~~~~~~~~~~~~~~~

[Telegram] Ошибка отправки сообщения в чат 1477129493: 403 Client Error: Forbidden for url: https://my-tg-proxy.iwantbunnygirl.workers.dev/bot8603609103:AAENi9LYuF8bXjwK9E1oZIIpG21UNZeZW5s/sendMessage
[Telegram] Ошибка отправки сообщения в чат 1329987939: 403 Client Error: Forbidden for url: https://my-tg-proxy.iwantbunnygirl.workers.dev/bot8603609103:AAENi9LYuF8bXjwK9E1oZIIpG21UNZeZW5s/sendMessage
[Telegram] Ошибка отправки сообщения в чат 705506250: 403 Client Error: Forbidden for url: https://my-tg-proxy.iwantbunnygirl.workers.dev/bot8603609103:AAENi9LYuF8bXjwK9E1oZIIpG21UNZeZW5s/sendMessage

  ++++++++++++++++++++++++++++++++++
  🔴 НОВАЯ ПАРА!
  Красный — 3
  Длина цепочки: 5 раундов
  ++++++++++++++++++++++++++++++++++
     [W-251]  🔴6  vs  4🔵
     [W-252]  🔴4  vs  4🔵
     [W-253]  🔴5  vs  5🔵
     [W-254]  🔴3  vs  6🔵
     [W-255]  🔴3  vs  6🔵
  ++++++++++++++++++++++++++++++++++

[Telegram] Ошибка отправки сообщения в чат 1477129493: 403 Client Error: Forbidden for url: https://my-tg-proxy.iwantbunnygirl.workers.dev/bot8603609103:AAENi9LYuF8bXjwK9E1oZIIpG21UNZeZW5s/sendMessage
[Telegram] Ошибка отправки сообщения в чат 1329987939: 403 Client Error: Forbidden for url: https://my-tg-proxy.iwantbunnygirl.workers.dev/bot8603609103:AAENi9LYuF8bXjwK9E1oZIIpG21UNZeZW5s/sendMessage
[Telegram] Ошибка отправки сообщения в чат 705506250: 403 Client Error: Forbidden for url: https://my-tg-proxy.iwantbunnygirl.workers.dev/bot8603609103:AAENi9LYuF8bXjwK9E1oZIIpG21UNZeZW5s/sendMessage
[19:13:35] ▶ Раунд W-256 начался
[19:14:07] ✅ W-256   🔴4 vs 2🔵
[19:14:13] ▶ Раунд W-257 начался
[19:14:45] ✅ W-257   🔴3 vs 3🔵
[19:14:51] ▶ Раунд W-258 начался
[19:15:23] ✅ W-258   🔴4 vs 4🔵
[19:15:29] ▶ Раунд W-259 начался
[19:16:01] ✅ W-259   🔴6 vs 3🔵
[19:16:07] ▶ Раунд W-260 начался
[19:16:39] ✅ W-260   🔴2 vs 4🔵
[19:16:45] ▶ Раунд W-261 начался
[19:17:17] ✅ W-261   🔴3 vs 1🔵
[19:17:23] ▶ Раунд W-262 начался
[19:17:55] ✅ W-262   🔴6 vs 5🔵
[19:18:01] ▶ Раунд W-263 начался
[19:18:33] ✅ W-263   🔴3 vs 3🔵
[19:18:39] ▶ Раунд W-264 начался
[19:19:11] ✅ W-264   🔴3 vs 6🔵

  ++++++++++++++++++++++++++++++++++
  🔴 НОВАЯ ПАРА!
  Красный — 3
  Длина цепочки: 11 раундов
  ++++++++++++++++++++++++++++++++++
     [W-254]  🔴3  vs  6🔵
     [W-255]  🔴3  vs  6🔵
     [W-256]  🔴4  vs  2🔵
     [W-257]  🔴3  vs  3🔵
     [W-258]  🔴4  vs  4🔵
     [W-259]  🔴6  vs  3🔵
     [W-260]  🔴2  vs  4🔵
     [W-261]  🔴3  vs  1🔵
     [W-262]  🔴6  vs  5🔵
     [W-263]  🔴3  vs  3🔵
     [W-264]  🔴3  vs  6🔵
  ++++++++++++++++++++++++++++++++++

[Telegram] Ошибка отправки сообщения в чат 1477129493: 403 Client Error: Forbidden for url: https://my-tg-proxy.iwantbunnygirl.workers.dev/bot8603609103:AAENi9LYuF8bXjwK9E1oZIIpG21UNZeZW5s/sendMessage
[Telegram] Ошибка отправки сообщения в чат 1329987939: 403 Client Error: Forbidden for url: https://my-tg-proxy.iwantbunnygirl.workers.dev/bot8603609103:AAENi9LYuF8bXjwK9E1oZIIpG21UNZeZW5s/sendMessage
[Telegram] Ошибка отправки сообщения в чат 705506250: 403 Client Error: Forbidden for url: https://my-tg-proxy.iwantbunnygirl.workers.dev/bot8603609103:AAENi9LYuF8bXjwK9E1oZIIpG21UNZeZW5s/sendMessage
[19:19:17] ▶ Раунд W-265 начался
[19:19:49] ✅ W-265   🔴5 vs 3🔵
[19:19:55] ▶ Раунд W-266 начался
[19:20:27] ✅ W-266   🔴4 vs 4🔵
[19:20:33] ▶ Раунд W-267 начался
[19:21:05] ✅ W-267   🔴1 vs 1🔵
[19:21:11] ▶ Раунд W-268 начался
[19:21:43] ✅ W-268   🔴1 vs 1🔵

  ++++++++++++++++++++++++++++++++++
  🔴 НОВАЯ ПАРА!
  Красный — 1
  Длина цепочки: 6 раундов
  ++++++++++++++++++++++++++++++++++
     [W-263]  🔴3  vs  3🔵
     [W-264]  🔴3  vs  6🔵
     [W-265]  🔴5  vs  3🔵
     [W-266]  🔴4  vs  4🔵
     [W-267]  🔴1  vs  1🔵
     [W-268]  🔴1  vs  1🔵
  ++++++++++++++++++++++++++++++++++

[Telegram] Ошибка отправки сообщения в чат 1477129493: 403 Client Error: Forbidden for url: https://my-tg-proxy.iwantbunnygirl.workers.dev/bot8603609103:AAENi9LYuF8bXjwK9E1oZIIpG21UNZeZW5s/sendMessage
[Telegram] Ошибка отправки сообщения в чат 1329987939: 403 Client Error: Forbidden for url: https://my-tg-proxy.iwantbunnygirl.workers.dev/bot8603609103:AAENi9LYuF8bXjwK9E1oZIIpG21UNZeZW5s/sendMessage
[Telegram] Ошибка отправки сообщения в чат 705506250: 403 Client Error: Forbidden for url: https://my-tg-proxy.iwantbunnygirl.workers.dev/bot8603609103:AAENi9LYuF8bXjwK9E1oZIIpG21UNZeZW5s/sendMessage
[19:21:49] ▶ Раунд W-269 начался
[19:22:21] ✅ W-269   🔴6 vs 2🔵
[19:22:27] ▶ Раунд W-270 начался
[19:22:59] ✅ W-270   🔴1 vs 3🔵
[19:23:05] ▶ Раунд W-271 начался
[19:23:37] ✅ W-271   🔴3 vs 4🔵
[19:23:43] ▶ Раунд W-272 начался
[19:24:15] ✅ W-272   🔴5 vs 3🔵
[19:24:21] ▶ Раунд W-273 начался
[19:24:53] ✅ W-273   🔴4 vs 2🔵
[19:24:59] ▶ Раунд W-274 начался
[19:25:31] ✅ W-274   🔴5 vs 2🔵

  ~~~~~~~~~~~~~~~~~~~~~~~~~~~~~~~~~~
  🎲 МНОГО ПОСЛЕДОВАТЕЛЬНОСТЕЙ!
  Найдено: 4
  🔴33, 🔴11, 🔵11, 🔵22
  ~~~~~~~~~~~~~~~~~~~~~~~~~~~~~~~~~~
  🔥 [W-263]  🔴3  vs  3🔵
  🔥 [W-264]  🔴3  vs  6🔵
     [W-265]  🔴5  vs  3🔵
     [W-266]  🔴4  vs  4🔵
  🔥 [W-267]  🔴1  vs  1🔵
  🔥 [W-268]  🔴1  vs  1🔵
     [W-269]  🔴6  vs  2🔵
     [W-270]  🔴1  vs  3🔵
     [W-271]  🔴3  vs  4🔵
     [W-272]  🔴5  vs  3🔵
  🔥 [W-273]  🔴4  vs  2🔵
  🔥 [W-274]  🔴5  vs  2🔵
  ~~~~~~~~~~~~~~~~~~~~~~~~~~~~~~~~~~

[Telegram] Ошибка отправки сообщения в чат 1477129493: 403 Client Error: Forbidden for url: https://my-tg-proxy.iwantbunnygirl.workers.dev/bot8603609103:AAENi9LYuF8bXjwK9E1oZIIpG21UNZeZW5s/sendMessage
[Telegram] Ошибка отправки сообщения в чат 1329987939: 403 Client Error: Forbidden for url: https://my-tg-proxy.iwantbunnygirl.workers.dev/bot8603609103:AAENi9LYuF8bXjwK9E1oZIIpG21UNZeZW5s/sendMessage
[Telegram] Ошибка отправки сообщения в чат 705506250: 403 Client Error: Forbidden for url: https://my-tg-proxy.iwantbunnygirl.workers.dev/bot8603609103:AAENi9LYuF8bXjwK9E1oZIIpG21UNZeZW5s/sendMessage

  ++++++++++++++++++++++++++++++++++
  🔵 НОВАЯ ПАРА!
  Синий — 2
  Длина цепочки: 8 раундов
  ++++++++++++++++++++++++++++++++++
     [W-267]  🔴1  vs  1🔵
     [W-268]  🔴1  vs  1🔵
     [W-269]  🔴6  vs  2🔵
     [W-270]  🔴1  vs  3🔵
     [W-271]  🔴3  vs  4🔵
     [W-272]  🔴5  vs  3🔵
     [W-273]  🔴4  vs  2🔵
     [W-274]  🔴5  vs  2🔵
  ++++++++++++++++++++++++++++++++++

[Telegram] Ошибка отправки сообщения в чат 1477129493: 403 Client Error: Forbidden for url: https://my-tg-proxy.iwantbunnygirl.workers.dev/bot8603609103:AAENi9LYuF8bXjwK9E1oZIIpG21UNZeZW5s/sendMessage
[Telegram] Ошибка отправки сообщения в чат 1329987939: 403 Client Error: Forbidden for url: https://my-tg-proxy.iwantbunnygirl.workers.dev/bot8603609103:AAENi9LYuF8bXjwK9E1oZIIpG21UNZeZW5s/sendMessage
[Telegram] Ошибка отправки сообщения в чат 705506250: 403 Client Error: Forbidden for url: https://my-tg-proxy.iwantbunnygirl.workers.dev/bot8603609103:AAENi9LYuF8bXjwK9E1oZIIpG21UNZeZW5s/sendMessage
[19:25:37] ▶ Раунд W-275 начался
[19:26:09] ✅ W-275   🔴2 vs 2🔵
[19:26:15] ▶ Раунд W-276 начался
[19:26:47] ✅ W-276   🔴2 vs 5🔵

  ++++++++++++++++++++++++++++++++++
  🔴 НОВАЯ ПАРА!
  Красный — 2
  Длина цепочки: 4 раундов
  ++++++++++++++++++++++++++++++++++
     [W-273]  🔴4  vs  2🔵
     [W-274]  🔴5  vs  2🔵
     [W-275]  🔴2  vs  2🔵
     [W-276]  🔴2  vs  5🔵
  ++++++++++++++++++++++++++++++++++

[Telegram] Ошибка отправки сообщения в чат 1477129493: 403 Client Error: Forbidden for url: https://my-tg-proxy.iwantbunnygirl.workers.dev/bot8603609103:AAENi9LYuF8bXjwK9E1oZIIpG21UNZeZW5s/sendMessage
[Telegram] Ошибка отправки сообщения в чат 1329987939: 403 Client Error: Forbidden for url: https://my-tg-proxy.iwantbunnygirl.workers.dev/bot8603609103:AAENi9LYuF8bXjwK9E1oZIIpG21UNZeZW5s/sendMessage
[Telegram] Ошибка отправки сообщения в чат 705506250: 403 Client Error: Forbidden for url: https://my-tg-proxy.iwantbunnygirl.workers.dev/bot8603609103:AAENi9LYuF8bXjwK9E1oZIIpG21UNZeZW5s/sendMessage
[19:26:53] ▶ Раунд W-277 начался
[19:27:25] ✅ W-277   🔴3 vs 3🔵
[19:27:31] ▶ Раунд W-278 начался
[19:28:03] ✅ W-278   🔴5 vs 1🔵
[19:28:09] ▶ Раунд W-279 начался
[19:28:41] ✅ W-279   🔴6 vs 1🔵

  ++++++++++++++++++++++++++++++++++
  🔵 НОВАЯ ПАРА!
  Синий — 1
  Длина цепочки: 5 раундов
  ++++++++++++++++++++++++++++++++++
     [W-275]  🔴2  vs  2🔵
     [W-276]  🔴2  vs  5🔵
     [W-277]  🔴3  vs  3🔵
     [W-278]  🔴5  vs  1🔵
     [W-279]  🔴6  vs  1🔵
  ++++++++++++++++++++++++++++++++++

[Telegram] Ошибка отправки сообщения в чат 1477129493: 403 Client Error: Forbidden for url: https://my-tg-proxy.iwantbunnygirl.workers.dev/bot8603609103:AAENi9LYuF8bXjwK9E1oZIIpG21UNZeZW5s/sendMessage
[Telegram] Ошибка отправки сообщения в чат 1329987939: 403 Client Error: Forbidden for url: https://my-tg-proxy.iwantbunnygirl.workers.dev/bot8603609103:AAENi9LYuF8bXjwK9E1oZIIpG21UNZeZW5s/sendMessage
[Telegram] Ошибка отправки сообщения в чат 705506250: 403 Client Error: Forbidden for url: https://my-tg-proxy.iwantbunnygirl.workers.dev/bot8603609103:AAENi9LYuF8bXjwK9E1oZIIpG21UNZeZW5s/sendMessage
[19:28:47] ▶ Раунд W-280 начался
[19:29:19] ✅ W-280   🔴4 vs 2🔵

  ##################################
  🔴 XOX-ПАТТЕРН!
  Красный — 4
  Шаблон: xooooooxoooooox
  ##################################
  🎯 [W-266]  🔴4  vs  4🔵
     [W-267]  🔴1  vs  1🔵
     [W-268]  🔴1  vs  1🔵
     [W-269]  🔴6  vs  2🔵
     [W-270]  🔴1  vs  3🔵
     [W-271]  🔴3  vs  4🔵
     [W-272]  🔴5  vs  3🔵
  🎯 [W-273]  🔴4  vs  2🔵
     [W-274]  🔴5  vs  2🔵
     [W-275]  🔴2  vs  2🔵
     [W-276]  🔴2  vs  5🔵
     [W-277]  🔴3  vs  3🔵
     [W-278]  🔴5  vs  1🔵
     [W-279]  🔴6  vs  1🔵
  🎯 [W-280]  🔴4  vs  2🔵
  ##################################

[19:29:25] ▶ Раунд W-281 начался
[19:29:57] ✅ W-281   🔴2 vs 6🔵
[19:30:03] ▶ Раунд W-282 начался
[19:30:35] ✅ W-282   🔴3 vs 4🔵
[19:30:41] ▶ Раунд W-283 начался
[19:31:13] ✅ W-283   🔴3 vs 5🔵

  ++++++++++++++++++++++++++++++++++
  🔴 НОВАЯ ПАРА!
  Красный — 3
  Длина цепочки: 6 раундов
  ++++++++++++++++++++++++++++++++++
     [W-278]  🔴5  vs  1🔵
     [W-279]  🔴6  vs  1🔵
     [W-280]  🔴4  vs  2🔵
     [W-281]  🔴2  vs  6🔵
     [W-282]  🔴3  vs  4🔵
     [W-283]  🔴3  vs  5🔵
  ++++++++++++++++++++++++++++++++++

[Telegram] Ошибка отправки сообщения в чат 1477129493: 403 Client Error: Forbidden for url: https://my-tg-proxy.iwantbunnygirl.workers.dev/bot8603609103:AAENi9LYuF8bXjwK9E1oZIIpG21UNZeZW5s/sendMessage
[Telegram] Ошибка отправки сообщения в чат 1329987939: 403 Client Error: Forbidden for url: https://my-tg-proxy.iwantbunnygirl.workers.dev/bot8603609103:AAENi9LYuF8bXjwK9E1oZIIpG21UNZeZW5s/sendMessage
[Telegram] Ошибка отправки сообщения в чат 705506250: 403 Client Error: Forbidden for url: https://my-tg-proxy.iwantbunnygirl.workers.dev/bot8603609103:AAENi9LYuF8bXjwK9E1oZIIpG21UNZeZW5s/sendMessage
[19:31:19] ▶ Раунд W-284 начался
[19:31:51] ✅ W-284   🔴3 vs 1🔵
[19:31:57] ▶ Раунд W-285 начался
[19:32:29] ✅ W-285   🔴3 vs 1🔵

  ──────────────────────────────────
  🔴 ПАТТЕРН!
  Красный — 3
  четыре подряд подряд
  ──────────────────────────────────
  ⬅️ [W-280]  🔴4  vs  2🔵
  ⬅️ [W-281]  🔴2  vs  6🔵
  🔥 [W-282]  🔴3  vs  4🔵
  🔥 [W-283]  🔴3  vs  5🔵
  🔥 [W-284]  🔴3  vs  1🔵
  🔥 [W-285]  🔴3  vs  1🔵
  ──────────────────────────────────


  ~~~~~~~~~~~~~~~~~~~~~~~~~~~~~~~~~~
  🎲 МНОГО ПОСЛЕДОВАТЕЛЬНОСТЕЙ!
  Найдено: 4
  🔴22, 🔵11, 🔴33, 🔵11
  ~~~~~~~~~~~~~~~~~~~~~~~~~~~~~~~~~~
  🔥 [W-275]  🔴2  vs  2🔵
  🔥 [W-276]  🔴2  vs  5🔵
     [W-277]  🔴3  vs  3🔵
  🔥 [W-278]  🔴5  vs  1🔵
  🔥 [W-279]  🔴6  vs  1🔵
     [W-280]  🔴4  vs  2🔵
     [W-281]  🔴2  vs  6🔵
  🔥 [W-282]  🔴3  vs  4🔵
  🔥 [W-283]  🔴3  vs  5🔵
  🔥 [W-284]  🔴3  vs  1🔵
  🔥 [W-285]  🔴3  vs  1🔵
  ~~~~~~~~~~~~~~~~~~~~~~~~~~~~~~~~~~

[Telegram] Ошибка отправки сообщения в чат 1477129493: 403 Client Error: Forbidden for url: https://my-tg-proxy.iwantbunnygirl.workers.dev/bot8603609103:AAENi9LYuF8bXjwK9E1oZIIpG21UNZeZW5s/sendMessage
[Telegram] Ошибка отправки сообщения в чат 1329987939: 403 Client Error: Forbidden for url: https://my-tg-proxy.iwantbunnygirl.workers.dev/bot8603609103:AAENi9LYuF8bXjwK9E1oZIIpG21UNZeZW5s/sendMessage
[Telegram] Ошибка отправки сообщения в чат 705506250: 403 Client Error: Forbidden for url: https://my-tg-proxy.iwantbunnygirl.workers.dev/bot8603609103:AAENi9LYuF8bXjwK9E1oZIIpG21UNZeZW5s/sendMessage

  ++++++++++++++++++++++++++++++++++
  🔵 НОВАЯ ПАРА!
  Синий — 1
  Длина цепочки: 4 раундов
  ++++++++++++++++++++++++++++++++++
     [W-282]  🔴3  vs  4🔵
     [W-283]  🔴3  vs  5🔵
     [W-284]  🔴3  vs  1🔵
     [W-285]  🔴3  vs  1🔵
  ++++++++++++++++++++++++++++++++++

[Telegram] Ошибка отправки сообщения в чат 1477129493: 403 Client Error: Forbidden for url: https://my-tg-proxy.iwantbunnygirl.workers.dev/bot8603609103:AAENi9LYuF8bXjwK9E1oZIIpG21UNZeZW5s/sendMessage
[Telegram] Ошибка отправки сообщения в чат 1329987939: 403 Client Error: Forbidden for url: https://my-tg-proxy.iwantbunnygirl.workers.dev/bot8603609103:AAENi9LYuF8bXjwK9E1oZIIpG21UNZeZW5s/sendMessage
[Telegram] Ошибка отправки сообщения в чат 705506250: 403 Client Error: Forbidden for url: https://my-tg-proxy.iwantbunnygirl.workers.dev/bot8603609103:AAENi9LYuF8bXjwK9E1oZIIpG21UNZeZW5s/sendMessage
[19:32:35] ▶ Раунд W-286 начался
[19:33:07] ✅ W-286   🔴5 vs 6🔵
[19:33:13] ▶ Раунд W-287 начался
[19:33:45] ✅ W-287   🔴6 vs 3🔵

  ··································
  📊 СТАТИСТИКА!
  Красный — 3
  четыре подряд подряд
  ··································
  ⬅️ [W-280]  🔴4  vs  2🔵
  ⬅️ [W-281]  🔴2  vs  6🔵
  🔥 [W-282]  🔴3  vs  4🔵
  🔥 [W-283]  🔴3  vs  5🔵
  🔥 [W-284]  🔴3  vs  1🔵
  🔥 [W-285]  🔴3  vs  1🔵
  🆕 [W-286]  🔴5  vs  6🔵
  🆕 [W-287]  🔴6  vs  3🔵
  ··································

[19:33:51] ▶ Раунд W-288 начался
[19:34:23] ✅ W-288   🔴1 vs 3🔵

  ++++++++++++++++++++++++++++++++++
  🔵 НОВАЯ ПАРА!
  Синий — 3
  Длина цепочки: 5 раундов
  ++++++++++++++++++++++++++++++++++
     [W-284]  🔴3  vs  1🔵
     [W-285]  🔴3  vs  1🔵
     [W-286]  🔴5  vs  6🔵
     [W-287]  🔴6  vs  3🔵
     [W-288]  🔴1  vs  3🔵
  ++++++++++++++++++++++++++++++++++

[Telegram] Ошибка отправки сообщения в чат 1477129493: 403 Client Error: Forbidden for url: https://my-tg-proxy.iwantbunnygirl.workers.dev/bot8603609103:AAENi9LYuF8bXjwK9E1oZIIpG21UNZeZW5s/sendMessage
[Telegram] Ошибка отправки сообщения в чат 1329987939: 403 Client Error: Forbidden for url: https://my-tg-proxy.iwantbunnygirl.workers.dev/bot8603609103:AAENi9LYuF8bXjwK9E1oZIIpG21UNZeZW5s/sendMessage
[Telegram] Ошибка отправки сообщения в чат 705506250: 403 Client Error: Forbidden for url: https://my-tg-proxy.iwantbunnygirl.workers.dev/bot8603609103:AAENi9LYuF8bXjwK9E1oZIIpG21UNZeZW5s/sendMessage
[19:34:29] ▶ Раунд W-289 начался
[19:35:01] ✅ W-289   🔴6 vs 4🔵
[19:35:07] ▶ Раунд W-290 начался
[19:35:39] ✅ W-290   🔴4 vs 3🔵
[19:35:45] ▶ Раунд W-291 начался
[19:36:17] ✅ W-291   🔴5 vs 2🔵
[19:36:23] ▶ Раунд W-292 начался
[19:36:55] ✅ W-292   🔴2 vs 2🔵

  ++++++++++++++++++++++++++++++++++
  🔵 НОВАЯ ПАРА!
  Синий — 2
  Длина цепочки: 6 раундов
  ++++++++++++++++++++++++++++++++++
     [W-287]  🔴6  vs  3🔵
     [W-288]  🔴1  vs  3🔵
     [W-289]  🔴6  vs  4🔵
     [W-290]  🔴4  vs  3🔵
     [W-291]  🔴5  vs  2🔵
     [W-292]  🔴2  vs  2🔵
  ++++++++++++++++++++++++++++++++++

[Telegram] Ошибка отправки сообщения в чат 1477129493: 403 Client Error: Forbidden for url: https://my-tg-proxy.iwantbunnygirl.workers.dev/bot8603609103:AAENi9LYuF8bXjwK9E1oZIIpG21UNZeZW5s/sendMessage
[Telegram] Ошибка отправки сообщения в чат 1329987939: 403 Client Error: Forbidden for url: https://my-tg-proxy.iwantbunnygirl.workers.dev/bot8603609103:AAENi9LYuF8bXjwK9E1oZIIpG21UNZeZW5s/sendMessage
[Telegram] Ошибка отправки сообщения в чат 705506250: 403 Client Error: Forbidden for url: https://my-tg-proxy.iwantbunnygirl.workers.dev/bot8603609103:AAENi9LYuF8bXjwK9E1oZIIpG21UNZeZW5s/sendMessage
[19:37:01] ▶ Раунд W-293 начался
[19:37:33] ✅ W-293   🔴6 vs 1🔵
[19:37:39] ▶ Раунд W-294 начался
[19:38:11] ✅ W-294   🔴1 vs 2🔵
[19:38:17] ▶ Раунд W-295 начался
[19:38:49] ✅ W-295   🔴5 vs 4🔵
[19:38:55] ▶ Раунд W-296 начался
[19:39:33] ▶ Раунд W-297 начался
[19:40:05] ✅ W-297   🔴6 vs 5🔵
[19:40:11] ▶ Раунд W-298 начался
[19:40:43] ✅ W-298   🔴3 vs 2🔵
[19:40:49] ▶ Раунд W-299 начался
[19:41:21] ✅ W-299   🔴6 vs 3🔵
[19:41:27] ▶ Раунд W-300 начался
[19:41:59] ✅ W-300   🔴3 vs 4🔵
[19:42:05] ▶ Раунд W-301 начался
[19:42:37] ✅ W-301   🔴6 vs 4🔵

  ##################################
  🔴 XOX-ПАТТЕРН!
  Красный — 6
  Шаблон: xoxox
  ##################################
  🎯 [W-297]  🔴6  vs  5🔵
     [W-298]  🔴3  vs  2🔵
  🎯 [W-299]  🔴6  vs  3🔵
     [W-300]  🔴3  vs  4🔵
  🎯 [W-301]  🔴6  vs  4🔵
  ##################################


  ++++++++++++++++++++++++++++++++++
  🔵 НОВАЯ ПАРА!
  Синий — 4
  Длина цепочки: 10 раундов
  ++++++++++++++++++++++++++++++++++
     [W-291]  🔴5  vs  2🔵
     [W-292]  🔴2  vs  2🔵
     [W-293]  🔴6  vs  1🔵
     [W-294]  🔴1  vs  2🔵
     [W-295]  🔴5  vs  4🔵
     [W-297]  🔴6  vs  5🔵
     [W-298]  🔴3  vs  2🔵
     [W-299]  🔴6  vs  3🔵
     [W-300]  🔴3  vs  4🔵
     [W-301]  🔴6  vs  4🔵
  ++++++++++++++++++++++++++++++++++

[Telegram] Ошибка отправки сообщения в чат 1477129493: 403 Client Error: Forbidden for url: https://my-tg-proxy.iwantbunnygirl.workers.dev/bot8603609103:AAENi9LYuF8bXjwK9E1oZIIpG21UNZeZW5s/sendMessage
[Telegram] Ошибка отправки сообщения в чат 1329987939: 403 Client Error: Forbidden for url: https://my-tg-proxy.iwantbunnygirl.workers.dev/bot8603609103:AAENi9LYuF8bXjwK9E1oZIIpG21UNZeZW5s/sendMessage
[Telegram] Ошибка отправки сообщения в чат 705506250: 403 Client Error: Forbidden for url: https://my-tg-proxy.iwantbunnygirl.workers.dev/bot8603609103:AAENi9LYuF8bXjwK9E1oZIIpG21UNZeZW5s/sendMessage
[19:42:43] ▶ Раунд W-302 начался
[19:43:15] ✅ W-302   🔴2 vs 6🔵
[19:43:21] ▶ Раунд W-303 начался
[19:43:53] ✅ W-303   🔴6 vs 5🔵

  ##################################
  🔴 XOX-ПАТТЕРН!
  Красный — 6
  Шаблон: xoxox
  ##################################
  🎯 [W-299]  🔴6  vs  3🔵
     [W-300]  🔴3  vs  4🔵
  🎯 [W-301]  🔴6  vs  4🔵
     [W-302]  🔴2  vs  6🔵
  🎯 [W-303]  🔴6  vs  5🔵
  ##################################

[19:43:59] ▶ Раунд W-304 начался
[19:44:31] ✅ W-304   🔴4 vs 1🔵
[19:44:37] ▶ Раунд W-305 начался
[19:45:09] ✅ W-305   🔴4 vs 6🔵

  ~~~~~~~~~~~~~~~~~~~~~~~~~~~~~~~~~~
  🎲 МНОГО ПОСЛЕДОВАТЕЛЬНОСТЕЙ!
  Найдено: 4
  🔵33, 🔵22, 🔵44, 🔴44
  ~~~~~~~~~~~~~~~~~~~~~~~~~~~~~~~~~~
  🔥 [W-287]  🔴6  vs  3🔵
  🔥 [W-288]  🔴1  vs  3🔵
     [W-289]  🔴6  vs  4🔵
     [W-290]  🔴4  vs  3🔵
  🔥 [W-291]  🔴5  vs  2🔵
  🔥 [W-292]  🔴2  vs  2🔵
     [W-293]  🔴6  vs  1🔵
     [W-294]  🔴1  vs  2🔵
     [W-295]  🔴5  vs  4🔵
     [W-297]  🔴6  vs  5🔵
     [W-298]  🔴3  vs  2🔵
     [W-299]  🔴6  vs  3🔵
  🔥 [W-300]  🔴3  vs  4🔵
  🔥 [W-301]  🔴6  vs  4🔵
     [W-302]  🔴2  vs  6🔵
     [W-303]  🔴6  vs  5🔵
  🔥 [W-304]  🔴4  vs  1🔵
  🔥 [W-305]  🔴4  vs  6🔵
  ~~~~~~~~~~~~~~~~~~~~~~~~~~~~~~~~~~

[Telegram] Ошибка отправки сообщения в чат 1477129493: 403 Client Error: Forbidden for url: https://my-tg-proxy.iwantbunnygirl.workers.dev/bot8603609103:AAENi9LYuF8bXjwK9E1oZIIpG21UNZeZW5s/sendMessage
[Telegram] Ошибка отправки сообщения в чат 1329987939: 403 Client Error: Forbidden for url: https://my-tg-proxy.iwantbunnygirl.workers.dev/bot8603609103:AAENi9LYuF8bXjwK9E1oZIIpG21UNZeZW5s/sendMessage
[Telegram] Ошибка отправки сообщения в чат 705506250: 403 Client Error: Forbidden for url: https://my-tg-proxy.iwantbunnygirl.workers.dev/bot8603609103:AAENi9LYuF8bXjwK9E1oZIIpG21UNZeZW5s/sendMessage

  ++++++++++++++++++++++++++++++++++
  🔴 НОВАЯ ПАРА!
  Красный — 4
  Длина цепочки: 6 раундов
  ++++++++++++++++++++++++++++++++++
     [W-300]  🔴3  vs  4🔵
     [W-301]  🔴6  vs  4🔵
     [W-302]  🔴2  vs  6🔵
     [W-303]  🔴6  vs  5🔵
     [W-304]  🔴4  vs  1🔵
     [W-305]  🔴4  vs  6🔵
  ++++++++++++++++++++++++++++++++++

[Telegram] Ошибка отправки сообщения в чат 1477129493: 403 Client Error: Forbidden for url: https://my-tg-proxy.iwantbunnygirl.workers.dev/bot8603609103:AAENi9LYuF8bXjwK9E1oZIIpG21UNZeZW5s/sendMessage
[Telegram] Ошибка отправки сообщения в чат 1329987939: 403 Client Error: Forbidden for url: https://my-tg-proxy.iwantbunnygirl.workers.dev/bot8603609103:AAENi9LYuF8bXjwK9E1oZIIpG21UNZeZW5s/sendMessage
[Telegram] Ошибка отправки сообщения в чат 705506250: 403 Client Error: Forbidden for url: https://my-tg-proxy.iwantbunnygirl.workers.dev/bot8603609103:AAENi9LYuF8bXjwK9E1oZIIpG21UNZeZW5s/sendMessage
[19:45:15] ▶ Раунд W-306 начался
[19:45:47] ✅ W-306   🔴6 vs 4🔵
[19:45:53] ▶ Раунд W-307 начался
[19:46:25] ✅ W-307   🔴2 vs 5🔵
[19:46:31] ▶ Раунд W-308 начался
[19:47:03] ✅ W-308   🔴5 vs 3🔵
[19:47:09] ▶ Раунд W-309 начался
[19:47:41] ✅ W-309   🔴6 vs 4🔵

  ##################################
  🔴 XOX-ПАТТЕРН!
  Красный — 6
  Шаблон: xooxoox
  ##################################
  🎯 [W-303]  🔴6  vs  5🔵
     [W-304]  🔴4  vs  1🔵
     [W-305]  🔴4  vs  6🔵
  🎯 [W-306]  🔴6  vs  4🔵
     [W-307]  🔴2  vs  5🔵
     [W-308]  🔴5  vs  3🔵
  🎯 [W-309]  🔴6  vs  4🔵
  ##################################

[19:47:47] ▶ Раунд W-310 начался
[19:48:19] ✅ W-310   🔴3 vs 3🔵
[19:48:25] ▶ Раунд W-311 начался
[19:48:57] ✅ W-311   🔴6 vs 4🔵
[19:49:03] ▶ Раунд W-312 начался
[19:49:35] ✅ W-312   🔴3 vs 6🔵
[19:49:41] ▶ Раунд W-313 начался
[19:50:13] ✅ W-313   🔴2 vs 1🔵
[19:50:19] ▶ Раунд W-314 начался
[19:50:51] ✅ W-314   🔴1 vs 3🔵
[19:50:57] ▶ Раунд W-315 начался
[19:51:29] ✅ W-315   🔴5 vs 6🔵
[19:51:35] ▶ Раунд W-316 начался
[19:52:07] ✅ W-316   🔴4 vs 1🔵
[19:52:13] ▶ Раунд W-317 начался
[19:52:45] ✅ W-317   🔴3 vs 5🔵
[19:52:51] ▶ Раунд W-318 начался
[19:53:23] ✅ W-318   🔴2 vs 3🔵

  ##################################
  🔵 XOX-ПАТТЕРН!
  Синий — 3
  Шаблон: xoooxooox
  ##################################
  🎯 [W-310]  🔴3  vs  3🔵
     [W-311]  🔴6  vs  4🔵
     [W-312]  🔴3  vs  6🔵
     [W-313]  🔴2  vs  1🔵
  🎯 [W-314]  🔴1  vs  3🔵
     [W-315]  🔴5  vs  6🔵
     [W-316]  🔴4  vs  1🔵
     [W-317]  🔴3  vs  5🔵
  🎯 [W-318]  🔴2  vs  3🔵
  ##################################

[19:53:29] ▶ Раунд W-319 начался
[19:54:01] ✅ W-319   🔴4 vs 1🔵

  ##################################
  🔵 XOX-ПАТТЕРН!
  Синий — 1
  Шаблон: xooxoox
  ##################################
  🎯 [W-313]  🔴2  vs  1🔵
     [W-314]  🔴1  vs  3🔵
     [W-315]  🔴5  vs  6🔵
  🎯 [W-316]  🔴4  vs  1🔵
     [W-317]  🔴3  vs  5🔵
     [W-318]  🔴2  vs  3🔵
  🎯 [W-319]  🔴4  vs  1🔵
  ##################################

[19:54:07] ▶ Раунд W-320 начался
[19:54:39] ✅ W-320   🔴2 vs 3🔵
[19:54:45] ▶ Раунд W-321 начался
[19:55:17] ✅ W-321   🔴2 vs 2🔵

  ++++++++++++++++++++++++++++++++++
  🔴 НОВАЯ ПАРА!
  Красный — 2
  Длина цепочки: 18 раундов
  ++++++++++++++++++++++++++++++++++
     [W-304]  🔴4  vs  1🔵
     [W-305]  🔴4  vs  6🔵
     [W-306]  🔴6  vs  4🔵
     [W-307]  🔴2  vs  5🔵
     [W-308]  🔴5  vs  3🔵
     [W-309]  🔴6  vs  4🔵
     [W-310]  🔴3  vs  3🔵
     [W-311]  🔴6  vs  4🔵
     [W-312]  🔴3  vs  6🔵
     [W-313]  🔴2  vs  1🔵
     [W-314]  🔴1  vs  3🔵
     [W-315]  🔴5  vs  6🔵
     [W-316]  🔴4  vs  1🔵
     [W-317]  🔴3  vs  5🔵
     [W-318]  🔴2  vs  3🔵
     [W-319]  🔴4  vs  1🔵
     [W-320]  🔴2  vs  3🔵
     [W-321]  🔴2  vs  2🔵
  ++++++++++++++++++++++++++++++++++

[Telegram] Ошибка отправки сообщения в чат 1477129493: 403 Client Error: Forbidden for url: https://my-tg-proxy.iwantbunnygirl.workers.dev/bot8603609103:AAENi9LYuF8bXjwK9E1oZIIpG21UNZeZW5s/sendMessage
[Telegram] Ошибка отправки сообщения в чат 1329987939: 403 Client Error: Forbidden for url: https://my-tg-proxy.iwantbunnygirl.workers.dev/bot8603609103:AAENi9LYuF8bXjwK9E1oZIIpG21UNZeZW5s/sendMessage
[Telegram] Ошибка отправки сообщения в чат 705506250: 403 Client Error: Forbidden for url: https://my-tg-proxy.iwantbunnygirl.workers.dev/bot8603609103:AAENi9LYuF8bXjwK9E1oZIIpG21UNZeZW5s/sendMessage
[19:55:23] ▶ Раунд W-322 начался
[19:55:55] ✅ W-322   🔴5 vs 1🔵

  ##################################
  🔴 XOX-ПАТТЕРН!
  Красный — 5
  Шаблон: xooooooxoooooox
  ##################################
  🎯 [W-308]  🔴5  vs  3🔵
     [W-309]  🔴6  vs  4🔵
     [W-310]  🔴3  vs  3🔵
     [W-311]  🔴6  vs  4🔵
     [W-312]  🔴3  vs  6🔵
     [W-313]  🔴2  vs  1🔵
     [W-314]  🔴1  vs  3🔵
  🎯 [W-315]  🔴5  vs  6🔵
     [W-316]  🔴4  vs  1🔵
     [W-317]  🔴3  vs  5🔵
     [W-318]  🔴2  vs  3🔵
     [W-319]  🔴4  vs  1🔵
     [W-320]  🔴2  vs  3🔵
     [W-321]  🔴2  vs  2🔵
  🎯 [W-322]  🔴5  vs  1🔵
  ##################################


  ##################################
  🔵 XOX-ПАТТЕРН!
  Синий — 1
  Шаблон: xooxoox
  ##################################
  🎯 [W-316]  🔴4  vs  1🔵
     [W-317]  🔴3  vs  5🔵
     [W-318]  🔴2  vs  3🔵
  🎯 [W-319]  🔴4  vs  1🔵
     [W-320]  🔴2  vs  3🔵
     [W-321]  🔴2  vs  2🔵
  🎯 [W-322]  🔴5  vs  1🔵
  ##################################

[19:56:01] ▶ Раунд W-323 начался
[19:56:33] ✅ W-323   🔴2 vs 2🔵
[19:56:39] ▶ Раунд W-324 начался
[19:57:11] ✅ W-324   🔴3 vs 3🔵
[19:57:15] ▶ Раунд W-325 начался
[19:57:47] ✅ W-325   🔴6 vs 3🔵

  ++++++++++++++++++++++++++++++++++
  🔵 НОВАЯ ПАРА!
  Синий — 3
  Длина цепочки: 6 раундов
  ++++++++++++++++++++++++++++++++++
     [W-320]  🔴2  vs  3🔵
     [W-321]  🔴2  vs  2🔵
     [W-322]  🔴5  vs  1🔵
     [W-323]  🔴2  vs  2🔵
     [W-324]  🔴3  vs  3🔵
     [W-325]  🔴6  vs  3🔵
  ++++++++++++++++++++++++++++++++++

[Telegram] Ошибка отправки сообщения в чат 1477129493: 403 Client Error: Forbidden for url: https://my-tg-proxy.iwantbunnygirl.workers.dev/bot8603609103:AAENi9LYuF8bXjwK9E1oZIIpG21UNZeZW5s/sendMessage
[Telegram] Ошибка отправки сообщения в чат 1329987939: 403 Client Error: Forbidden for url: https://my-tg-proxy.iwantbunnygirl.workers.dev/bot8603609103:AAENi9LYuF8bXjwK9E1oZIIpG21UNZeZW5s/sendMessage
[Telegram] Ошибка отправки сообщения в чат 705506250: 403 Client Error: Forbidden for url: https://my-tg-proxy.iwantbunnygirl.workers.dev/bot8603609103:AAENi9LYuF8bXjwK9E1oZIIpG21UNZeZW5s/sendMessage
[19:57:53] ▶ Раунд W-326 начался
[19:58:25] ✅ W-326   🔴3 vs 2🔵
[19:58:31] ▶ Раунд W-327 начался
[19:59:03] ✅ W-327   🔴4 vs 2🔵

  ++++++++++++++++++++++++++++++++++
  🔵 НОВАЯ ПАРА!
  Синий — 2
  Длина цепочки: 4 раундов
  ++++++++++++++++++++++++++++++++++
     [W-324]  🔴3  vs  3🔵
     [W-325]  🔴6  vs  3🔵
     [W-326]  🔴3  vs  2🔵
     [W-327]  🔴4  vs  2🔵
  ++++++++++++++++++++++++++++++++++

[Telegram] Ошибка отправки сообщения в чат 1477129493: 403 Client Error: Forbidden for url: https://my-tg-proxy.iwantbunnygirl.workers.dev/bot8603609103:AAENi9LYuF8bXjwK9E1oZIIpG21UNZeZW5s/sendMessage
[Telegram] Ошибка отправки сообщения в чат 1329987939: 403 Client Error: Forbidden for url: https://my-tg-proxy.iwantbunnygirl.workers.dev/bot8603609103:AAENi9LYuF8bXjwK9E1oZIIpG21UNZeZW5s/sendMessage
[Telegram] Ошибка отправки сообщения в чат 705506250: 403 Client Error: Forbidden for url: https://my-tg-proxy.iwantbunnygirl.workers.dev/bot8603609103:AAENi9LYuF8bXjwK9E1oZIIpG21UNZeZW5s/sendMessage
[19:59:09] ▶ Раунд W-328 начался
[19:59:41] ✅ W-328   🔴2 vs 2🔵
[19:59:47] ▶ Раунд W-329 начался
[20:00:19] ✅ W-329   🔴1 vs 6🔵
[20:00:25] ▶ Раунд W-330 начался
[20:00:57] ✅ W-330   🔴4 vs 2🔵
[20:01:03] ▶ Раунд W-331 начался
[20:01:35] ✅ W-331   🔴4 vs 1🔵

  ~~~~~~~~~~~~~~~~~~~~~~~~~~~~~~~~~~
  🎲 МНОГО ПОСЛЕДОВАТЕЛЬНОСТЕЙ!
  Найдено: 4
  🔴22, 🔵33, 🔵22, 🔴44
  ~~~~~~~~~~~~~~~~~~~~~~~~~~~~~~~~~~
  🔥 [W-320]  🔴2  vs  3🔵
  🔥 [W-321]  🔴2  vs  2🔵
     [W-322]  🔴5  vs  1🔵
     [W-323]  🔴2  vs  2🔵
  🔥 [W-324]  🔴3  vs  3🔵
  🔥 [W-325]  🔴6  vs  3🔵
  🔥 [W-326]  🔴3  vs  2🔵
  🔥 [W-327]  🔴4  vs  2🔵
     [W-328]  🔴2  vs  2🔵
     [W-329]  🔴1  vs  6🔵
  🔥 [W-330]  🔴4  vs  2🔵
  🔥 [W-331]  🔴4  vs  1🔵
  ~~~~~~~~~~~~~~~~~~~~~~~~~~~~~~~~~~

[Telegram] Ошибка отправки сообщения в чат 1477129493: 403 Client Error: Forbidden for url: https://my-tg-proxy.iwantbunnygirl.workers.dev/bot8603609103:AAENi9LYuF8bXjwK9E1oZIIpG21UNZeZW5s/sendMessage
[Telegram] Ошибка отправки сообщения в чат 1329987939: 403 Client Error: Forbidden for url: https://my-tg-proxy.iwantbunnygirl.workers.dev/bot8603609103:AAENi9LYuF8bXjwK9E1oZIIpG21UNZeZW5s/sendMessage
[Telegram] Ошибка отправки сообщения в чат 705506250: 403 Client Error: Forbidden for url: https://my-tg-proxy.iwantbunnygirl.workers.dev/bot8603609103:AAENi9LYuF8bXjwK9E1oZIIpG21UNZeZW5s/sendMessage

  ++++++++++++++++++++++++++++++++++
  🔴 НОВАЯ ПАРА!
  Красный — 4
  Длина цепочки: 6 раундов
  ++++++++++++++++++++++++++++++++++
     [W-326]  🔴3  vs  2🔵
     [W-327]  🔴4  vs  2🔵
     [W-328]  🔴2  vs  2🔵
     [W-329]  🔴1  vs  6🔵
     [W-330]  🔴4  vs  2🔵
     [W-331]  🔴4  vs  1🔵
  ++++++++++++++++++++++++++++++++++

[Telegram] Ошибка отправки сообщения в чат 1477129493: 403 Client Error: Forbidden for url: https://my-tg-proxy.iwantbunnygirl.workers.dev/bot8603609103:AAENi9LYuF8bXjwK9E1oZIIpG21UNZeZW5s/sendMessage
[Telegram] Ошибка отправки сообщения в чат 1329987939: 403 Client Error: Forbidden for url: https://my-tg-proxy.iwantbunnygirl.workers.dev/bot8603609103:AAENi9LYuF8bXjwK9E1oZIIpG21UNZeZW5s/sendMessage
[Telegram] Ошибка отправки сообщения в чат 705506250: 403 Client Error: Forbidden for url: https://my-tg-proxy.iwantbunnygirl.workers.dev/bot8603609103:AAENi9LYuF8bXjwK9E1oZIIpG21UNZeZW5s/sendMessage
[20:01:41] ▶ Раунд W-332 начался
[20:02:13] ✅ W-332   🔴1 vs 5🔵
[20:02:19] ▶ Раунд W-333 начался
[20:02:51] ✅ W-333   🔴1 vs 5🔵

  ++++++++++++++++++++++++++++++++++
  🔴 НОВАЯ ПАРА!
  Красный — 1
  Длина цепочки: 4 раундов
  ++++++++++++++++++++++++++++++++++
     [W-330]  🔴4  vs  2🔵
     [W-331]  🔴4  vs  1🔵
     [W-332]  🔴1  vs  5🔵
     [W-333]  🔴1  vs  5🔵
  ++++++++++++++++++++++++++++++++++

[Telegram] Ошибка отправки сообщения в чат 1477129493: 403 Client Error: Forbidden for url: https://my-tg-proxy.iwantbunnygirl.workers.dev/bot8603609103:AAENi9LYuF8bXjwK9E1oZIIpG21UNZeZW5s/sendMessage
[Telegram] Ошибка отправки сообщения в чат 1329987939: 403 Client Error: Forbidden for url: https://my-tg-proxy.iwantbunnygirl.workers.dev/bot8603609103:AAENi9LYuF8bXjwK9E1oZIIpG21UNZeZW5s/sendMessage
[Telegram] Ошибка отправки сообщения в чат 705506250: 403 Client Error: Forbidden for url: https://my-tg-proxy.iwantbunnygirl.workers.dev/bot8603609103:AAENi9LYuF8bXjwK9E1oZIIpG21UNZeZW5s/sendMessage
[20:02:57] ▶ Раунд W-334 начался
[20:03:29] ✅ W-334   🔴6 vs 4🔵
[20:03:35] ▶ Раунд W-335 начался
[20:04:07] ✅ W-335   🔴6 vs 3🔵

  ++++++++++++++++++++++++++++++++++
  🔴 НОВАЯ ПАРА!
  Красный — 6
  Длина цепочки: 4 раундов
  ++++++++++++++++++++++++++++++++++
     [W-332]  🔴1  vs  5🔵
     [W-333]  🔴1  vs  5🔵
     [W-334]  🔴6  vs  4🔵
     [W-335]  🔴6  vs  3🔵
  ++++++++++++++++++++++++++++++++++

[Telegram] Ошибка отправки сообщения в чат 1477129493: 403 Client Error: Forbidden for url: https://my-tg-proxy.iwantbunnygirl.workers.dev/bot8603609103:AAENi9LYuF8bXjwK9E1oZIIpG21UNZeZW5s/sendMessage
[Telegram] Ошибка отправки сообщения в чат 1329987939: 403 Client Error: Forbidden for url: https://my-tg-proxy.iwantbunnygirl.workers.dev/bot8603609103:AAENi9LYuF8bXjwK9E1oZIIpG21UNZeZW5s/sendMessage
[Telegram] Ошибка отправки сообщения в чат 705506250: 403 Client Error: Forbidden for url: https://my-tg-proxy.iwantbunnygirl.workers.dev/bot8603609103:AAENi9LYuF8bXjwK9E1oZIIpG21UNZeZW5s/sendMessage
[20:04:13] ▶ Раунд W-336 начался
[20:04:45] ✅ W-336   🔴6 vs 3🔵

  ~~~~~~~~~~~~~~~~~~~~~~~~~~~~~~~~~~
  🎲 МНОГО ПОСЛЕДОВАТЕЛЬНОСТЕЙ!
  Найдено: 4
  🔴11, 🔵55, 🔴66, 🔵33
  ~~~~~~~~~~~~~~~~~~~~~~~~~~~~~~~~~~
  🔥 [W-332]  🔴1  vs  5🔵
  🔥 [W-333]  🔴1  vs  5🔵
  🔥 [W-334]  🔴6  vs  4🔵
  🔥 [W-335]  🔴6  vs  3🔵
  🔥 [W-336]  🔴6  vs  3🔵
  ~~~~~~~~~~~~~~~~~~~~~~~~~~~~~~~~~~

[Telegram] Ошибка отправки сообщения в чат 1477129493: 403 Client Error: Forbidden for url: https://my-tg-proxy.iwantbunnygirl.workers.dev/bot8603609103:AAENi9LYuF8bXjwK9E1oZIIpG21UNZeZW5s/sendMessage
[Telegram] Ошибка отправки сообщения в чат 1329987939: 403 Client Error: Forbidden for url: https://my-tg-proxy.iwantbunnygirl.workers.dev/bot8603609103:AAENi9LYuF8bXjwK9E1oZIIpG21UNZeZW5s/sendMessage
[Telegram] Ошибка отправки сообщения в чат 705506250: 403 Client Error: Forbidden for url: https://my-tg-proxy.iwantbunnygirl.workers.dev/bot8603609103:AAENi9LYuF8bXjwK9E1oZIIpG21UNZeZW5s/sendMessage
[20:04:51] ▶ Раунд W-337 начался
[20:05:23] ✅ W-337   🔴2 vs 2🔵
[20:05:29] ▶ Раунд W-338 начался
[20:06:01] ✅ W-338   🔴3 vs 3🔵
[20:06:07] ▶ Раунд W-339 начался
[20:06:39] ✅ W-339   🔴2 vs 5🔵
[20:06:45] ▶ Раунд W-340 начался
[20:07:17] ✅ W-340   🔴2 vs 5🔵

  ++++++++++++++++++++++++++++++++++
  🔴 НОВАЯ ПАРА!
  Красный — 2
  Длина цепочки: 7 раундов
  ++++++++++++++++++++++++++++++++++
     [W-334]  🔴6  vs  4🔵
     [W-335]  🔴6  vs  3🔵
     [W-336]  🔴6  vs  3🔵
     [W-337]  🔴2  vs  2🔵
     [W-338]  🔴3  vs  3🔵
     [W-339]  🔴2  vs  5🔵
     [W-340]  🔴2  vs  5🔵
  ++++++++++++++++++++++++++++++++++

[Telegram] Ошибка отправки сообщения в чат 1477129493: 403 Client Error: Forbidden for url: https://my-tg-proxy.iwantbunnygirl.workers.dev/bot8603609103:AAENi9LYuF8bXjwK9E1oZIIpG21UNZeZW5s/sendMessage
[Telegram] Ошибка отправки сообщения в чат 1329987939: 403 Client Error: Forbidden for url: https://my-tg-proxy.iwantbunnygirl.workers.dev/bot8603609103:AAENi9LYuF8bXjwK9E1oZIIpG21UNZeZW5s/sendMessage
[Telegram] Ошибка отправки сообщения в чат 705506250: 403 Client Error: Forbidden for url: https://my-tg-proxy.iwantbunnygirl.workers.dev/bot8603609103:AAENi9LYuF8bXjwK9E1oZIIpG21UNZeZW5s/sendMessage
[20:07:23] ▶ Раунд W-341 начался
[20:07:55] ✅ W-341   🔴6 vs 5🔵
[20:08:01] ▶ Раунд W-342 начался
[20:08:33] ✅ W-342   🔴4 vs 2🔵
[20:08:39] ▶ Раунд W-343 начался
[20:09:11] ✅ W-343   🔴6 vs 1🔵
[20:09:17] ▶ Раунд W-344 начался
[20:09:49] ✅ W-344   🔴4 vs 1🔵

  ++++++++++++++++++++++++++++++++++
  🔵 НОВАЯ ПАРА!
  Синий — 1
  Длина цепочки: 6 раундов
  ++++++++++++++++++++++++++++++++++
     [W-339]  🔴2  vs  5🔵
     [W-340]  🔴2  vs  5🔵
     [W-341]  🔴6  vs  5🔵
     [W-342]  🔴4  vs  2🔵
     [W-343]  🔴6  vs  1🔵
     [W-344]  🔴4  vs  1🔵
  ++++++++++++++++++++++++++++++++++

[Telegram] Ошибка отправки сообщения в чат 1477129493: 403 Client Error: Forbidden for url: https://my-tg-proxy.iwantbunnygirl.workers.dev/bot8603609103:AAENi9LYuF8bXjwK9E1oZIIpG21UNZeZW5s/sendMessage
[Telegram] Ошибка отправки сообщения в чат 1329987939: 403 Client Error: Forbidden for url: https://my-tg-proxy.iwantbunnygirl.workers.dev/bot8603609103:AAENi9LYuF8bXjwK9E1oZIIpG21UNZeZW5s/sendMessage
[Telegram] Ошибка отправки сообщения в чат 705506250: 403 Client Error: Forbidden for url: https://my-tg-proxy.iwantbunnygirl.workers.dev/bot8603609103:AAENi9LYuF8bXjwK9E1oZIIpG21UNZeZW5s/sendMessage
[20:09:55] ▶ Раунд W-345 начался
[20:10:27] ✅ W-345   🔴2 vs 3🔵
[20:10:33] ▶ Раунд W-346 начался
[20:11:05] ✅ W-346   🔴2 vs 5🔵

  ~~~~~~~~~~~~~~~~~~~~~~~~~~~~~~~~~~
  🎲 МНОГО ПОСЛЕДОВАТЕЛЬНОСТЕЙ!
  Найдено: 4
  🔴22, 🔵55, 🔵11, 🔴22
  ~~~~~~~~~~~~~~~~~~~~~~~~~~~~~~~~~~
  🔥 [W-339]  🔴2  vs  5🔵
  🔥 [W-340]  🔴2  vs  5🔵
     [W-341]  🔴6  vs  5🔵
     [W-342]  🔴4  vs  2🔵
  🔥 [W-343]  🔴6  vs  1🔵
  🔥 [W-344]  🔴4  vs  1🔵
  🔥 [W-345]  🔴2  vs  3🔵
  🔥 [W-346]  🔴2  vs  5🔵
  ~~~~~~~~~~~~~~~~~~~~~~~~~~~~~~~~~~

[Telegram] Ошибка отправки сообщения в чат 1477129493: 403 Client Error: Forbidden for url: https://my-tg-proxy.iwantbunnygirl.workers.dev/bot8603609103:AAENi9LYuF8bXjwK9E1oZIIpG21UNZeZW5s/sendMessage
[Telegram] Ошибка отправки сообщения в чат 1329987939: 403 Client Error: Forbidden for url: https://my-tg-proxy.iwantbunnygirl.workers.dev/bot8603609103:AAENi9LYuF8bXjwK9E1oZIIpG21UNZeZW5s/sendMessage
[Telegram] Ошибка отправки сообщения в чат 705506250: 403 Client Error: Forbidden for url: https://my-tg-proxy.iwantbunnygirl.workers.dev/bot8603609103:AAENi9LYuF8bXjwK9E1oZIIpG21UNZeZW5s/sendMessage

  ++++++++++++++++++++++++++++++++++
  🔴 НОВАЯ ПАРА!
  Красный — 2
  Длина цепочки: 4 раундов
  ++++++++++++++++++++++++++++++++++
     [W-343]  🔴6  vs  1🔵
     [W-344]  🔴4  vs  1🔵
     [W-345]  🔴2  vs  3🔵
     [W-346]  🔴2  vs  5🔵
  ++++++++++++++++++++++++++++++++++

[Telegram] Ошибка отправки сообщения в чат 1477129493: 403 Client Error: Forbidden for url: https://my-tg-proxy.iwantbunnygirl.workers.dev/bot8603609103:AAENi9LYuF8bXjwK9E1oZIIpG21UNZeZW5s/sendMessage
[Telegram] Ошибка отправки сообщения в чат 1329987939: 403 Client Error: Forbidden for url: https://my-tg-proxy.iwantbunnygirl.workers.dev/bot8603609103:AAENi9LYuF8bXjwK9E1oZIIpG21UNZeZW5s/sendMessage
[Telegram] Ошибка отправки сообщения в чат 705506250: 403 Client Error: Forbidden for url: https://my-tg-proxy.iwantbunnygirl.workers.dev/bot8603609103:AAENi9LYuF8bXjwK9E1oZIIpG21UNZeZW5s/sendMessage
[20:11:11] ▶ Раунд W-347 начался
[20:11:43] ✅ W-347   🔴2 vs 6🔵
[20:11:49] ▶ Раунд W-348 начался
[20:12:21] ✅ W-348   🔴5 vs 6🔵

  ++++++++++++++++++++++++++++++++++
  🔵 НОВАЯ ПАРА!
  Синий — 6
  Длина цепочки: 4 раундов
  ++++++++++++++++++++++++++++++++++
     [W-345]  🔴2  vs  3🔵
     [W-346]  🔴2  vs  5🔵
     [W-347]  🔴2  vs  6🔵
     [W-348]  🔴5  vs  6🔵
  ++++++++++++++++++++++++++++++++++

[Telegram] Ошибка отправки сообщения в чат 1477129493: 403 Client Error: Forbidden for url: https://my-tg-proxy.iwantbunnygirl.workers.dev/bot8603609103:AAENi9LYuF8bXjwK9E1oZIIpG21UNZeZW5s/sendMessage
[Telegram] Ошибка отправки сообщения в чат 1329987939: 403 Client Error: Forbidden for url: https://my-tg-proxy.iwantbunnygirl.workers.dev/bot8603609103:AAENi9LYuF8bXjwK9E1oZIIpG21UNZeZW5s/sendMessage
[Telegram] Ошибка отправки сообщения в чат 705506250: 403 Client Error: Forbidden for url: https://my-tg-proxy.iwantbunnygirl.workers.dev/bot8603609103:AAENi9LYuF8bXjwK9E1oZIIpG21UNZeZW5s/sendMessage
[20:12:27] ▶ Раунд W-349 начался
[20:12:59] ✅ W-349   🔴1 vs 1🔵
[20:13:05] ▶ Раунд W-350 начался
[20:13:37] ✅ W-350   🔴3 vs 3🔵
[20:13:43] ▶ Раунд W-351 начался
[20:14:15] ✅ W-351   🔴6 vs 5🔵

  ##################################
  🔵 XOX-ПАТТЕРН!
  Синий — 5
  Шаблон: xooooxoooox
  ##################################
  🎯 [W-341]  🔴6  vs  5🔵
     [W-342]  🔴4  vs  2🔵
     [W-343]  🔴6  vs  1🔵
     [W-344]  🔴4  vs  1🔵
     [W-345]  🔴2  vs  3🔵
  🎯 [W-346]  🔴2  vs  5🔵
     [W-347]  🔴2  vs  6🔵
     [W-348]  🔴5  vs  6🔵
     [W-349]  🔴1  vs  1🔵
     [W-350]  🔴3  vs  3🔵
  🎯 [W-351]  🔴6  vs  5🔵
  ##################################

[20:14:21] ▶ Раунд W-352 начался
[20:14:53] ✅ W-352   🔴1 vs 6🔵
[20:14:59] ▶ Раунд W-353 начался
[20:15:31] ✅ W-353   🔴2 vs 1🔵
[20:15:37] ▶ Раунд W-354 начался
[20:16:09] ✅ W-354   🔴3 vs 5🔵
[20:16:15] ▶ Раунд W-355 начался
[20:16:47] ✅ W-355   🔴4 vs 4🔵
[20:16:53] ▶ Раунд W-356 начался
[20:17:25] ✅ W-356   🔴1 vs 5🔵
[20:17:31] ▶ Раунд W-357 начался
[20:18:03] ✅ W-357   🔴5 vs 1🔵

  ##################################
  🔵 XOX-ПАТТЕРН!
  Синий — 1
  Шаблон: xoooxooox
  ##################################
  🎯 [W-349]  🔴1  vs  1🔵
     [W-350]  🔴3  vs  3🔵
     [W-351]  🔴6  vs  5🔵
     [W-352]  🔴1  vs  6🔵
  🎯 [W-353]  🔴2  vs  1🔵
     [W-354]  🔴3  vs  5🔵
     [W-355]  🔴4  vs  4🔵
     [W-356]  🔴1  vs  5🔵
  🎯 [W-357]  🔴5  vs  1🔵
  ##################################

[20:18:09] ▶ Раунд W-358 начался
[20:18:41] ✅ W-358   🔴4 vs 2🔵
[20:18:47] ▶ Раунд W-359 начался
[20:19:19] ✅ W-359   🔴4 vs 5🔵

  ++++++++++++++++++++++++++++++++++
  🔴 НОВАЯ ПАРА!
  Красный — 4
  Длина цепочки: 13 раундов
  ++++++++++++++++++++++++++++++++++
     [W-347]  🔴2  vs  6🔵
     [W-348]  🔴5  vs  6🔵
     [W-349]  🔴1  vs  1🔵
     [W-350]  🔴3  vs  3🔵
     [W-351]  🔴6  vs  5🔵
     [W-352]  🔴1  vs  6🔵
     [W-353]  🔴2  vs  1🔵
     [W-354]  🔴3  vs  5🔵
     [W-355]  🔴4  vs  4🔵
     [W-356]  🔴1  vs  5🔵
     [W-357]  🔴5  vs  1🔵
     [W-358]  🔴4  vs  2🔵
     [W-359]  🔴4  vs  5🔵
  ++++++++++++++++++++++++++++++++++

[Telegram] Ошибка отправки сообщения в чат 1477129493: 403 Client Error: Forbidden for url: https://my-tg-proxy.iwantbunnygirl.workers.dev/bot8603609103:AAENi9LYuF8bXjwK9E1oZIIpG21UNZeZW5s/sendMessage
[Telegram] Ошибка отправки сообщения в чат 1329987939: 403 Client Error: Forbidden for url: https://my-tg-proxy.iwantbunnygirl.workers.dev/bot8603609103:AAENi9LYuF8bXjwK9E1oZIIpG21UNZeZW5s/sendMessage
[Telegram] Ошибка отправки сообщения в чат 705506250: 403 Client Error: Forbidden for url: https://my-tg-proxy.iwantbunnygirl.workers.dev/bot8603609103:AAENi9LYuF8bXjwK9E1oZIIpG21UNZeZW5s/sendMessage
[20:19:25] ▶ Раунд W-360 начался
[20:19:57] ✅ W-360   🔴4 vs 6🔵
[20:20:03] ▶ Раунд W-361 начался
[20:20:35] ✅ W-361   🔴2 vs 6🔵

  ++++++++++++++++++++++++++++++++++
  🔵 НОВАЯ ПАРА!
  Синий — 6
  Длина цепочки: 4 раундов
  ++++++++++++++++++++++++++++++++++
     [W-358]  🔴4  vs  2🔵
     [W-359]  🔴4  vs  5🔵
     [W-360]  🔴4  vs  6🔵
     [W-361]  🔴2  vs  6🔵
  ++++++++++++++++++++++++++++++++++

[Telegram] Ошибка отправки сообщения в чат 1477129493: 403 Client Error: Forbidden for url: https://my-tg-proxy.iwantbunnygirl.workers.dev/bot8603609103:AAENi9LYuF8bXjwK9E1oZIIpG21UNZeZW5s/sendMessage
[Telegram] Ошибка отправки сообщения в чат 1329987939: 403 Client Error: Forbidden for url: https://my-tg-proxy.iwantbunnygirl.workers.dev/bot8603609103:AAENi9LYuF8bXjwK9E1oZIIpG21UNZeZW5s/sendMessage
[Telegram] Ошибка отправки сообщения в чат 705506250: 403 Client Error: Forbidden for url: https://my-tg-proxy.iwantbunnygirl.workers.dev/bot8603609103:AAENi9LYuF8bXjwK9E1oZIIpG21UNZeZW5s/sendMessage
[20:20:41] ▶ Раунд W-362 начался
[20:21:13] ✅ W-362   🔴3 vs 4🔵
[20:21:19] ▶ Раунд W-363 начался
[20:21:51] ✅ W-363   🔴6 vs 5🔵
[20:21:57] ▶ Раунд W-364 начался
[20:22:29] ✅ W-364   🔴5 vs 6🔵
[20:22:35] ▶ Раунд W-365 начался
[20:23:07] ✅ W-365   🔴1 vs 4🔵
[20:23:13] ▶ Раунд W-366 начался
[20:23:45] ✅ W-366   🔴2 vs 3🔵
[20:23:51] ▶ Раунд W-367 начался
[20:24:23] ✅ W-367   🔴2 vs 3🔵

  ~~~~~~~~~~~~~~~~~~~~~~~~~~~~~~~~~~
  🎲 МНОГО ПОСЛЕДОВАТЕЛЬНОСТЕЙ!
  Найдено: 4
  🔵66, 🔴44, 🔵66, 🔴22
  ~~~~~~~~~~~~~~~~~~~~~~~~~~~~~~~~~~
  🔥 [W-347]  🔴2  vs  6🔵
  🔥 [W-348]  🔴5  vs  6🔵
     [W-349]  🔴1  vs  1🔵
     [W-350]  🔴3  vs  3🔵
     [W-351]  🔴6  vs  5🔵
     [W-352]  🔴1  vs  6🔵
     [W-353]  🔴2  vs  1🔵
     [W-354]  🔴3  vs  5🔵
     [W-355]  🔴4  vs  4🔵
     [W-356]  🔴1  vs  5🔵
     [W-357]  🔴5  vs  1🔵
  🔥 [W-358]  🔴4  vs  2🔵
  🔥 [W-359]  🔴4  vs  5🔵
  🔥 [W-360]  🔴4  vs  6🔵
  🔥 [W-361]  🔴2  vs  6🔵
     [W-362]  🔴3  vs  4🔵
     [W-363]  🔴6  vs  5🔵
     [W-364]  🔴5  vs  6🔵
     [W-365]  🔴1  vs  4🔵
  🔥 [W-366]  🔴2  vs  3🔵
  🔥 [W-367]  🔴2  vs  3🔵
  ~~~~~~~~~~~~~~~~~~~~~~~~~~~~~~~~~~

[Telegram] Ошибка отправки сообщения в чат 1477129493: 403 Client Error: Forbidden for url: https://my-tg-proxy.iwantbunnygirl.workers.dev/bot8603609103:AAENi9LYuF8bXjwK9E1oZIIpG21UNZeZW5s/sendMessage
[Telegram] Ошибка отправки сообщения в чат 1329987939: 403 Client Error: Forbidden for url: https://my-tg-proxy.iwantbunnygirl.workers.dev/bot8603609103:AAENi9LYuF8bXjwK9E1oZIIpG21UNZeZW5s/sendMessage
[Telegram] Ошибка отправки сообщения в чат 705506250: 403 Client Error: Forbidden for url: https://my-tg-proxy.iwantbunnygirl.workers.dev/bot8603609103:AAENi9LYuF8bXjwK9E1oZIIpG21UNZeZW5s/sendMessage

  ++++++++++++++++++++++++++++++++++
  🔴 НОВАЯ ПАРА!
  Красный — 2
  Длина цепочки: 8 раундов
  ++++++++++++++++++++++++++++++++++
     [W-360]  🔴4  vs  6🔵
     [W-361]  🔴2  vs  6🔵
     [W-362]  🔴3  vs  4🔵
     [W-363]  🔴6  vs  5🔵
     [W-364]  🔴5  vs  6🔵
     [W-365]  🔴1  vs  4🔵
     [W-366]  🔴2  vs  3🔵
     [W-367]  🔴2  vs  3🔵
  ++++++++++++++++++++++++++++++++++

[Telegram] Ошибка отправки сообщения в чат 1477129493: 403 Client Error: Forbidden for url: https://my-tg-proxy.iwantbunnygirl.workers.dev/bot8603609103:AAENi9LYuF8bXjwK9E1oZIIpG21UNZeZW5s/sendMessage
[Telegram] Ошибка отправки сообщения в чат 1329987939: 403 Client Error: Forbidden for url: https://my-tg-proxy.iwantbunnygirl.workers.dev/bot8603609103:AAENi9LYuF8bXjwK9E1oZIIpG21UNZeZW5s/sendMessage
[Telegram] Ошибка отправки сообщения в чат 705506250: 403 Client Error: Forbidden for url: https://my-tg-proxy.iwantbunnygirl.workers.dev/bot8603609103:AAENi9LYuF8bXjwK9E1oZIIpG21UNZeZW5s/sendMessage
[20:24:29] ▶ Раунд W-368 начался
[20:25:01] ✅ W-368   🔴3 vs 4🔵

  ##################################
  🔵 XOX-ПАТТЕРН!
  Синий — 4
  Шаблон: xooxoox
  ##################################
  🎯 [W-362]  🔴3  vs  4🔵
     [W-363]  🔴6  vs  5🔵
     [W-364]  🔴5  vs  6🔵
  🎯 [W-365]  🔴1  vs  4🔵
     [W-366]  🔴2  vs  3🔵
     [W-367]  🔴2  vs  3🔵
  🎯 [W-368]  🔴3  vs  4🔵
  ##################################

[20:25:07] ▶ Раунд W-369 начался
[20:25:39] ✅ W-369   🔴1 vs 2🔵
[20:25:45] ▶ Раунд W-370 начался
[20:26:17] ✅ W-370   🔴2 vs 4🔵
[20:26:23] ▶ Раунд W-371 начался
[20:26:55] ✅ W-371   🔴6 vs 5🔵
[20:27:01] ▶ Раунд W-372 начался
[20:27:33] ✅ W-372   🔴2 vs 3🔵
[20:27:39] ▶ Раунд W-373 начался
[20:28:11] ✅ W-373   🔴3 vs 2🔵
[20:28:17] ▶ Раунд W-374 начался
[20:28:49] ✅ W-374   🔴2 vs 6🔵

  ##################################
  🔴 XOX-ПАТТЕРН!
  Красный — 2
  Шаблон: xoxox
  ##################################
  🎯 [W-370]  🔴2  vs  4🔵
     [W-371]  🔴6  vs  5🔵
  🎯 [W-372]  🔴2  vs  3🔵
     [W-373]  🔴3  vs  2🔵
  🎯 [W-374]  🔴2  vs  6🔵
  ##################################

[20:28:55] ▶ Раунд W-375 начался
[20:29:27] ✅ W-375   🔴5 vs 1🔵
[20:29:33] ▶ Раунд W-376 начался
[20:30:05] ✅ W-376   🔴2 vs 2🔵

  ##################################
  🔴 XOX-ПАТТЕРН!
  Красный — 2
  Шаблон: xoxox
  ##################################
  🎯 [W-372]  🔴2  vs  3🔵
     [W-373]  🔴3  vs  2🔵
  🎯 [W-374]  🔴2  vs  6🔵
     [W-375]  🔴5  vs  1🔵
  🎯 [W-376]  🔴2  vs  2🔵
  ##################################

[20:30:11] ▶ Раунд W-377 начался
[20:30:43] ✅ W-377   🔴5 vs 5🔵
[20:30:49] ▶ Раунд W-378 начался
[20:31:21] ✅ W-378   🔴2 vs 2🔵

  ##################################
  🔴 XOX-ПАТТЕРН!
  Красный — 2
  Шаблон: xoxox
  ##################################
  🎯 [W-374]  🔴2  vs  6🔵
     [W-375]  🔴5  vs  1🔵
  🎯 [W-376]  🔴2  vs  2🔵
     [W-377]  🔴5  vs  5🔵
  🎯 [W-378]  🔴2  vs  2🔵
  ##################################

[20:31:27] ▶ Раунд W-379 начался
[20:31:59] ✅ W-379   🔴1 vs 2🔵

  ++++++++++++++++++++++++++++++++++
  🔵 НОВАЯ ПАРА!
  Синий — 2
  Длина цепочки: 14 раундов
  ++++++++++++++++++++++++++++++++++
     [W-366]  🔴2  vs  3🔵
     [W-367]  🔴2  vs  3🔵
     [W-368]  🔴3  vs  4🔵
     [W-369]  🔴1  vs  2🔵
     [W-370]  🔴2  vs  4🔵
     [W-371]  🔴6  vs  5🔵
     [W-372]  🔴2  vs  3🔵
     [W-373]  🔴3  vs  2🔵
     [W-374]  🔴2  vs  6🔵
     [W-375]  🔴5  vs  1🔵
     [W-376]  🔴2  vs  2🔵
     [W-377]  🔴5  vs  5🔵
     [W-378]  🔴2  vs  2🔵
     [W-379]  🔴1  vs  2🔵
  ++++++++++++++++++++++++++++++++++

[Telegram] Ошибка отправки сообщения в чат 1477129493: 403 Client Error: Forbidden for url: https://my-tg-proxy.iwantbunnygirl.workers.dev/bot8603609103:AAENi9LYuF8bXjwK9E1oZIIpG21UNZeZW5s/sendMessage
[Telegram] Ошибка отправки сообщения в чат 1329987939: 403 Client Error: Forbidden for url: https://my-tg-proxy.iwantbunnygirl.workers.dev/bot8603609103:AAENi9LYuF8bXjwK9E1oZIIpG21UNZeZW5s/sendMessage
[Telegram] Ошибка отправки сообщения в чат 705506250: 403 Client Error: Forbidden for url: https://my-tg-proxy.iwantbunnygirl.workers.dev/bot8603609103:AAENi9LYuF8bXjwK9E1oZIIpG21UNZeZW5s/sendMessage
[20:32:05] ▶ Раунд W-380 начался
[20:32:37] ✅ W-380   🔴4 vs 4🔵
[20:32:43] ▶ Раунд W-381 начался
[20:33:15] ✅ W-381   🔴1 vs 1🔵
[20:33:21] ▶ Раунд W-382 начался
[20:33:53] ✅ W-382   🔴6 vs 4🔵
[20:33:59] ▶ Раунд W-383 начался
[20:34:31] ✅ W-383   🔴6 vs 1🔵

  ++++++++++++++++++++++++++++++++++
  🔴 НОВАЯ ПАРА!
  Красный — 6
  Длина цепочки: 6 раундов
  ++++++++++++++++++++++++++++++++++
     [W-378]  🔴2  vs  2🔵
     [W-379]  🔴1  vs  2🔵
     [W-380]  🔴4  vs  4🔵
     [W-381]  🔴1  vs  1🔵
     [W-382]  🔴6  vs  4🔵
     [W-383]  🔴6  vs  1🔵
  ++++++++++++++++++++++++++++++++++

[Telegram] Ошибка отправки сообщения в чат 1477129493: 403 Client Error: Forbidden for url: https://my-tg-proxy.iwantbunnygirl.workers.dev/bot8603609103:AAENi9LYuF8bXjwK9E1oZIIpG21UNZeZW5s/sendMessage
[Telegram] Ошибка отправки сообщения в чат 1329987939: 403 Client Error: Forbidden for url: https://my-tg-proxy.iwantbunnygirl.workers.dev/bot8603609103:AAENi9LYuF8bXjwK9E1oZIIpG21UNZeZW5s/sendMessage
[Telegram] Ошибка отправки сообщения в чат 705506250: 403 Client Error: Forbidden for url: https://my-tg-proxy.iwantbunnygirl.workers.dev/bot8603609103:AAENi9LYuF8bXjwK9E1oZIIpG21UNZeZW5s/sendMessage
[20:34:37] ▶ Раунд W-384 начался
[20:35:09] ✅ W-384   🔴3 vs 5🔵
[20:35:15] ▶ Раунд W-385 начался
[20:35:47] ✅ W-385   🔴1 vs 2🔵
[20:35:53] ▶ Раунд W-386 начался
[20:36:25] ✅ W-386   🔴1 vs 3🔵

  ~~~~~~~~~~~~~~~~~~~~~~~~~~~~~~~~~~
  🎲 МНОГО ПОСЛЕДОВАТЕЛЬНОСТЕЙ!
  Найдено: 4
  🔵33, 🔵22, 🔴66, 🔴11
  ~~~~~~~~~~~~~~~~~~~~~~~~~~~~~~~~~~
  🔥 [W-366]  🔴2  vs  3🔵
  🔥 [W-367]  🔴2  vs  3🔵
     [W-368]  🔴3  vs  4🔵
     [W-369]  🔴1  vs  2🔵
     [W-370]  🔴2  vs  4🔵
     [W-371]  🔴6  vs  5🔵
     [W-372]  🔴2  vs  3🔵
     [W-373]  🔴3  vs  2🔵
     [W-374]  🔴2  vs  6🔵
     [W-375]  🔴5  vs  1🔵
     [W-376]  🔴2  vs  2🔵
     [W-377]  🔴5  vs  5🔵
  🔥 [W-378]  🔴2  vs  2🔵
  🔥 [W-379]  🔴1  vs  2🔵
     [W-380]  🔴4  vs  4🔵
     [W-381]  🔴1  vs  1🔵
  🔥 [W-382]  🔴6  vs  4🔵
  🔥 [W-383]  🔴6  vs  1🔵
     [W-384]  🔴3  vs  5🔵
  🔥 [W-385]  🔴1  vs  2🔵
  🔥 [W-386]  🔴1  vs  3🔵
  ~~~~~~~~~~~~~~~~~~~~~~~~~~~~~~~~~~

[Telegram] Ошибка отправки сообщения в чат 1477129493: 403 Client Error: Forbidden for url: https://my-tg-proxy.iwantbunnygirl.workers.dev/bot8603609103:AAENi9LYuF8bXjwK9E1oZIIpG21UNZeZW5s/sendMessage
[Telegram] Ошибка отправки сообщения в чат 1329987939: 403 Client Error: Forbidden for url: https://my-tg-proxy.iwantbunnygirl.workers.dev/bot8603609103:AAENi9LYuF8bXjwK9E1oZIIpG21UNZeZW5s/sendMessage
[Telegram] Ошибка отправки сообщения в чат 705506250: 403 Client Error: Forbidden for url: https://my-tg-proxy.iwantbunnygirl.workers.dev/bot8603609103:AAENi9LYuF8bXjwK9E1oZIIpG21UNZeZW5s/sendMessage

  ++++++++++++++++++++++++++++++++++
  🔴 НОВАЯ ПАРА!
  Красный — 1
  Длина цепочки: 5 раундов
  ++++++++++++++++++++++++++++++++++
     [W-382]  🔴6  vs  4🔵
     [W-383]  🔴6  vs  1🔵
     [W-384]  🔴3  vs  5🔵
     [W-385]  🔴1  vs  2🔵
     [W-386]  🔴1  vs  3🔵
  ++++++++++++++++++++++++++++++++++

[Telegram] Ошибка отправки сообщения в чат 1477129493: 403 Client Error: Forbidden for url: https://my-tg-proxy.iwantbunnygirl.workers.dev/bot8603609103:AAENi9LYuF8bXjwK9E1oZIIpG21UNZeZW5s/sendMessage
[Telegram] Ошибка отправки сообщения в чат 1329987939: 403 Client Error: Forbidden for url: https://my-tg-proxy.iwantbunnygirl.workers.dev/bot8603609103:AAENi9LYuF8bXjwK9E1oZIIpG21UNZeZW5s/sendMessage
[Telegram] Ошибка отправки сообщения в чат 705506250: 403 Client Error: Forbidden for url: https://my-tg-proxy.iwantbunnygirl.workers.dev/bot8603609103:AAENi9LYuF8bXjwK9E1oZIIpG21UNZeZW5s/sendMessage
[20:36:31] ▶ Раунд W-387 начался
[20:37:03] ✅ W-387   🔴6 vs 2🔵
[20:37:09] ▶ Раунд W-388 начался
[20:37:41] ✅ W-388   🔴6 vs 4🔵

  ++++++++++++++++++++++++++++++++++
  🔴 НОВАЯ ПАРА!
  Красный — 6
  Длина цепочки: 4 раундов
  ++++++++++++++++++++++++++++++++++
     [W-385]  🔴1  vs  2🔵
     [W-386]  🔴1  vs  3🔵
     [W-387]  🔴6  vs  2🔵
     [W-388]  🔴6  vs  4🔵
  ++++++++++++++++++++++++++++++++++

[Telegram] Ошибка отправки сообщения в чат 1477129493: 403 Client Error: Forbidden for url: https://my-tg-proxy.iwantbunnygirl.workers.dev/bot8603609103:AAENi9LYuF8bXjwK9E1oZIIpG21UNZeZW5s/sendMessage
[Telegram] Ошибка отправки сообщения в чат 1329987939: 403 Client Error: Forbidden for url: https://my-tg-proxy.iwantbunnygirl.workers.dev/bot8603609103:AAENi9LYuF8bXjwK9E1oZIIpG21UNZeZW5s/sendMessage
[Telegram] Ошибка отправки сообщения в чат 705506250: 403 Client Error: Forbidden for url: https://my-tg-proxy.iwantbunnygirl.workers.dev/bot8603609103:AAENi9LYuF8bXjwK9E1oZIIpG21UNZeZW5s/sendMessage
[20:37:47] ▶ Раунд W-389 начался
[20:38:19] ✅ W-389   🔴4 vs 6🔵
[20:38:25] ▶ Раунд W-390 начался
[20:38:57] ✅ W-390   🔴3 vs 1🔵
[20:39:03] ▶ Раунд W-391 начался
[20:39:35] ✅ W-391   🔴5 vs 2🔵
[20:39:41] ▶ Раунд W-392 начался
[20:40:13] ✅ W-392   🔴6 vs 2🔵

  ++++++++++++++++++++++++++++++++++
  🔵 НОВАЯ ПАРА!
  Синий — 2
  Длина цепочки: 6 раундов
  ++++++++++++++++++++++++++++++++++
     [W-387]  🔴6  vs  2🔵
     [W-388]  🔴6  vs  4🔵
     [W-389]  🔴4  vs  6🔵
     [W-390]  🔴3  vs  1🔵
     [W-391]  🔴5  vs  2🔵
     [W-392]  🔴6  vs  2🔵
  ++++++++++++++++++++++++++++++++++

[Telegram] Ошибка отправки сообщения в чат 1477129493: 403 Client Error: Forbidden for url: https://my-tg-proxy.iwantbunnygirl.workers.dev/bot8603609103:AAENi9LYuF8bXjwK9E1oZIIpG21UNZeZW5s/sendMessage
[Telegram] Ошибка отправки сообщения в чат 1329987939: 403 Client Error: Forbidden for url: https://my-tg-proxy.iwantbunnygirl.workers.dev/bot8603609103:AAENi9LYuF8bXjwK9E1oZIIpG21UNZeZW5s/sendMessage
[Telegram] Ошибка отправки сообщения в чат 705506250: 403 Client Error: Forbidden for url: https://my-tg-proxy.iwantbunnygirl.workers.dev/bot8603609103:AAENi9LYuF8bXjwK9E1oZIIpG21UNZeZW5s/sendMessage
[20:40:19] ▶ Раунд W-393 начался
[20:40:51] ✅ W-393   🔴2 vs 1🔵
[20:40:57] ▶ Раунд W-394 начался
[20:41:29] ✅ W-394   🔴3 vs 3🔵
[20:41:35] ▶ Раунд W-395 начался
[20:42:07] ✅ W-395   🔴6 vs 2🔵
[20:42:13] ▶ Раунд W-396 начался
[20:42:45] ✅ W-396   🔴4 vs 1🔵

  ##################################
  🔵 XOX-ПАТТЕРН!
  Синий — 1
  Шаблон: xooxoox
  ##################################
  🎯 [W-390]  🔴3  vs  1🔵
     [W-391]  🔴5  vs  2🔵
     [W-392]  🔴6  vs  2🔵
  🎯 [W-393]  🔴2  vs  1🔵
     [W-394]  🔴3  vs  3🔵
     [W-395]  🔴6  vs  2🔵
  🎯 [W-396]  🔴4  vs  1🔵
  ##################################

[20:42:51] ▶ Раунд W-397 начался
[20:43:23] ✅ W-397   🔴2 vs 6🔵
[20:43:29] ▶ Раунд W-398 начался
[20:44:01] ✅ W-398   🔴1 vs 4🔵
[20:44:07] ▶ Раунд W-399 начался
[20:44:39] ✅ W-399   🔴3 vs 3🔵
[20:44:45] ▶ Раунд W-400 начался
[20:45:17] ✅ W-400   🔴1 vs 3🔵

  ++++++++++++++++++++++++++++++++++
  🔵 НОВАЯ ПАРА!
  Синий — 3
  Длина цепочки: 10 раундов
  ++++++++++++++++++++++++++++++++++
     [W-391]  🔴5  vs  2🔵
     [W-392]  🔴6  vs  2🔵
     [W-393]  🔴2  vs  1🔵
     [W-394]  🔴3  vs  3🔵
     [W-395]  🔴6  vs  2🔵
     [W-396]  🔴4  vs  1🔵
     [W-397]  🔴2  vs  6🔵
     [W-398]  🔴1  vs  4🔵
     [W-399]  🔴3  vs  3🔵
     [W-400]  🔴1  vs  3🔵
  ++++++++++++++++++++++++++++++++++

[Telegram] Ошибка отправки сообщения в чат 1477129493: 403 Client Error: Forbidden for url: https://my-tg-proxy.iwantbunnygirl.workers.dev/bot8603609103:AAENi9LYuF8bXjwK9E1oZIIpG21UNZeZW5s/sendMessage
[Telegram] Ошибка отправки сообщения в чат 1329987939: 403 Client Error: Forbidden for url: https://my-tg-proxy.iwantbunnygirl.workers.dev/bot8603609103:AAENi9LYuF8bXjwK9E1oZIIpG21UNZeZW5s/sendMessage
[Telegram] Ошибка отправки сообщения в чат 705506250: 403 Client Error: Forbidden for url: https://my-tg-proxy.iwantbunnygirl.workers.dev/bot8603609103:AAENi9LYuF8bXjwK9E1oZIIpG21UNZeZW5s/sendMessage
[20:45:23] ▶ Раунд W-401 начался
[20:45:55] ✅ W-401   🔴6 vs 4🔵
[20:46:01] ▶ Раунд W-402 начался
[20:46:33] ✅ W-402   🔴2 vs 3🔵
[20:46:39] ▶ Раунд W-403 начался
[20:47:11] ✅ W-403   🔴6 vs 3🔵

  ==================================
  🔵 ПОВТОР ПАРЫ!
  Синий — 3
  Длина серии: 5 раундов
  ==================================
     [W-399]  🔴3  vs  3🔵
     [W-400]  🔴1  vs  3🔵
     [W-401]  🔴6  vs  4🔵
     [W-402]  🔴2  vs  3🔵
     [W-403]  🔴6  vs  3🔵
  ==================================


  ~~~~~~~~~~~~~~~~~~~~~~~~~~~~~~~~~~
  🎲 МНОГО ПОСЛЕДОВАТЕЛЬНОСТЕЙ!
  Найдено: 4
  🔴66, 🔵22, 🔵33, 🔵33
  ~~~~~~~~~~~~~~~~~~~~~~~~~~~~~~~~~~
  🔥 [W-387]  🔴6  vs  2🔵
  🔥 [W-388]  🔴6  vs  4🔵
     [W-389]  🔴4  vs  6🔵
     [W-390]  🔴3  vs  1🔵
  🔥 [W-391]  🔴5  vs  2🔵
  🔥 [W-392]  🔴6  vs  2🔵
     [W-393]  🔴2  vs  1🔵
     [W-394]  🔴3  vs  3🔵
     [W-395]  🔴6  vs  2🔵
     [W-396]  🔴4  vs  1🔵
     [W-397]  🔴2  vs  6🔵
     [W-398]  🔴1  vs  4🔵
  🔥 [W-399]  🔴3  vs  3🔵
  🔥 [W-400]  🔴1  vs  3🔵
     [W-401]  🔴6  vs  4🔵
  🔥 [W-402]  🔴2  vs  3🔵
  🔥 [W-403]  🔴6  vs  3🔵
  ~~~~~~~~~~~~~~~~~~~~~~~~~~~~~~~~~~

[Telegram] Ошибка отправки сообщения в чат 1477129493: 403 Client Error: Forbidden for url: https://my-tg-proxy.iwantbunnygirl.workers.dev/bot8603609103:AAENi9LYuF8bXjwK9E1oZIIpG21UNZeZW5s/sendMessage
[Telegram] Ошибка отправки сообщения в чат 1329987939: 403 Client Error: Forbidden for url: https://my-tg-proxy.iwantbunnygirl.workers.dev/bot8603609103:AAENi9LYuF8bXjwK9E1oZIIpG21UNZeZW5s/sendMessage
[Telegram] Ошибка отправки сообщения в чат 705506250: 403 Client Error: Forbidden for url: https://my-tg-proxy.iwantbunnygirl.workers.dev/bot8603609103:AAENi9LYuF8bXjwK9E1oZIIpG21UNZeZW5s/sendMessage

  ++++++++++++++++++++++++++++++++++
  🔵 НОВАЯ ПАРА!
  Синий — 3
  Длина цепочки: 5 раундов
  ++++++++++++++++++++++++++++++++++
     [W-399]  🔴3  vs  3🔵
     [W-400]  🔴1  vs  3🔵
     [W-401]  🔴6  vs  4🔵
     [W-402]  🔴2  vs  3🔵
     [W-403]  🔴6  vs  3🔵
  ++++++++++++++++++++++++++++++++++

[Telegram] Ошибка отправки сообщения в чат 1477129493: 403 Client Error: Forbidden for url: https://my-tg-proxy.iwantbunnygirl.workers.dev/bot8603609103:AAENi9LYuF8bXjwK9E1oZIIpG21UNZeZW5s/sendMessage
[Telegram] Ошибка отправки сообщения в чат 1329987939: 403 Client Error: Forbidden for url: https://my-tg-proxy.iwantbunnygirl.workers.dev/bot8603609103:AAENi9LYuF8bXjwK9E1oZIIpG21UNZeZW5s/sendMessage
[Telegram] Ошибка отправки сообщения в чат 705506250: 403 Client Error: Forbidden for url: https://my-tg-proxy.iwantbunnygirl.workers.dev/bot8603609103:AAENi9LYuF8bXjwK9E1oZIIpG21UNZeZW5s/sendMessage
[20:47:17] ▶ Раунд W-404 начался
[20:47:49] ✅ W-404   🔴2 vs 4🔵

  ##################################
  🔵 XOX-ПАТТЕРН!
  Синий — 4
  Шаблон: xooxoox
  ##################################
  🎯 [W-398]  🔴1  vs  4🔵
     [W-399]  🔴3  vs  3🔵
     [W-400]  🔴1  vs  3🔵
  🎯 [W-401]  🔴6  vs  4🔵
     [W-402]  🔴2  vs  3🔵
     [W-403]  🔴6  vs  3🔵
  🎯 [W-404]  🔴2  vs  4🔵
  ##################################

[20:47:55] ▶ Раунд W-405 начался
[20:48:27] ✅ W-405   🔴1 vs 5🔵
[20:48:33] ▶ Раунд W-406 начался
[20:49:05] ✅ W-406   🔴2 vs 2🔵

  ##################################
  🔴 XOX-ПАТТЕРН!
  Красный — 2
  Шаблон: xoxox
  ##################################
  🎯 [W-402]  🔴2  vs  3🔵
     [W-403]  🔴6  vs  3🔵
  🎯 [W-404]  🔴2  vs  4🔵
     [W-405]  🔴1  vs  5🔵
  🎯 [W-406]  🔴2  vs  2🔵
  ##################################

[20:49:11] ▶ Раунд W-407 начался
[20:49:43] ✅ W-407   🔴2 vs 1🔵

  ++++++++++++++++++++++++++++++++++
  🔴 НОВАЯ ПАРА!
  Красный — 2
  Длина цепочки: 6 раундов
  ++++++++++++++++++++++++++++++++++
     [W-402]  🔴2  vs  3🔵
     [W-403]  🔴6  vs  3🔵
     [W-404]  🔴2  vs  4🔵
     [W-405]  🔴1  vs  5🔵
     [W-406]  🔴2  vs  2🔵
     [W-407]  🔴2  vs  1🔵
  ++++++++++++++++++++++++++++++++++

[Telegram] Ошибка отправки сообщения в чат 1477129493: 403 Client Error: Forbidden for url: https://my-tg-proxy.iwantbunnygirl.workers.dev/bot8603609103:AAENi9LYuF8bXjwK9E1oZIIpG21UNZeZW5s/sendMessage
[Telegram] Ошибка отправки сообщения в чат 1329987939: 403 Client Error: Forbidden for url: https://my-tg-proxy.iwantbunnygirl.workers.dev/bot8603609103:AAENi9LYuF8bXjwK9E1oZIIpG21UNZeZW5s/sendMessage
[Telegram] Ошибка отправки сообщения в чат 705506250: 403 Client Error: Forbidden for url: https://my-tg-proxy.iwantbunnygirl.workers.dev/bot8603609103:AAENi9LYuF8bXjwK9E1oZIIpG21UNZeZW5s/sendMessage
[20:49:49] ▶ Раунд W-408 начался
[20:50:21] ✅ W-408   🔴1 vs 2🔵
[20:50:27] ▶ Раунд W-409 начался
[20:50:59] ✅ W-409   🔴2 vs 1🔵
[20:51:05] ▶ Раунд W-410 начался
[20:51:37] ✅ W-410   🔴4 vs 4🔵
[20:51:43] ▶ Раунд W-411 начался
[20:52:15] ✅ W-411   🔴2 vs 6🔵

  ##################################
  🔴 XOX-ПАТТЕРН!
  Красный — 2
  Шаблон: xoxox
  ##################################
  🎯 [W-407]  🔴2  vs  1🔵
     [W-408]  🔴1  vs  2🔵
  🎯 [W-409]  🔴2  vs  1🔵
     [W-410]  🔴4  vs  4🔵
  🎯 [W-411]  🔴2  vs  6🔵
  ##################################

[20:52:21] ▶ Раунд W-412 начался
[20:52:53] ✅ W-412   🔴5 vs 4🔵
[20:52:59] ▶ Раунд W-413 начался
[20:53:31] ✅ W-413   🔴3 vs 5🔵
[20:53:37] ▶ Раунд W-414 начался
[20:54:09] ✅ W-414   🔴2 vs 3🔵
[20:54:15] ▶ Раунд W-415 начался
[20:54:47] ✅ W-415   🔴3 vs 3🔵

  ++++++++++++++++++++++++++++++++++
  🔵 НОВАЯ ПАРА!
  Синий — 3
  Длина цепочки: 10 раундов
  ++++++++++++++++++++++++++++++++++
     [W-406]  🔴2  vs  2🔵
     [W-407]  🔴2  vs  1🔵
     [W-408]  🔴1  vs  2🔵
     [W-409]  🔴2  vs  1🔵
     [W-410]  🔴4  vs  4🔵
     [W-411]  🔴2  vs  6🔵
     [W-412]  🔴5  vs  4🔵
     [W-413]  🔴3  vs  5🔵
     [W-414]  🔴2  vs  3🔵
     [W-415]  🔴3  vs  3🔵
  ++++++++++++++++++++++++++++++++++

[Telegram] Ошибка отправки сообщения в чат 1477129493: 403 Client Error: Forbidden for url: https://my-tg-proxy.iwantbunnygirl.workers.dev/bot8603609103:AAENi9LYuF8bXjwK9E1oZIIpG21UNZeZW5s/sendMessage
[Telegram] Ошибка отправки сообщения в чат 1329987939: 403 Client Error: Forbidden for url: https://my-tg-proxy.iwantbunnygirl.workers.dev/bot8603609103:AAENi9LYuF8bXjwK9E1oZIIpG21UNZeZW5s/sendMessage
[Telegram] Ошибка отправки сообщения в чат 705506250: 403 Client Error: Forbidden for url: https://my-tg-proxy.iwantbunnygirl.workers.dev/bot8603609103:AAENi9LYuF8bXjwK9E1oZIIpG21UNZeZW5s/sendMessage
[20:54:53] ▶ Раунд W-416 начался
[20:55:25] ✅ W-416   🔴6 vs 3🔵
[20:55:31] ▶ Раунд W-417 начался
[20:56:03] ✅ W-417   🔴5 vs 4🔵
[20:56:09] ▶ Раунд W-418 начался
[20:56:41] ✅ W-418   🔴6 vs 5🔵
[20:56:47] ▶ Раунд W-419 начался
[20:57:19] ✅ W-419   🔴6 vs 4🔵

  ++++++++++++++++++++++++++++++++++
  🔴 НОВАЯ ПАРА!
  Красный — 6
  Длина цепочки: 6 раундов
  ++++++++++++++++++++++++++++++++++
     [W-414]  🔴2  vs  3🔵
     [W-415]  🔴3  vs  3🔵
     [W-416]  🔴6  vs  3🔵
     [W-417]  🔴5  vs  4🔵
     [W-418]  🔴6  vs  5🔵
     [W-419]  🔴6  vs  4🔵
  ++++++++++++++++++++++++++++++++++

[Telegram] Ошибка отправки сообщения в чат 1477129493: 403 Client Error: Forbidden for url: https://my-tg-proxy.iwantbunnygirl.workers.dev/bot8603609103:AAENi9LYuF8bXjwK9E1oZIIpG21UNZeZW5s/sendMessage
[Telegram] Ошибка отправки сообщения в чат 1329987939: 403 Client Error: Forbidden for url: https://my-tg-proxy.iwantbunnygirl.workers.dev/bot8603609103:AAENi9LYuF8bXjwK9E1oZIIpG21UNZeZW5s/sendMessage
[Telegram] Ошибка отправки сообщения в чат 705506250: 403 Client Error: Forbidden for url: https://my-tg-proxy.iwantbunnygirl.workers.dev/bot8603609103:AAENi9LYuF8bXjwK9E1oZIIpG21UNZeZW5s/sendMessage
[20:57:25] ▶ Раунд W-420 начался
[20:57:57] ✅ W-420   🔴4 vs 2🔵
[20:58:03] ▶ Раунд W-421 начался
[20:58:35] ✅ W-421   🔴4 vs 4🔵

  ##################################
  🔵 XOX-ПАТТЕРН!
  Синий — 4
  Шаблон: xoxox
  ##################################
  🎯 [W-417]  🔴5  vs  4🔵
     [W-418]  🔴6  vs  5🔵
  🎯 [W-419]  🔴6  vs  4🔵
     [W-420]  🔴4  vs  2🔵
  🎯 [W-421]  🔴4  vs  4🔵
  ##################################


  ~~~~~~~~~~~~~~~~~~~~~~~~~~~~~~~~~~
  🎲 МНОГО ПОСЛЕДОВАТЕЛЬНОСТЕЙ!
  Найдено: 4
  🔴22, 🔵33, 🔴66, 🔴44
  ~~~~~~~~~~~~~~~~~~~~~~~~~~~~~~~~~~
  🔥 [W-406]  🔴2  vs  2🔵
  🔥 [W-407]  🔴2  vs  1🔵
     [W-408]  🔴1  vs  2🔵
     [W-409]  🔴2  vs  1🔵
     [W-410]  🔴4  vs  4🔵
     [W-411]  🔴2  vs  6🔵
     [W-412]  🔴5  vs  4🔵
     [W-413]  🔴3  vs  5🔵
  🔥 [W-414]  🔴2  vs  3🔵
  🔥 [W-415]  🔴3  vs  3🔵
     [W-416]  🔴6  vs  3🔵
     [W-417]  🔴5  vs  4🔵
  🔥 [W-418]  🔴6  vs  5🔵
  🔥 [W-419]  🔴6  vs  4🔵
  🔥 [W-420]  🔴4  vs  2🔵
  🔥 [W-421]  🔴4  vs  4🔵
  ~~~~~~~~~~~~~~~~~~~~~~~~~~~~~~~~~~

[Telegram] Ошибка отправки сообщения в чат 1477129493: 403 Client Error: Forbidden for url: https://my-tg-proxy.iwantbunnygirl.workers.dev/bot8603609103:AAENi9LYuF8bXjwK9E1oZIIpG21UNZeZW5s/sendMessage
[Telegram] Ошибка отправки сообщения в чат 1329987939: 403 Client Error: Forbidden for url: https://my-tg-proxy.iwantbunnygirl.workers.dev/bot8603609103:AAENi9LYuF8bXjwK9E1oZIIpG21UNZeZW5s/sendMessage
[Telegram] Ошибка отправки сообщения в чат 705506250: 403 Client Error: Forbidden for url: https://my-tg-proxy.iwantbunnygirl.workers.dev/bot8603609103:AAENi9LYuF8bXjwK9E1oZIIpG21UNZeZW5s/sendMessage

  ++++++++++++++++++++++++++++++++++
  🔴 НОВАЯ ПАРА!
  Красный — 4
  Длина цепочки: 4 раундов
  ++++++++++++++++++++++++++++++++++
     [W-418]  🔴6  vs  5🔵
     [W-419]  🔴6  vs  4🔵
     [W-420]  🔴4  vs  2🔵
     [W-421]  🔴4  vs  4🔵
  ++++++++++++++++++++++++++++++++++

[Telegram] Ошибка отправки сообщения в чат 1477129493: 403 Client Error: Forbidden for url: https://my-tg-proxy.iwantbunnygirl.workers.dev/bot8603609103:AAENi9LYuF8bXjwK9E1oZIIpG21UNZeZW5s/sendMessage
[Telegram] Ошибка отправки сообщения в чат 1329987939: 403 Client Error: Forbidden for url: https://my-tg-proxy.iwantbunnygirl.workers.dev/bot8603609103:AAENi9LYuF8bXjwK9E1oZIIpG21UNZeZW5s/sendMessage
[Telegram] Ошибка отправки сообщения в чат 705506250: 403 Client Error: Forbidden for url: https://my-tg-proxy.iwantbunnygirl.workers.dev/bot8603609103:AAENi9LYuF8bXjwK9E1oZIIpG21UNZeZW5s/sendMessage
[20:58:41] ▶ Раунд W-422 начался
[20:59:13] ✅ W-422   🔴1 vs 4🔵
[20:59:19] ▶ Раунд W-423 начался
[20:59:51] ✅ W-423   🔴3 vs 6🔵
[20:59:56] ▶ Раунд W-424 начался
[21:00:27] ✅ W-424   🔴1 vs 5🔵
[21:00:34] ▶ Раунд W-425 начался
[21:01:05] ✅ W-425   🔴4 vs 4🔵
[21:01:11] ▶ Раунд W-426 начался
[21:01:43] ✅ W-426   🔴4 vs 2🔵

  ++++++++++++++++++++++++++++++++++
  🔴 НОВАЯ ПАРА!
  Красный — 4
  Длина цепочки: 7 раундов
  ++++++++++++++++++++++++++++++++++
     [W-420]  🔴4  vs  2🔵
     [W-421]  🔴4  vs  4🔵
     [W-422]  🔴1  vs  4🔵
     [W-423]  🔴3  vs  6🔵
     [W-424]  🔴1  vs  5🔵
     [W-425]  🔴4  vs  4🔵
     [W-426]  🔴4  vs  2🔵
  ++++++++++++++++++++++++++++++++++

[Telegram] Ошибка отправки сообщения в чат 1477129493: 403 Client Error: Forbidden for url: https://my-tg-proxy.iwantbunnygirl.workers.dev/bot8603609103:AAENi9LYuF8bXjwK9E1oZIIpG21UNZeZW5s/sendMessage
[Telegram] Ошибка отправки сообщения в чат 1329987939: 403 Client Error: Forbidden for url: https://my-tg-proxy.iwantbunnygirl.workers.dev/bot8603609103:AAENi9LYuF8bXjwK9E1oZIIpG21UNZeZW5s/sendMessage
[Telegram] Ошибка отправки сообщения в чат 705506250: 403 Client Error: Forbidden for url: https://my-tg-proxy.iwantbunnygirl.workers.dev/bot8603609103:AAENi9LYuF8bXjwK9E1oZIIpG21UNZeZW5s/sendMessage
[21:01:49] ▶ Раунд W-427 начался
[21:02:21] ✅ W-427   🔴5 vs 3🔵
[21:02:28] ▶ Раунд W-428 начался
[21:02:59] ✅ W-428   🔴1 vs 6🔵
[21:03:05] ▶ Раунд W-429 начался
[21:03:37] ✅ W-429   🔴2 vs 4🔵
[21:03:43] ▶ Раунд W-430 начался
[21:04:15] ✅ W-430   🔴4 vs 3🔵
[21:04:21] ▶ Раунд W-431 начался
[21:04:53] ✅ W-431   🔴5 vs 5🔵
[21:04:59] ▶ Раунд W-432 начался
[21:05:31] ✅ W-432   🔴1 vs 5🔵

  ##################################
  🔴 XOX-ПАТТЕРН!
  Красный — 1
  Шаблон: xoooxooox
  ##################################
  🎯 [W-424]  🔴1  vs  5🔵
     [W-425]  🔴4  vs  4🔵
     [W-426]  🔴4  vs  2🔵
     [W-427]  🔴5  vs  3🔵
  🎯 [W-428]  🔴1  vs  6🔵
     [W-429]  🔴2  vs  4🔵
     [W-430]  🔴4  vs  3🔵
     [W-431]  🔴5  vs  5🔵
  🎯 [W-432]  🔴1  vs  5🔵
  ##################################


  ++++++++++++++++++++++++++++++++++
  🔵 НОВАЯ ПАРА!
  Синий — 5
  Длина цепочки: 8 раундов
  ++++++++++++++++++++++++++++++++++
     [W-425]  🔴4  vs  4🔵
     [W-426]  🔴4  vs  2🔵
     [W-427]  🔴5  vs  3🔵
     [W-428]  🔴1  vs  6🔵
     [W-429]  🔴2  vs  4🔵
     [W-430]  🔴4  vs  3🔵
     [W-431]  🔴5  vs  5🔵
     [W-432]  🔴1  vs  5🔵
  ++++++++++++++++++++++++++++++++++

[Telegram] Ошибка отправки сообщения в чат 1477129493: 403 Client Error: Forbidden for url: https://my-tg-proxy.iwantbunnygirl.workers.dev/bot8603609103:AAENi9LYuF8bXjwK9E1oZIIpG21UNZeZW5s/sendMessage
[Telegram] Ошибка отправки сообщения в чат 1329987939: 403 Client Error: Forbidden for url: https://my-tg-proxy.iwantbunnygirl.workers.dev/bot8603609103:AAENi9LYuF8bXjwK9E1oZIIpG21UNZeZW5s/sendMessage
[Telegram] Ошибка отправки сообщения в чат 705506250: 403 Client Error: Forbidden for url: https://my-tg-proxy.iwantbunnygirl.workers.dev/bot8603609103:AAENi9LYuF8bXjwK9E1oZIIpG21UNZeZW5s/sendMessage
[21:05:37] ▶ Раунд W-433 начался
[21:06:09] ✅ W-433   🔴6 vs 4🔵

  ##################################
  🔵 XOX-ПАТТЕРН!
  Синий — 4
  Шаблон: xoooxooox
  ##################################
  🎯 [W-425]  🔴4  vs  4🔵
     [W-426]  🔴4  vs  2🔵
     [W-427]  🔴5  vs  3🔵
     [W-428]  🔴1  vs  6🔵
  🎯 [W-429]  🔴2  vs  4🔵
     [W-430]  🔴4  vs  3🔵
     [W-431]  🔴5  vs  5🔵
     [W-432]  🔴1  vs  5🔵
  🎯 [W-433]  🔴6  vs  4🔵
  ##################################

[21:06:15] ▶ Раунд W-434 начался
[21:06:47] ✅ W-434   🔴5 vs 6🔵
[21:06:53] ▶ Раунд W-435 начался
[21:07:26] ✅ W-435   🔴4 vs 1🔵
[21:07:32] ▶ Раунд W-436 начался
[21:08:03] ✅ W-436   🔴1 vs 5🔵

  ##################################
  🔴 XOX-ПАТТЕРН!
  Красный — 1
  Шаблон: xoooxooox
  ##################################
  🎯 [W-428]  🔴1  vs  6🔵
     [W-429]  🔴2  vs  4🔵
     [W-430]  🔴4  vs  3🔵
     [W-431]  🔴5  vs  5🔵
  🎯 [W-432]  🔴1  vs  5🔵
     [W-433]  🔴6  vs  4🔵
     [W-434]  🔴5  vs  6🔵
     [W-435]  🔴4  vs  1🔵
  🎯 [W-436]  🔴1  vs  5🔵
  ##################################

[21:08:09] ▶ Раунд W-437 начался
[21:08:41] ✅ W-437   🔴2 vs 6🔵
[21:08:47] ▶ Раунд W-438 начался
[21:09:19] ✅ W-438   🔴5 vs 1🔵
[21:09:25] ▶ Раунд W-439 начался
[21:09:57] ✅ W-439   🔴2 vs 1🔵

  ~~~~~~~~~~~~~~~~~~~~~~~~~~~~~~~~~~
  🎲 МНОГО ПОСЛЕДОВАТЕЛЬНОСТЕЙ!
  Найдено: 4
  🔵44, 🔴44, 🔵55, 🔵11
  ~~~~~~~~~~~~~~~~~~~~~~~~~~~~~~~~~~
  🔥 [W-421]  🔴4  vs  4🔵
  🔥 [W-422]  🔴1  vs  4🔵
     [W-423]  🔴3  vs  6🔵
     [W-424]  🔴1  vs  5🔵
  🔥 [W-425]  🔴4  vs  4🔵
  🔥 [W-426]  🔴4  vs  2🔵
     [W-427]  🔴5  vs  3🔵
     [W-428]  🔴1  vs  6🔵
     [W-429]  🔴2  vs  4🔵
     [W-430]  🔴4  vs  3🔵
  🔥 [W-431]  🔴5  vs  5🔵
  🔥 [W-432]  🔴1  vs  5🔵
     [W-433]  🔴6  vs  4🔵
     [W-434]  🔴5  vs  6🔵
     [W-435]  🔴4  vs  1🔵
     [W-436]  🔴1  vs  5🔵
     [W-437]  🔴2  vs  6🔵
  🔥 [W-438]  🔴5  vs  1🔵
  🔥 [W-439]  🔴2  vs  1🔵
  ~~~~~~~~~~~~~~~~~~~~~~~~~~~~~~~~~~

[Telegram] Ошибка отправки сообщения в чат 1477129493: 403 Client Error: Forbidden for url: https://my-tg-proxy.iwantbunnygirl.workers.dev/bot8603609103:AAENi9LYuF8bXjwK9E1oZIIpG21UNZeZW5s/sendMessage
[Telegram] Ошибка отправки сообщения в чат 1329987939: 403 Client Error: Forbidden for url: https://my-tg-proxy.iwantbunnygirl.workers.dev/bot8603609103:AAENi9LYuF8bXjwK9E1oZIIpG21UNZeZW5s/sendMessage
[Telegram] Ошибка отправки сообщения в чат 705506250: 403 Client Error: Forbidden for url: https://my-tg-proxy.iwantbunnygirl.workers.dev/bot8603609103:AAENi9LYuF8bXjwK9E1oZIIpG21UNZeZW5s/sendMessage

  ++++++++++++++++++++++++++++++++++
  🔵 НОВАЯ ПАРА!
  Синий — 1
  Длина цепочки: 9 раундов
  ++++++++++++++++++++++++++++++++++
     [W-431]  🔴5  vs  5🔵
     [W-432]  🔴1  vs  5🔵
     [W-433]  🔴6  vs  4🔵
     [W-434]  🔴5  vs  6🔵
     [W-435]  🔴4  vs  1🔵
     [W-436]  🔴1  vs  5🔵
     [W-437]  🔴2  vs  6🔵
     [W-438]  🔴5  vs  1🔵
     [W-439]  🔴2  vs  1🔵
  ++++++++++++++++++++++++++++++++++

[Telegram] Ошибка отправки сообщения в чат 1477129493: 403 Client Error: Forbidden for url: https://my-tg-proxy.iwantbunnygirl.workers.dev/bot8603609103:AAENi9LYuF8bXjwK9E1oZIIpG21UNZeZW5s/sendMessage
[Telegram] Ошибка отправки сообщения в чат 1329987939: 403 Client Error: Forbidden for url: https://my-tg-proxy.iwantbunnygirl.workers.dev/bot8603609103:AAENi9LYuF8bXjwK9E1oZIIpG21UNZeZW5s/sendMessage
[Telegram] Ошибка отправки сообщения в чат 705506250: 403 Client Error: Forbidden for url: https://my-tg-proxy.iwantbunnygirl.workers.dev/bot8603609103:AAENi9LYuF8bXjwK9E1oZIIpG21UNZeZW5s/sendMessage
[21:10:03] ▶ Раунд W-440 начался
[21:10:36] ✅ W-440   🔴1 vs 4🔵

  ##################################
  🔴 XOX-ПАТТЕРН!
  Красный — 1
  Шаблон: xoooxooox
  ##################################
  🎯 [W-432]  🔴1  vs  5🔵
     [W-433]  🔴6  vs  4🔵
     [W-434]  🔴5  vs  6🔵
     [W-435]  🔴4  vs  1🔵
  🎯 [W-436]  🔴1  vs  5🔵
     [W-437]  🔴2  vs  6🔵
     [W-438]  🔴5  vs  1🔵
     [W-439]  🔴2  vs  1🔵
  🎯 [W-440]  🔴1  vs  4🔵
  ##################################

[21:10:41] ▶ Раунд W-441 начался
[21:11:13] ✅ W-441   🔴6 vs 2🔵
[21:11:19] ▶ Раунд W-442 начался
[21:11:51] ✅ W-442   🔴6 vs 6🔵

  ++++++++++++++++++++++++++++++++++
  🔴 НОВАЯ ПАРА!
  Красный — 6
  Длина цепочки: 5 раундов
  ++++++++++++++++++++++++++++++++++
     [W-438]  🔴5  vs  1🔵
     [W-439]  🔴2  vs  1🔵
     [W-440]  🔴1  vs  4🔵
     [W-441]  🔴6  vs  2🔵
     [W-442]  🔴6  vs  6🔵
  ++++++++++++++++++++++++++++++++++

[Telegram] Ошибка отправки сообщения в чат 1477129493: 403 Client Error: Forbidden for url: https://my-tg-proxy.iwantbunnygirl.workers.dev/bot8603609103:AAENi9LYuF8bXjwK9E1oZIIpG21UNZeZW5s/sendMessage
[Telegram] Ошибка отправки сообщения в чат 1329987939: 403 Client Error: Forbidden for url: https://my-tg-proxy.iwantbunnygirl.workers.dev/bot8603609103:AAENi9LYuF8bXjwK9E1oZIIpG21UNZeZW5s/sendMessage
[Telegram] Ошибка отправки сообщения в чат 705506250: 403 Client Error: Forbidden for url: https://my-tg-proxy.iwantbunnygirl.workers.dev/bot8603609103:AAENi9LYuF8bXjwK9E1oZIIpG21UNZeZW5s/sendMessage
[21:11:58] ▶ Раунд W-443 начался
[21:12:29] ✅ W-443   🔴6 vs 6🔵
[21:12:36] ▶ Раунд W-444 начался
[21:13:08] ✅ W-444   🔴6 vs 1🔵

  ──────────────────────────────────
  🔴 ПАТТЕРН!
  Красный — 6
  четыре подряд подряд
  ──────────────────────────────────
  ⬅️ [W-439]  🔴2  vs  1🔵
  ⬅️ [W-440]  🔴1  vs  4🔵
  🔥 [W-441]  🔴6  vs  2🔵
  🔥 [W-442]  🔴6  vs  6🔵
  🔥 [W-443]  🔴6  vs  6🔵
  🔥 [W-444]  🔴6  vs  1🔵
  ──────────────────────────────────

[21:13:13] ▶ Раунд W-445 начался
[21:13:45] ✅ W-445   🔴2 vs 2🔵
[21:13:52] ▶ Раунд W-446 начался
[21:14:23] ✅ W-446   🔴2 vs 2🔵

  ··································
  📊 СТАТИСТИКА!
  Красный — 6
  четыре подряд подряд
  ··································
  ⬅️ [W-439]  🔴2  vs  1🔵
  ⬅️ [W-440]  🔴1  vs  4🔵
  🔥 [W-441]  🔴6  vs  2🔵
  🔥 [W-442]  🔴6  vs  6🔵
  🔥 [W-443]  🔴6  vs  6🔵
  🔥 [W-444]  🔴6  vs  1🔵
  🆕 [W-445]  🔴2  vs  2🔵
  🆕 [W-446]  🔴2  vs  2🔵
  ··································


  ~~~~~~~~~~~~~~~~~~~~~~~~~~~~~~~~~~
  🎲 МНОГО ПОСЛЕДОВАТЕЛЬНОСТЕЙ!
  Найдено: 4
  🔴66, 🔵66, 🔴22, 🔵22
  ~~~~~~~~~~~~~~~~~~~~~~~~~~~~~~~~~~
  🔥 [W-441]  🔴6  vs  2🔵
  🔥 [W-442]  🔴6  vs  6🔵
  🔥 [W-443]  🔴6  vs  6🔵
     [W-444]  🔴6  vs  1🔵
  🔥 [W-445]  🔴2  vs  2🔵
  🔥 [W-446]  🔴2  vs  2🔵
  ~~~~~~~~~~~~~~~~~~~~~~~~~~~~~~~~~~

[Telegram] Ошибка отправки сообщения в чат 1477129493: 403 Client Error: Forbidden for url: https://my-tg-proxy.iwantbunnygirl.workers.dev/bot8603609103:AAENi9LYuF8bXjwK9E1oZIIpG21UNZeZW5s/sendMessage
[Telegram] Ошибка отправки сообщения в чат 1329987939: 403 Client Error: Forbidden for url: https://my-tg-proxy.iwantbunnygirl.workers.dev/bot8603609103:AAENi9LYuF8bXjwK9E1oZIIpG21UNZeZW5s/sendMessage
[Telegram] Ошибка отправки сообщения в чат 705506250: 403 Client Error: Forbidden for url: https://my-tg-proxy.iwantbunnygirl.workers.dev/bot8603609103:AAENi9LYuF8bXjwK9E1oZIIpG21UNZeZW5s/sendMessage

  ++++++++++++++++++++++++++++++++++
  🔴 НОВАЯ ПАРА!
  Красный — 2
  Длина цепочки: 6 раундов
  ++++++++++++++++++++++++++++++++++
     [W-441]  🔴6  vs  2🔵
     [W-442]  🔴6  vs  6🔵
     [W-443]  🔴6  vs  6🔵
     [W-444]  🔴6  vs  1🔵
     [W-445]  🔴2  vs  2🔵
     [W-446]  🔴2  vs  2🔵
  ++++++++++++++++++++++++++++++++++

[Telegram] Ошибка отправки сообщения в чат 1477129493: 403 Client Error: Forbidden for url: https://my-tg-proxy.iwantbunnygirl.workers.dev/bot8603609103:AAENi9LYuF8bXjwK9E1oZIIpG21UNZeZW5s/sendMessage
[Telegram] Ошибка отправки сообщения в чат 1329987939: 403 Client Error: Forbidden for url: https://my-tg-proxy.iwantbunnygirl.workers.dev/bot8603609103:AAENi9LYuF8bXjwK9E1oZIIpG21UNZeZW5s/sendMessage
[Telegram] Ошибка отправки сообщения в чат 705506250: 403 Client Error: Forbidden for url: https://my-tg-proxy.iwantbunnygirl.workers.dev/bot8603609103:AAENi9LYuF8bXjwK9E1oZIIpG21UNZeZW5s/sendMessage
[21:14:29] ▶ Раунд W-447 начался
[21:15:01] ✅ W-447   🔴5 vs 1🔵
[21:15:07] ▶ Раунд W-448 начался
[21:15:39] ✅ W-448   🔴2 vs 3🔵
[21:15:45] ▶ Раунд W-449 начался
[21:16:17] ✅ W-449   🔴1 vs 4🔵
[21:16:23] ▶ Раунд W-450 начался
[21:16:55] ✅ W-450   🔴3 vs 3🔵
[21:17:01] ▶ Раунд W-451 начался
[21:17:33] ✅ W-451   🔴6 vs 1🔵
[21:17:39] ▶ Раунд W-452 начался
[21:18:11] ✅ W-452   🔴5 vs 1🔵

  ++++++++++++++++++++++++++++++++++
  🔵 НОВАЯ ПАРА!
  Синий — 1
  Длина цепочки: 8 раундов
  ++++++++++++++++++++++++++++++++++
     [W-445]  🔴2  vs  2🔵
     [W-446]  🔴2  vs  2🔵
     [W-447]  🔴5  vs  1🔵
     [W-448]  🔴2  vs  3🔵
     [W-449]  🔴1  vs  4🔵
     [W-450]  🔴3  vs  3🔵
     [W-451]  🔴6  vs  1🔵
     [W-452]  🔴5  vs  1🔵
  ++++++++++++++++++++++++++++++++++

[Telegram] Ошибка отправки сообщения в чат 1477129493: 403 Client Error: Forbidden for url: https://my-tg-proxy.iwantbunnygirl.workers.dev/bot8603609103:AAENi9LYuF8bXjwK9E1oZIIpG21UNZeZW5s/sendMessage
[Telegram] Ошибка отправки сообщения в чат 1329987939: 403 Client Error: Forbidden for url: https://my-tg-proxy.iwantbunnygirl.workers.dev/bot8603609103:AAENi9LYuF8bXjwK9E1oZIIpG21UNZeZW5s/sendMessage
[Telegram] Ошибка отправки сообщения в чат 705506250: 403 Client Error: Forbidden for url: https://my-tg-proxy.iwantbunnygirl.workers.dev/bot8603609103:AAENi9LYuF8bXjwK9E1oZIIpG21UNZeZW5s/sendMessage
[21:18:17] ▶ Раунд W-453 начался
[21:18:49] ✅ W-453   🔴2 vs 3🔵
[21:18:55] ▶ Раунд W-454 начался
[21:19:28] ✅ W-454   🔴2 vs 6🔵

  ++++++++++++++++++++++++++++++++++
  🔴 НОВАЯ ПАРА!
  Красный — 2
  Длина цепочки: 4 раундов
  ++++++++++++++++++++++++++++++++++
     [W-451]  🔴6  vs  1🔵
     [W-452]  🔴5  vs  1🔵
     [W-453]  🔴2  vs  3🔵
     [W-454]  🔴2  vs  6🔵
  ++++++++++++++++++++++++++++++++++

[Telegram] Ошибка отправки сообщения в чат 1477129493: 403 Client Error: Forbidden for url: https://my-tg-proxy.iwantbunnygirl.workers.dev/bot8603609103:AAENi9LYuF8bXjwK9E1oZIIpG21UNZeZW5s/sendMessage
[Telegram] Ошибка отправки сообщения в чат 1329987939: 403 Client Error: Forbidden for url: https://my-tg-proxy.iwantbunnygirl.workers.dev/bot8603609103:AAENi9LYuF8bXjwK9E1oZIIpG21UNZeZW5s/sendMessage
[Telegram] Ошибка отправки сообщения в чат 705506250: 403 Client Error: Forbidden for url: https://my-tg-proxy.iwantbunnygirl.workers.dev/bot8603609103:AAENi9LYuF8bXjwK9E1oZIIpG21UNZeZW5s/sendMessage
[21:19:34] ▶ Раунд W-455 начался
[21:20:05] ✅ W-455   🔴6 vs 4🔵
[21:20:11] ▶ Раунд W-456 начался
[21:20:43] ✅ W-456   🔴6 vs 2🔵

  ++++++++++++++++++++++++++++++++++
  🔴 НОВАЯ ПАРА!
  Красный — 6
  Длина цепочки: 4 раундов
  ++++++++++++++++++++++++++++++++++
     [W-453]  🔴2  vs  3🔵
     [W-454]  🔴2  vs  6🔵
     [W-455]  🔴6  vs  4🔵
     [W-456]  🔴6  vs  2🔵
  ++++++++++++++++++++++++++++++++++

[Telegram] Ошибка отправки сообщения в чат 1477129493: 403 Client Error: Forbidden for url: https://my-tg-proxy.iwantbunnygirl.workers.dev/bot8603609103:AAENi9LYuF8bXjwK9E1oZIIpG21UNZeZW5s/sendMessage
[Telegram] Ошибка отправки сообщения в чат 1329987939: 403 Client Error: Forbidden for url: https://my-tg-proxy.iwantbunnygirl.workers.dev/bot8603609103:AAENi9LYuF8bXjwK9E1oZIIpG21UNZeZW5s/sendMessage
[Telegram] Ошибка отправки сообщения в чат 705506250: 403 Client Error: Forbidden for url: https://my-tg-proxy.iwantbunnygirl.workers.dev/bot8603609103:AAENi9LYuF8bXjwK9E1oZIIpG21UNZeZW5s/sendMessage
[21:20:49] ▶ Раунд W-457 начался
[21:21:21] ✅ W-457   🔴2 vs 4🔵
[21:21:27] ▶ Раунд W-458 начался
[21:21:59] ✅ W-458   🔴4 vs 2🔵
[21:22:05] ▶ Раунд W-459 начался
[21:22:37] ✅ W-459   🔴1 vs 5🔵
[21:22:43] ▶ Раунд W-460 начался
[21:23:15] ✅ W-460   🔴4 vs 2🔵

  ##################################
  🔵 XOX-ПАТТЕРН!
  Синий — 2
  Шаблон: xoxox
  ##################################
  🎯 [W-456]  🔴6  vs  2🔵
     [W-457]  🔴2  vs  4🔵
  🎯 [W-458]  🔴4  vs  2🔵
     [W-459]  🔴1  vs  5🔵
  🎯 [W-460]  🔴4  vs  2🔵
  ##################################

[21:23:21] ▶ Раунд W-461 начался
[21:23:53] ✅ W-461   🔴6 vs 1🔵
[21:23:59] ▶ Раунд W-462 начался
[21:24:31] ✅ W-462   🔴1 vs 4🔵
[21:24:37] ▶ Раунд W-463 начался
[21:25:09] ✅ W-463   🔴1 vs 6🔵

  ~~~~~~~~~~~~~~~~~~~~~~~~~~~~~~~~~~
  🎲 МНОГО ПОСЛЕДОВАТЕЛЬНОСТЕЙ!
  Найдено: 4
  🔵11, 🔴22, 🔴66, 🔴11
  ~~~~~~~~~~~~~~~~~~~~~~~~~~~~~~~~~~
  🔥 [W-451]  🔴6  vs  1🔵
  🔥 [W-452]  🔴5  vs  1🔵
  🔥 [W-453]  🔴2  vs  3🔵
  🔥 [W-454]  🔴2  vs  6🔵
  🔥 [W-455]  🔴6  vs  4🔵
  🔥 [W-456]  🔴6  vs  2🔵
     [W-457]  🔴2  vs  4🔵
     [W-458]  🔴4  vs  2🔵
     [W-459]  🔴1  vs  5🔵
     [W-460]  🔴4  vs  2🔵
     [W-461]  🔴6  vs  1🔵
  🔥 [W-462]  🔴1  vs  4🔵
  🔥 [W-463]  🔴1  vs  6🔵
  ~~~~~~~~~~~~~~~~~~~~~~~~~~~~~~~~~~

[Telegram] Ошибка отправки сообщения в чат 1477129493: 403 Client Error: Forbidden for url: https://my-tg-proxy.iwantbunnygirl.workers.dev/bot8603609103:AAENi9LYuF8bXjwK9E1oZIIpG21UNZeZW5s/sendMessage
[Telegram] Ошибка отправки сообщения в чат 1329987939: 403 Client Error: Forbidden for url: https://my-tg-proxy.iwantbunnygirl.workers.dev/bot8603609103:AAENi9LYuF8bXjwK9E1oZIIpG21UNZeZW5s/sendMessage
[Telegram] Ошибка отправки сообщения в чат 705506250: 403 Client Error: Forbidden for url: https://my-tg-proxy.iwantbunnygirl.workers.dev/bot8603609103:AAENi9LYuF8bXjwK9E1oZIIpG21UNZeZW5s/sendMessage

  ++++++++++++++++++++++++++++++++++
  🔴 НОВАЯ ПАРА!
  Красный — 1
  Длина цепочки: 9 раундов
  ++++++++++++++++++++++++++++++++++
     [W-455]  🔴6  vs  4🔵
     [W-456]  🔴6  vs  2🔵
     [W-457]  🔴2  vs  4🔵
     [W-458]  🔴4  vs  2🔵
     [W-459]  🔴1  vs  5🔵
     [W-460]  🔴4  vs  2🔵
     [W-461]  🔴6  vs  1🔵
     [W-462]  🔴1  vs  4🔵
     [W-463]  🔴1  vs  6🔵
  ++++++++++++++++++++++++++++++++++

[Telegram] Ошибка отправки сообщения в чат 1477129493: 403 Client Error: Forbidden for url: https://my-tg-proxy.iwantbunnygirl.workers.dev/bot8603609103:AAENi9LYuF8bXjwK9E1oZIIpG21UNZeZW5s/sendMessage
[Telegram] Ошибка отправки сообщения в чат 1329987939: 403 Client Error: Forbidden for url: https://my-tg-proxy.iwantbunnygirl.workers.dev/bot8603609103:AAENi9LYuF8bXjwK9E1oZIIpG21UNZeZW5s/sendMessage
[Telegram] Ошибка отправки сообщения в чат 705506250: 403 Client Error: Forbidden for url: https://my-tg-proxy.iwantbunnygirl.workers.dev/bot8603609103:AAENi9LYuF8bXjwK9E1oZIIpG21UNZeZW5s/sendMessage
[21:25:15] ▶ Раунд W-464 начался
[21:25:47] ✅ W-464   🔴3 vs 4🔵
[21:25:53] ▶ Раунд W-465 начался
[21:26:25] ✅ W-465   🔴6 vs 5🔵
[21:26:31] ▶ Раунд W-466 начался
[21:27:03] ✅ W-466   🔴1 vs 1🔵
[21:27:09] ▶ Раунд W-467 начался
[21:27:41] ✅ W-467   🔴4 vs 3🔵
[21:27:47] ▶ Раунд W-468 начался
[21:28:19] ✅ W-468   🔴2 vs 4🔵
[21:28:26] ▶ Раунд W-469 начался
[21:28:58] ✅ W-469   🔴4 vs 6🔵
[21:29:03] ▶ Раунд W-470 начался
[21:29:35] ✅ W-470   🔴1 vs 5🔵
[21:29:41] ▶ Раунд W-471 начался
[21:30:13] ✅ W-471   🔴5 vs 3🔵
[21:30:19] ▶ Раунд W-472 начался
[21:30:51] ✅ W-472   🔴2 vs 6🔵
[21:30:57] ▶ Раунд W-473 начался
[21:31:29] ✅ W-473   🔴2 vs 2🔵

  ++++++++++++++++++++++++++++++++++
  🔴 НОВАЯ ПАРА!
  Красный — 2
  Длина цепочки: 12 раундов
  ++++++++++++++++++++++++++++++++++
     [W-462]  🔴1  vs  4🔵
     [W-463]  🔴1  vs  6🔵
     [W-464]  🔴3  vs  4🔵
     [W-465]  🔴6  vs  5🔵
     [W-466]  🔴1  vs  1🔵
     [W-467]  🔴4  vs  3🔵
     [W-468]  🔴2  vs  4🔵
     [W-469]  🔴4  vs  6🔵
     [W-470]  🔴1  vs  5🔵
     [W-471]  🔴5  vs  3🔵
     [W-472]  🔴2  vs  6🔵
     [W-473]  🔴2  vs  2🔵
  ++++++++++++++++++++++++++++++++++

[Telegram] Ошибка отправки сообщения в чат 1477129493: 403 Client Error: Forbidden for url: https://my-tg-proxy.iwantbunnygirl.workers.dev/bot8603609103:AAENi9LYuF8bXjwK9E1oZIIpG21UNZeZW5s/sendMessage
[Telegram] Ошибка отправки сообщения в чат 1329987939: 403 Client Error: Forbidden for url: https://my-tg-proxy.iwantbunnygirl.workers.dev/bot8603609103:AAENi9LYuF8bXjwK9E1oZIIpG21UNZeZW5s/sendMessage
[Telegram] Ошибка отправки сообщения в чат 705506250: 403 Client Error: Forbidden for url: https://my-tg-proxy.iwantbunnygirl.workers.dev/bot8603609103:AAENi9LYuF8bXjwK9E1oZIIpG21UNZeZW5s/sendMessage
[21:31:35] ▶ Раунд W-474 начался
[21:32:07] ✅ W-474   🔴2 vs 3🔵
[21:32:13] ▶ Раунд W-475 начался
[21:32:45] ✅ W-475   🔴3 vs 6🔵

  ##################################
  🔵 XOX-ПАТТЕРН!
  Синий — 6
  Шаблон: xooxoox
  ##################################
  🎯 [W-469]  🔴4  vs  6🔵
     [W-470]  🔴1  vs  5🔵
     [W-471]  🔴5  vs  3🔵
  🎯 [W-472]  🔴2  vs  6🔵
     [W-473]  🔴2  vs  2🔵
     [W-474]  🔴2  vs  3🔵
  🎯 [W-475]  🔴3  vs  6🔵
  ##################################

[21:32:52] ▶ Раунд W-476 начался
[21:33:23] ✅ W-476   🔴2 vs 5🔵
[21:33:29] ▶ Раунд W-477 начался
[21:34:01] ✅ W-477   🔴3 vs 1🔵
[21:34:07] ▶ Раунд W-478 начался
[21:34:39] ✅ W-478   🔴4 vs 6🔵

  ##################################
  🔵 XOX-ПАТТЕРН!
  Синий — 6
  Шаблон: xooxoox
  ##################################
  🎯 [W-472]  🔴2  vs  6🔵
     [W-473]  🔴2  vs  2🔵
     [W-474]  🔴2  vs  3🔵
  🎯 [W-475]  🔴3  vs  6🔵
     [W-476]  🔴2  vs  5🔵
     [W-477]  🔴3  vs  1🔵
  🎯 [W-478]  🔴4  vs  6🔵
  ##################################

[21:34:46] ▶ Раунд W-479 начался
[21:35:17] ✅ W-479   🔴3 vs 5🔵

  ##################################
  🔴 XOX-ПАТТЕРН!
  Красный — 3
  Шаблон: xoxox
  ##################################
  🎯 [W-475]  🔴3  vs  6🔵
     [W-476]  🔴2  vs  5🔵
  🎯 [W-477]  🔴3  vs  1🔵
     [W-478]  🔴4  vs  6🔵
  🎯 [W-479]  🔴3  vs  5🔵
  ##################################

[21:35:23] ▶ Раунд W-480 начался
[21:35:55] ✅ W-480   🔴5 vs 6🔵
[21:36:01] ▶ Раунд W-481 начался
[21:36:33] ✅ W-481   🔴1 vs 4🔵
[21:36:39] ▶ Раунд W-482 начался
[21:37:11] ✅ W-482   🔴2 vs 4🔵

  ++++++++++++++++++++++++++++++++++
  🔵 НОВАЯ ПАРА!
  Синий — 4
  Длина цепочки: 11 раундов
  ++++++++++++++++++++++++++++++++++
     [W-472]  🔴2  vs  6🔵
     [W-473]  🔴2  vs  2🔵
     [W-474]  🔴2  vs  3🔵
     [W-475]  🔴3  vs  6🔵
     [W-476]  🔴2  vs  5🔵
     [W-477]  🔴3  vs  1🔵
     [W-478]  🔴4  vs  6🔵
     [W-479]  🔴3  vs  5🔵
     [W-480]  🔴5  vs  6🔵
     [W-481]  🔴1  vs  4🔵
     [W-482]  🔴2  vs  4🔵
  ++++++++++++++++++++++++++++++++++

[Telegram] Ошибка отправки сообщения в чат 1477129493: 403 Client Error: Forbidden for url: https://my-tg-proxy.iwantbunnygirl.workers.dev/bot8603609103:AAENi9LYuF8bXjwK9E1oZIIpG21UNZeZW5s/sendMessage
[Telegram] Ошибка отправки сообщения в чат 1329987939: 403 Client Error: Forbidden for url: https://my-tg-proxy.iwantbunnygirl.workers.dev/bot8603609103:AAENi9LYuF8bXjwK9E1oZIIpG21UNZeZW5s/sendMessage
[Telegram] Ошибка отправки сообщения в чат 705506250: 403 Client Error: Forbidden for url: https://my-tg-proxy.iwantbunnygirl.workers.dev/bot8603609103:AAENi9LYuF8bXjwK9E1oZIIpG21UNZeZW5s/sendMessage
[21:37:17] ▶ Раунд W-483 начался
[21:37:49] ✅ W-483   🔴4 vs 3🔵
[21:37:55] ▶ Раунд W-484 начался
[21:38:27] ✅ W-484   🔴5 vs 5🔵
[21:38:33] ▶ Раунд W-485 начался
[21:39:05] ✅ W-485   🔴4 vs 5🔵

  ++++++++++++++++++++++++++++++++++
  🔵 НОВАЯ ПАРА!
  Синий — 5
  Длина цепочки: 5 раундов
  ++++++++++++++++++++++++++++++++++
     [W-481]  🔴1  vs  4🔵
     [W-482]  🔴2  vs  4🔵
     [W-483]  🔴4  vs  3🔵
     [W-484]  🔴5  vs  5🔵
     [W-485]  🔴4  vs  5🔵
  ++++++++++++++++++++++++++++++++++

[Telegram] Ошибка отправки сообщения в чат 1477129493: 403 Client Error: Forbidden for url: https://my-tg-proxy.iwantbunnygirl.workers.dev/bot8603609103:AAENi9LYuF8bXjwK9E1oZIIpG21UNZeZW5s/sendMessage
[Telegram] Ошибка отправки сообщения в чат 1329987939: 403 Client Error: Forbidden for url: https://my-tg-proxy.iwantbunnygirl.workers.dev/bot8603609103:AAENi9LYuF8bXjwK9E1oZIIpG21UNZeZW5s/sendMessage
[Telegram] Ошибка отправки сообщения в чат 705506250: 403 Client Error: Forbidden for url: https://my-tg-proxy.iwantbunnygirl.workers.dev/bot8603609103:AAENi9LYuF8bXjwK9E1oZIIpG21UNZeZW5s/sendMessage
[21:39:11] ▶ Раунд W-486 начался
[21:39:43] ✅ W-486   🔴4 vs 4🔵

  ~~~~~~~~~~~~~~~~~~~~~~~~~~~~~~~~~~
  🎲 МНОГО ПОСЛЕДОВАТЕЛЬНОСТЕЙ!
  Найдено: 4
  🔴22, 🔵44, 🔵55, 🔴44
  ~~~~~~~~~~~~~~~~~~~~~~~~~~~~~~~~~~
  🔥 [W-472]  🔴2  vs  6🔵
  🔥 [W-473]  🔴2  vs  2🔵
     [W-474]  🔴2  vs  3🔵
     [W-475]  🔴3  vs  6🔵
     [W-476]  🔴2  vs  5🔵
     [W-477]  🔴3  vs  1🔵
     [W-478]  🔴4  vs  6🔵
     [W-479]  🔴3  vs  5🔵
     [W-480]  🔴5  vs  6🔵
  🔥 [W-481]  🔴1  vs  4🔵
  🔥 [W-482]  🔴2  vs  4🔵
     [W-483]  🔴4  vs  3🔵
  🔥 [W-484]  🔴5  vs  5🔵
  🔥 [W-485]  🔴4  vs  5🔵
  🔥 [W-486]  🔴4  vs  4🔵
  ~~~~~~~~~~~~~~~~~~~~~~~~~~~~~~~~~~

[Telegram] Ошибка отправки сообщения в чат 1477129493: 403 Client Error: Forbidden for url: https://my-tg-proxy.iwantbunnygirl.workers.dev/bot8603609103:AAENi9LYuF8bXjwK9E1oZIIpG21UNZeZW5s/sendMessage
[Telegram] Ошибка отправки сообщения в чат 1329987939: 403 Client Error: Forbidden for url: https://my-tg-proxy.iwantbunnygirl.workers.dev/bot8603609103:AAENi9LYuF8bXjwK9E1oZIIpG21UNZeZW5s/sendMessage
[Telegram] Ошибка отправки сообщения в чат 705506250: 403 Client Error: Forbidden for url: https://my-tg-proxy.iwantbunnygirl.workers.dev/bot8603609103:AAENi9LYuF8bXjwK9E1oZIIpG21UNZeZW5s/sendMessage
[21:39:50] ▶ Раунд W-487 начался
[21:40:21] ✅ W-487   🔴3 vs 4🔵

  ++++++++++++++++++++++++++++++++++
  🔵 НОВАЯ ПАРА!
  Синий — 4
  Длина цепочки: 4 раундов
  ++++++++++++++++++++++++++++++++++
     [W-484]  🔴5  vs  5🔵
     [W-485]  🔴4  vs  5🔵
     [W-486]  🔴4  vs  4🔵
     [W-487]  🔴3  vs  4🔵
  ++++++++++++++++++++++++++++++++++

[Telegram] Ошибка отправки сообщения в чат 1477129493: 403 Client Error: Forbidden for url: https://my-tg-proxy.iwantbunnygirl.workers.dev/bot8603609103:AAENi9LYuF8bXjwK9E1oZIIpG21UNZeZW5s/sendMessage
[Telegram] Ошибка отправки сообщения в чат 1329987939: 403 Client Error: Forbidden for url: https://my-tg-proxy.iwantbunnygirl.workers.dev/bot8603609103:AAENi9LYuF8bXjwK9E1oZIIpG21UNZeZW5s/sendMessage
[Telegram] Ошибка отправки сообщения в чат 705506250: 403 Client Error: Forbidden for url: https://my-tg-proxy.iwantbunnygirl.workers.dev/bot8603609103:AAENi9LYuF8bXjwK9E1oZIIpG21UNZeZW5s/sendMessage
[21:40:27] ▶ Раунд W-488 начался
[21:40:59] ✅ W-488   🔴4 vs 2🔵
[21:41:05] ▶ Раунд W-489 начался
[21:41:37] ✅ W-489   🔴3 vs 2🔵

  ++++++++++++++++++++++++++++++++++
  🔵 НОВАЯ ПАРА!
  Синий — 2
  Длина цепочки: 4 раундов
  ++++++++++++++++++++++++++++++++++
     [W-486]  🔴4  vs  4🔵
     [W-487]  🔴3  vs  4🔵
     [W-488]  🔴4  vs  2🔵
     [W-489]  🔴3  vs  2🔵
  ++++++++++++++++++++++++++++++++++

[Telegram] Ошибка отправки сообщения в чат 1477129493: 403 Client Error: Forbidden for url: https://my-tg-proxy.iwantbunnygirl.workers.dev/bot8603609103:AAENi9LYuF8bXjwK9E1oZIIpG21UNZeZW5s/sendMessage
[Telegram] Ошибка отправки сообщения в чат 1329987939: 403 Client Error: Forbidden for url: https://my-tg-proxy.iwantbunnygirl.workers.dev/bot8603609103:AAENi9LYuF8bXjwK9E1oZIIpG21UNZeZW5s/sendMessage
[Telegram] Ошибка отправки сообщения в чат 705506250: 403 Client Error: Forbidden for url: https://my-tg-proxy.iwantbunnygirl.workers.dev/bot8603609103:AAENi9LYuF8bXjwK9E1oZIIpG21UNZeZW5s/sendMessage
[21:41:43] ▶ Раунд W-490 начался
[21:42:15] ✅ W-490   🔴5 vs 3🔵
[21:42:21] ▶ Раунд W-491 начался
[21:42:53] ✅ W-491   🔴1 vs 2🔵
[21:42:59] ▶ Раунд W-492 начался
[21:43:31] ✅ W-492   🔴6 vs 3🔵
[21:43:37] ▶ Раунд W-493 начался
[21:44:09] ✅ W-493   🔴6 vs 6🔵

  ++++++++++++++++++++++++++++++++++
  🔴 НОВАЯ ПАРА!
  Красный — 6
  Длина цепочки: 6 раундов
  ++++++++++++++++++++++++++++++++++
     [W-488]  🔴4  vs  2🔵
     [W-489]  🔴3  vs  2🔵
     [W-490]  🔴5  vs  3🔵
     [W-491]  🔴1  vs  2🔵
     [W-492]  🔴6  vs  3🔵
     [W-493]  🔴6  vs  6🔵
  ++++++++++++++++++++++++++++++++++

[Telegram] Ошибка отправки сообщения в чат 1477129493: 403 Client Error: Forbidden for url: https://my-tg-proxy.iwantbunnygirl.workers.dev/bot8603609103:AAENi9LYuF8bXjwK9E1oZIIpG21UNZeZW5s/sendMessage
[Telegram] Ошибка отправки сообщения в чат 1329987939: 403 Client Error: Forbidden for url: https://my-tg-proxy.iwantbunnygirl.workers.dev/bot8603609103:AAENi9LYuF8bXjwK9E1oZIIpG21UNZeZW5s/sendMessage
[Telegram] Ошибка отправки сообщения в чат 705506250: 403 Client Error: Forbidden for url: https://my-tg-proxy.iwantbunnygirl.workers.dev/bot8603609103:AAENi9LYuF8bXjwK9E1oZIIpG21UNZeZW5s/sendMessage
[21:44:16] ▶ Раунд W-494 начался
[21:44:47] ✅ W-494   🔴5 vs 1🔵
[21:44:53] ▶ Раунд W-495 начался
[21:45:26] ✅ W-495   🔴5 vs 4🔵

  ~~~~~~~~~~~~~~~~~~~~~~~~~~~~~~~~~~
  🎲 МНОГО ПОСЛЕДОВАТЕЛЬНОСТЕЙ!
  Найдено: 4
  🔵44, 🔵22, 🔴66, 🔴55
  ~~~~~~~~~~~~~~~~~~~~~~~~~~~~~~~~~~
  🔥 [W-486]  🔴4  vs  4🔵
  🔥 [W-487]  🔴3  vs  4🔵
  🔥 [W-488]  🔴4  vs  2🔵
  🔥 [W-489]  🔴3  vs  2🔵
     [W-490]  🔴5  vs  3🔵
     [W-491]  🔴1  vs  2🔵
  🔥 [W-492]  🔴6  vs  3🔵
  🔥 [W-493]  🔴6  vs  6🔵
  🔥 [W-494]  🔴5  vs  1🔵
  🔥 [W-495]  🔴5  vs  4🔵
  ~~~~~~~~~~~~~~~~~~~~~~~~~~~~~~~~~~

[Telegram] Ошибка отправки сообщения в чат 1477129493: 403 Client Error: Forbidden for url: https://my-tg-proxy.iwantbunnygirl.workers.dev/bot8603609103:AAENi9LYuF8bXjwK9E1oZIIpG21UNZeZW5s/sendMessage
[Telegram] Ошибка отправки сообщения в чат 1329987939: 403 Client Error: Forbidden for url: https://my-tg-proxy.iwantbunnygirl.workers.dev/bot8603609103:AAENi9LYuF8bXjwK9E1oZIIpG21UNZeZW5s/sendMessage
[Telegram] Ошибка отправки сообщения в чат 705506250: 403 Client Error: Forbidden for url: https://my-tg-proxy.iwantbunnygirl.workers.dev/bot8603609103:AAENi9LYuF8bXjwK9E1oZIIpG21UNZeZW5s/sendMessage

  ++++++++++++++++++++++++++++++++++
  🔴 НОВАЯ ПАРА!
  Красный — 5
  Длина цепочки: 4 раундов
  ++++++++++++++++++++++++++++++++++
     [W-492]  🔴6  vs  3🔵
     [W-493]  🔴6  vs  6🔵
     [W-494]  🔴5  vs  1🔵
     [W-495]  🔴5  vs  4🔵
  ++++++++++++++++++++++++++++++++++

[Telegram] Ошибка отправки сообщения в чат 1477129493: 403 Client Error: Forbidden for url: https://my-tg-proxy.iwantbunnygirl.workers.dev/bot8603609103:AAENi9LYuF8bXjwK9E1oZIIpG21UNZeZW5s/sendMessage
[Telegram] Ошибка отправки сообщения в чат 1329987939: 403 Client Error: Forbidden for url: https://my-tg-proxy.iwantbunnygirl.workers.dev/bot8603609103:AAENi9LYuF8bXjwK9E1oZIIpG21UNZeZW5s/sendMessage
[Telegram] Ошибка отправки сообщения в чат 705506250: 403 Client Error: Forbidden for url: https://my-tg-proxy.iwantbunnygirl.workers.dev/bot8603609103:AAENi9LYuF8bXjwK9E1oZIIpG21UNZeZW5s/sendMessage
[21:45:32] ▶ Раунд W-496 начался
[21:46:03] ✅ W-496   🔴6 vs 4🔵
[21:46:09] ▶ Раунд W-497 начался
[21:46:41] ✅ W-497   🔴5 vs 2🔵
[21:46:47] ▶ Раунд W-498 начался
[21:47:19] ✅ W-498   🔴2 vs 6🔵
[21:47:25] ▶ Раунд W-499 начался
[21:47:57] ✅ W-499   🔴4 vs 5🔵
[21:48:03] ▶ Раунд W-500 начался
[21:48:35] ✅ W-500   🔴2 vs 6🔵
[21:48:42] ▶ Раунд W-501 начался
[21:49:13] ✅ W-501   🔴4 vs 6🔵

  ++++++++++++++++++++++++++++++++++
  🔵 НОВАЯ ПАРА!
  Синий — 6
  Длина цепочки: 8 раундов
  ++++++++++++++++++++++++++++++++++
     [W-494]  🔴5  vs  1🔵
     [W-495]  🔴5  vs  4🔵
     [W-496]  🔴6  vs  4🔵
     [W-497]  🔴5  vs  2🔵
     [W-498]  🔴2  vs  6🔵
     [W-499]  🔴4  vs  5🔵
     [W-500]  🔴2  vs  6🔵
     [W-501]  🔴4  vs  6🔵
  ++++++++++++++++++++++++++++++++++

[Telegram] Ошибка отправки сообщения в чат 1477129493: 403 Client Error: Forbidden for url: https://my-tg-proxy.iwantbunnygirl.workers.dev/bot8603609103:AAENi9LYuF8bXjwK9E1oZIIpG21UNZeZW5s/sendMessage
[Telegram] Ошибка отправки сообщения в чат 1329987939: 403 Client Error: Forbidden for url: https://my-tg-proxy.iwantbunnygirl.workers.dev/bot8603609103:AAENi9LYuF8bXjwK9E1oZIIpG21UNZeZW5s/sendMessage
[Telegram] Ошибка отправки сообщения в чат 705506250: 403 Client Error: Forbidden for url: https://my-tg-proxy.iwantbunnygirl.workers.dev/bot8603609103:AAENi9LYuF8bXjwK9E1oZIIpG21UNZeZW5s/sendMessage
[21:49:19] ▶ Раунд W-502 начался
[21:49:51] ✅ W-502   🔴5 vs 1🔵
[21:49:57] ▶ Раунд W-503 начался
[21:50:29] ✅ W-503   🔴2 vs 1🔵

  ++++++++++++++++++++++++++++++++++
  🔵 НОВАЯ ПАРА!
  Синий — 1
  Длина цепочки: 4 раундов
  ++++++++++++++++++++++++++++++++++
     [W-500]  🔴2  vs  6🔵
     [W-501]  🔴4  vs  6🔵
     [W-502]  🔴5  vs  1🔵
     [W-503]  🔴2  vs  1🔵
  ++++++++++++++++++++++++++++++++++

[Telegram] Ошибка отправки сообщения в чат 1477129493: 403 Client Error: Forbidden for url: https://my-tg-proxy.iwantbunnygirl.workers.dev/bot8603609103:AAENi9LYuF8bXjwK9E1oZIIpG21UNZeZW5s/sendMessage
[Telegram] Ошибка отправки сообщения в чат 1329987939: 403 Client Error: Forbidden for url: https://my-tg-proxy.iwantbunnygirl.workers.dev/bot8603609103:AAENi9LYuF8bXjwK9E1oZIIpG21UNZeZW5s/sendMessage
[Telegram] Ошибка отправки сообщения в чат 705506250: 403 Client Error: Forbidden for url: https://my-tg-proxy.iwantbunnygirl.workers.dev/bot8603609103:AAENi9LYuF8bXjwK9E1oZIIpG21UNZeZW5s/sendMessage
[21:50:35] ▶ Раунд W-504 начался
[21:51:07] ✅ W-504   🔴6 vs 5🔵
[21:51:13] ▶ Раунд W-505 начался
[21:51:45] ✅ W-505   🔴2 vs 4🔵
[21:51:51] ▶ Раунд W-506 начался
[21:52:23] ✅ W-506   🔴3 vs 2🔵
[21:52:29] ▶ Раунд W-507 начался
[21:53:01] ✅ W-507   🔴1 vs 5🔵
[21:53:08] ▶ Раунд W-508 начался
[21:53:39] ✅ W-508   🔴3 vs 5🔵

  ~~~~~~~~~~~~~~~~~~~~~~~~~~~~~~~~~~
  🎲 МНОГО ПОСЛЕДОВАТЕЛЬНОСТЕЙ!
  Найдено: 4
  🔵44, 🔵66, 🔵11, 🔵55
  ~~~~~~~~~~~~~~~~~~~~~~~~~~~~~~~~~~
  🔥 [W-495]  🔴5  vs  4🔵
  🔥 [W-496]  🔴6  vs  4🔵
     [W-497]  🔴5  vs  2🔵
     [W-498]  🔴2  vs  6🔵
     [W-499]  🔴4  vs  5🔵
  🔥 [W-500]  🔴2  vs  6🔵
  🔥 [W-501]  🔴4  vs  6🔵
  🔥 [W-502]  🔴5  vs  1🔵
  🔥 [W-503]  🔴2  vs  1🔵
     [W-504]  🔴6  vs  5🔵
     [W-505]  🔴2  vs  4🔵
     [W-506]  🔴3  vs  2🔵
  🔥 [W-507]  🔴1  vs  5🔵
  🔥 [W-508]  🔴3  vs  5🔵
  ~~~~~~~~~~~~~~~~~~~~~~~~~~~~~~~~~~

[Telegram] Ошибка отправки сообщения в чат 1477129493: 403 Client Error: Forbidden for url: https://my-tg-proxy.iwantbunnygirl.workers.dev/bot8603609103:AAENi9LYuF8bXjwK9E1oZIIpG21UNZeZW5s/sendMessage
[Telegram] Ошибка отправки сообщения в чат 1329987939: 403 Client Error: Forbidden for url: https://my-tg-proxy.iwantbunnygirl.workers.dev/bot8603609103:AAENi9LYuF8bXjwK9E1oZIIpG21UNZeZW5s/sendMessage
[Telegram] Ошибка отправки сообщения в чат 705506250: 403 Client Error: Forbidden for url: https://my-tg-proxy.iwantbunnygirl.workers.dev/bot8603609103:AAENi9LYuF8bXjwK9E1oZIIpG21UNZeZW5s/sendMessage

  ++++++++++++++++++++++++++++++++++
  🔵 НОВАЯ ПАРА!
  Синий — 5
  Длина цепочки: 7 раундов
  ++++++++++++++++++++++++++++++++++
     [W-502]  🔴5  vs  1🔵
     [W-503]  🔴2  vs  1🔵
     [W-504]  🔴6  vs  5🔵
     [W-505]  🔴2  vs  4🔵
     [W-506]  🔴3  vs  2🔵
     [W-507]  🔴1  vs  5🔵
     [W-508]  🔴3  vs  5🔵
  ++++++++++++++++++++++++++++++++++

[Telegram] Ошибка отправки сообщения в чат 1477129493: 403 Client Error: Forbidden for url: https://my-tg-proxy.iwantbunnygirl.workers.dev/bot8603609103:AAENi9LYuF8bXjwK9E1oZIIpG21UNZeZW5s/sendMessage
[Telegram] Ошибка отправки сообщения в чат 1329987939: 403 Client Error: Forbidden for url: https://my-tg-proxy.iwantbunnygirl.workers.dev/bot8603609103:AAENi9LYuF8bXjwK9E1oZIIpG21UNZeZW5s/sendMessage
[Telegram] Ошибка отправки сообщения в чат 705506250: 403 Client Error: Forbidden for url: https://my-tg-proxy.iwantbunnygirl.workers.dev/bot8603609103:AAENi9LYuF8bXjwK9E1oZIIpG21UNZeZW5s/sendMessage
[21:53:46] ▶ Раунд W-509 начался
[21:54:17] ✅ W-509   🔴1 vs 5🔵
[21:54:23] ▶ Раунд W-510 начался
[21:54:55] ✅ W-510   🔴1 vs 6🔵

  ++++++++++++++++++++++++++++++++++
  🔴 НОВАЯ ПАРА!
  Красный — 1
  Длина цепочки: 4 раундов
  ++++++++++++++++++++++++++++++++++
     [W-507]  🔴1  vs  5🔵
     [W-508]  🔴3  vs  5🔵
     [W-509]  🔴1  vs  5🔵
     [W-510]  🔴1  vs  6🔵
  ++++++++++++++++++++++++++++++++++

[Telegram] Ошибка отправки сообщения в чат 1477129493: 403 Client Error: Forbidden for url: https://my-tg-proxy.iwantbunnygirl.workers.dev/bot8603609103:AAENi9LYuF8bXjwK9E1oZIIpG21UNZeZW5s/sendMessage
[Telegram] Ошибка отправки сообщения в чат 1329987939: 403 Client Error: Forbidden for url: https://my-tg-proxy.iwantbunnygirl.workers.dev/bot8603609103:AAENi9LYuF8bXjwK9E1oZIIpG21UNZeZW5s/sendMessage
[Telegram] Ошибка отправки сообщения в чат 705506250: 403 Client Error: Forbidden for url: https://my-tg-proxy.iwantbunnygirl.workers.dev/bot8603609103:AAENi9LYuF8bXjwK9E1oZIIpG21UNZeZW5s/sendMessage
[21:55:01] ▶ Раунд W-511 начался
[21:55:33] ✅ W-511   🔴3 vs 4🔵
[21:55:39] ▶ Раунд W-512 начался
[21:56:11] ✅ W-512   🔴1 vs 4🔵

  ++++++++++++++++++++++++++++++++++
  🔵 НОВАЯ ПАРА!
  Синий — 4
  Длина цепочки: 4 раундов
  ++++++++++++++++++++++++++++++++++
     [W-509]  🔴1  vs  5🔵
     [W-510]  🔴1  vs  6🔵
     [W-511]  🔴3  vs  4🔵
     [W-512]  🔴1  vs  4🔵
  ++++++++++++++++++++++++++++++++++

[Telegram] Ошибка отправки сообщения в чат 1477129493: 403 Client Error: Forbidden for url: https://my-tg-proxy.iwantbunnygirl.workers.dev/bot8603609103:AAENi9LYuF8bXjwK9E1oZIIpG21UNZeZW5s/sendMessage
[Telegram] Ошибка отправки сообщения в чат 1329987939: 403 Client Error: Forbidden for url: https://my-tg-proxy.iwantbunnygirl.workers.dev/bot8603609103:AAENi9LYuF8bXjwK9E1oZIIpG21UNZeZW5s/sendMessage
[Telegram] Ошибка отправки сообщения в чат 705506250: 403 Client Error: Forbidden for url: https://my-tg-proxy.iwantbunnygirl.workers.dev/bot8603609103:AAENi9LYuF8bXjwK9E1oZIIpG21UNZeZW5s/sendMessage
[21:56:18] ▶ Раунд W-513 начался
[21:56:49] ✅ W-513   🔴4 vs 3🔵
[21:56:55] ▶ Раунд W-514 начался
[21:57:27] ✅ W-514   🔴6 vs 6🔵
[21:57:33] ▶ Раунд W-515 начался
[21:58:05] ✅ W-515   🔴6 vs 1🔵

  ++++++++++++++++++++++++++++++++++
  🔴 НОВАЯ ПАРА!
  Красный — 6
  Длина цепочки: 5 раундов
  ++++++++++++++++++++++++++++++++++
     [W-511]  🔴3  vs  4🔵
     [W-512]  🔴1  vs  4🔵
     [W-513]  🔴4  vs  3🔵
     [W-514]  🔴6  vs  6🔵
     [W-515]  🔴6  vs  1🔵
  ++++++++++++++++++++++++++++++++++

[Telegram] Ошибка отправки сообщения в чат 1477129493: 403 Client Error: Forbidden for url: https://my-tg-proxy.iwantbunnygirl.workers.dev/bot8603609103:AAENi9LYuF8bXjwK9E1oZIIpG21UNZeZW5s/sendMessage
[Telegram] Ошибка отправки сообщения в чат 1329987939: 403 Client Error: Forbidden for url: https://my-tg-proxy.iwantbunnygirl.workers.dev/bot8603609103:AAENi9LYuF8bXjwK9E1oZIIpG21UNZeZW5s/sendMessage
[Telegram] Ошибка отправки сообщения в чат 705506250: 403 Client Error: Forbidden for url: https://my-tg-proxy.iwantbunnygirl.workers.dev/bot8603609103:AAENi9LYuF8bXjwK9E1oZIIpG21UNZeZW5s/sendMessage
[21:58:11] ▶ Раунд W-516 начался
[21:58:43] ✅ W-516   🔴6 vs 2🔵
[21:58:48] ▶ Раунд W-517 начался
[21:59:20] ✅ W-517   🔴6 vs 2🔵

  ──────────────────────────────────
  🔴 ПАТТЕРН!
  Красный — 6
  четыре подряд подряд
  ──────────────────────────────────
  ⬅️ [W-512]  🔴1  vs  4🔵
  ⬅️ [W-513]  🔴4  vs  3🔵
  🔥 [W-514]  🔴6  vs  6🔵
  🔥 [W-515]  🔴6  vs  1🔵
  🔥 [W-516]  🔴6  vs  2🔵
  🔥 [W-517]  🔴6  vs  2🔵
  ──────────────────────────────────


  ~~~~~~~~~~~~~~~~~~~~~~~~~~~~~~~~~~
  🎲 МНОГО ПОСЛЕДОВАТЕЛЬНОСТЕЙ!
  Найдено: 4
  🔴11, 🔵44, 🔴66, 🔵22
  ~~~~~~~~~~~~~~~~~~~~~~~~~~~~~~~~~~
  🔥 [W-509]  🔴1  vs  5🔵
  🔥 [W-510]  🔴1  vs  6🔵
  🔥 [W-511]  🔴3  vs  4🔵
  🔥 [W-512]  🔴1  vs  4🔵
     [W-513]  🔴4  vs  3🔵
  🔥 [W-514]  🔴6  vs  6🔵
  🔥 [W-515]  🔴6  vs  1🔵
  🔥 [W-516]  🔴6  vs  2🔵
  🔥 [W-517]  🔴6  vs  2🔵
  ~~~~~~~~~~~~~~~~~~~~~~~~~~~~~~~~~~

[Telegram] Ошибка отправки сообщения в чат 1477129493: 403 Client Error: Forbidden for url: https://my-tg-proxy.iwantbunnygirl.workers.dev/bot8603609103:AAENi9LYuF8bXjwK9E1oZIIpG21UNZeZW5s/sendMessage
[Telegram] Ошибка отправки сообщения в чат 1329987939: 403 Client Error: Forbidden for url: https://my-tg-proxy.iwantbunnygirl.workers.dev/bot8603609103:AAENi9LYuF8bXjwK9E1oZIIpG21UNZeZW5s/sendMessage
[Telegram] Ошибка отправки сообщения в чат 705506250: 403 Client Error: Forbidden for url: https://my-tg-proxy.iwantbunnygirl.workers.dev/bot8603609103:AAENi9LYuF8bXjwK9E1oZIIpG21UNZeZW5s/sendMessage

  ++++++++++++++++++++++++++++++++++
  🔵 НОВАЯ ПАРА!
  Синий — 2
  Длина цепочки: 4 раундов
  ++++++++++++++++++++++++++++++++++
     [W-514]  🔴6  vs  6🔵
     [W-515]  🔴6  vs  1🔵
     [W-516]  🔴6  vs  2🔵
     [W-517]  🔴6  vs  2🔵
  ++++++++++++++++++++++++++++++++++

[Telegram] Ошибка отправки сообщения в чат 1477129493: 403 Client Error: Forbidden for url: https://my-tg-proxy.iwantbunnygirl.workers.dev/bot8603609103:AAENi9LYuF8bXjwK9E1oZIIpG21UNZeZW5s/sendMessage
[Telegram] Ошибка отправки сообщения в чат 1329987939: 403 Client Error: Forbidden for url: https://my-tg-proxy.iwantbunnygirl.workers.dev/bot8603609103:AAENi9LYuF8bXjwK9E1oZIIpG21UNZeZW5s/sendMessage
[Telegram] Ошибка отправки сообщения в чат 705506250: 403 Client Error: Forbidden for url: https://my-tg-proxy.iwantbunnygirl.workers.dev/bot8603609103:AAENi9LYuF8bXjwK9E1oZIIpG21UNZeZW5s/sendMessage
[21:59:26] ▶ Раунд W-518 начался
[21:59:58] ✅ W-518   🔴3 vs 5🔵
[22:00:04] ▶ Раунд W-519 начался
[22:00:36] ✅ W-519   🔴3 vs 2🔵

  ··································
  📊 СТАТИСТИКА!
  Красный — 6
  четыре подряд подряд
  ··································
  ⬅️ [W-512]  🔴1  vs  4🔵
  ⬅️ [W-513]  🔴4  vs  3🔵
  🔥 [W-514]  🔴6  vs  6🔵
  🔥 [W-515]  🔴6  vs  1🔵
  🔥 [W-516]  🔴6  vs  2🔵
  🔥 [W-517]  🔴6  vs  2🔵
  🆕 [W-518]  🔴3  vs  5🔵
  🆕 [W-519]  🔴3  vs  2🔵
  ··································


  ++++++++++++++++++++++++++++++++++
  🔴 НОВАЯ ПАРА!
  Красный — 3
  Длина цепочки: 4 раундов
  ++++++++++++++++++++++++++++++++++
     [W-516]  🔴6  vs  2🔵
     [W-517]  🔴6  vs  2🔵
     [W-518]  🔴3  vs  5🔵
     [W-519]  🔴3  vs  2🔵
  ++++++++++++++++++++++++++++++++++

[Telegram] Ошибка отправки сообщения в чат 1477129493: 403 Client Error: Forbidden for url: https://my-tg-proxy.iwantbunnygirl.workers.dev/bot8603609103:AAENi9LYuF8bXjwK9E1oZIIpG21UNZeZW5s/sendMessage
[Telegram] Ошибка отправки сообщения в чат 1329987939: 403 Client Error: Forbidden for url: https://my-tg-proxy.iwantbunnygirl.workers.dev/bot8603609103:AAENi9LYuF8bXjwK9E1oZIIpG21UNZeZW5s/sendMessage
[Telegram] Ошибка отправки сообщения в чат 705506250: 403 Client Error: Forbidden for url: https://my-tg-proxy.iwantbunnygirl.workers.dev/bot8603609103:AAENi9LYuF8bXjwK9E1oZIIpG21UNZeZW5s/sendMessage
[22:00:42] ▶ Раунд W-520 начался
[22:01:14] ✅ W-520   🔴1 vs 2🔵
[22:01:20] ▶ Раунд W-521 начался
[22:01:52] ✅ W-521   🔴2 vs 4🔵
[22:01:58] ▶ Раунд W-522 начался
[22:02:30] ✅ W-522   🔴5 vs 6🔵
[22:02:36] ▶ Раунд W-523 начался
[22:03:08] ✅ W-523   🔴5 vs 3🔵

  ++++++++++++++++++++++++++++++++++
  🔴 НОВАЯ ПАРА!
  Красный — 5
  Длина цепочки: 6 раундов
  ++++++++++++++++++++++++++++++++++
     [W-518]  🔴3  vs  5🔵
     [W-519]  🔴3  vs  2🔵
     [W-520]  🔴1  vs  2🔵
     [W-521]  🔴2  vs  4🔵
     [W-522]  🔴5  vs  6🔵
     [W-523]  🔴5  vs  3🔵
  ++++++++++++++++++++++++++++++++++

[Telegram] Ошибка отправки сообщения в чат 1477129493: 403 Client Error: Forbidden for url: https://my-tg-proxy.iwantbunnygirl.workers.dev/bot8603609103:AAENi9LYuF8bXjwK9E1oZIIpG21UNZeZW5s/sendMessage
[Telegram] Ошибка отправки сообщения в чат 1329987939: 403 Client Error: Forbidden for url: https://my-tg-proxy.iwantbunnygirl.workers.dev/bot8603609103:AAENi9LYuF8bXjwK9E1oZIIpG21UNZeZW5s/sendMessage
[Telegram] Ошибка отправки сообщения в чат 705506250: 403 Client Error: Forbidden for url: https://my-tg-proxy.iwantbunnygirl.workers.dev/bot8603609103:AAENi9LYuF8bXjwK9E1oZIIpG21UNZeZW5s/sendMessage
[22:03:14] ▶ Раунд W-524 начался
[22:03:46] ✅ W-524   🔴6 vs 2🔵
[22:03:52] ▶ Раунд W-525 начался
[22:04:24] ✅ W-525   🔴2 vs 1🔵
[22:04:30] ▶ Раунд W-526 начался
[22:05:02] ✅ W-526   🔴6 vs 5🔵
[22:05:08] ▶ Раунд W-527 начался
[22:05:40] ✅ W-527   🔴1 vs 4🔵
[22:05:46] ▶ Раунд W-528 начался
[22:06:18] ✅ W-528   🔴5 vs 4🔵

  ~~~~~~~~~~~~~~~~~~~~~~~~~~~~~~~~~~
  🎲 МНОГО ПОСЛЕДОВАТЕЛЬНОСТЕЙ!
  Найдено: 4
  🔴33, 🔵22, 🔴55, 🔵44
  ~~~~~~~~~~~~~~~~~~~~~~~~~~~~~~~~~~
  🔥 [W-518]  🔴3  vs  5🔵
  🔥 [W-519]  🔴3  vs  2🔵
  🔥 [W-520]  🔴1  vs  2🔵
     [W-521]  🔴2  vs  4🔵
  🔥 [W-522]  🔴5  vs  6🔵
  🔥 [W-523]  🔴5  vs  3🔵
     [W-524]  🔴6  vs  2🔵
     [W-525]  🔴2  vs  1🔵
     [W-526]  🔴6  vs  5🔵
  🔥 [W-527]  🔴1  vs  4🔵
  🔥 [W-528]  🔴5  vs  4🔵
  ~~~~~~~~~~~~~~~~~~~~~~~~~~~~~~~~~~

[Telegram] Ошибка отправки сообщения в чат 1477129493: 403 Client Error: Forbidden for url: https://my-tg-proxy.iwantbunnygirl.workers.dev/bot8603609103:AAENi9LYuF8bXjwK9E1oZIIpG21UNZeZW5s/sendMessage
[Telegram] Ошибка отправки сообщения в чат 1329987939: 403 Client Error: Forbidden for url: https://my-tg-proxy.iwantbunnygirl.workers.dev/bot8603609103:AAENi9LYuF8bXjwK9E1oZIIpG21UNZeZW5s/sendMessage
[Telegram] Ошибка отправки сообщения в чат 705506250: 403 Client Error: Forbidden for url: https://my-tg-proxy.iwantbunnygirl.workers.dev/bot8603609103:AAENi9LYuF8bXjwK9E1oZIIpG21UNZeZW5s/sendMessage

  ++++++++++++++++++++++++++++++++++
  🔵 НОВАЯ ПАРА!
  Синий — 4
  Длина цепочки: 7 раундов
  ++++++++++++++++++++++++++++++++++
     [W-522]  🔴5  vs  6🔵
     [W-523]  🔴5  vs  3🔵
     [W-524]  🔴6  vs  2🔵
     [W-525]  🔴2  vs  1🔵
     [W-526]  🔴6  vs  5🔵
     [W-527]  🔴1  vs  4🔵
     [W-528]  🔴5  vs  4🔵
  ++++++++++++++++++++++++++++++++++

[Telegram] Ошибка отправки сообщения в чат 1477129493: 403 Client Error: Forbidden for url: https://my-tg-proxy.iwantbunnygirl.workers.dev/bot8603609103:AAENi9LYuF8bXjwK9E1oZIIpG21UNZeZW5s/sendMessage
[Telegram] Ошибка отправки сообщения в чат 1329987939: 403 Client Error: Forbidden for url: https://my-tg-proxy.iwantbunnygirl.workers.dev/bot8603609103:AAENi9LYuF8bXjwK9E1oZIIpG21UNZeZW5s/sendMessage
[Telegram] Ошибка отправки сообщения в чат 705506250: 403 Client Error: Forbidden for url: https://my-tg-proxy.iwantbunnygirl.workers.dev/bot8603609103:AAENi9LYuF8bXjwK9E1oZIIpG21UNZeZW5s/sendMessage
[22:06:24] ▶ Раунд W-529 начался
[22:06:56] ✅ W-529   🔴3 vs 2🔵
[22:07:02] ▶ Раунд W-530 начался
[22:07:34] ✅ W-530   🔴1 vs 6🔵
[22:07:40] ▶ Раунд W-531 начался
[22:08:12] ✅ W-531   🔴5 vs 1🔵
[22:08:18] ▶ Раунд W-532 начался
[22:08:50] ✅ W-532   🔴2 vs 2🔵
[22:08:56] ▶ Раунд W-533 начался
[22:09:28] ✅ W-533   🔴3 vs 1🔵
[22:09:34] ▶ Раунд W-534 начался
[22:10:06] ✅ W-534   🔴6 vs 5🔵
[22:10:12] ▶ Раунд W-535 начался
[22:10:44] ✅ W-535   🔴3 vs 5🔵

  ++++++++++++++++++++++++++++++++++
  🔵 НОВАЯ ПАРА!
  Синий — 5
  Длина цепочки: 9 раундов
  ++++++++++++++++++++++++++++++++++
     [W-527]  🔴1  vs  4🔵
     [W-528]  🔴5  vs  4🔵
     [W-529]  🔴3  vs  2🔵
     [W-530]  🔴1  vs  6🔵
     [W-531]  🔴5  vs  1🔵
     [W-532]  🔴2  vs  2🔵
     [W-533]  🔴3  vs  1🔵
     [W-534]  🔴6  vs  5🔵
     [W-535]  🔴3  vs  5🔵
  ++++++++++++++++++++++++++++++++++

[Telegram] Ошибка отправки сообщения в чат 1477129493: 403 Client Error: Forbidden for url: https://my-tg-proxy.iwantbunnygirl.workers.dev/bot8603609103:AAENi9LYuF8bXjwK9E1oZIIpG21UNZeZW5s/sendMessage
[Telegram] Ошибка отправки сообщения в чат 1329987939: 403 Client Error: Forbidden for url: https://my-tg-proxy.iwantbunnygirl.workers.dev/bot8603609103:AAENi9LYuF8bXjwK9E1oZIIpG21UNZeZW5s/sendMessage
[Telegram] Ошибка отправки сообщения в чат 705506250: 403 Client Error: Forbidden for url: https://my-tg-proxy.iwantbunnygirl.workers.dev/bot8603609103:AAENi9LYuF8bXjwK9E1oZIIpG21UNZeZW5s/sendMessage
[22:10:50] ▶ Раунд W-536 начался
[22:11:22] ✅ W-536   🔴1 vs 6🔵
[22:11:28] ▶ Раунд W-537 начался
[22:12:00] ✅ W-537   🔴2 vs 4🔵
[22:12:06] ▶ Раунд W-538 начался
[22:12:38] ✅ W-538   🔴4 vs 1🔵
[22:12:44] ▶ Раунд W-539 начался
[22:13:16] ✅ W-539   🔴5 vs 4🔵
[22:13:22] ▶ Раунд W-540 начался
[22:13:54] ✅ W-540   🔴3 vs 1🔵
[22:14:00] ▶ Раунд W-541 начался
[22:14:32] ✅ W-541   🔴3 vs 2🔵

  ++++++++++++++++++++++++++++++++++
  🔴 НОВАЯ ПАРА!
  Красный — 3
  Длина цепочки: 8 раундов
  ++++++++++++++++++++++++++++++++++
     [W-534]  🔴6  vs  5🔵
     [W-535]  🔴3  vs  5🔵
     [W-536]  🔴1  vs  6🔵
     [W-537]  🔴2  vs  4🔵
     [W-538]  🔴4  vs  1🔵
     [W-539]  🔴5  vs  4🔵
     [W-540]  🔴3  vs  1🔵
     [W-541]  🔴3  vs  2🔵
  ++++++++++++++++++++++++++++++++++

[Telegram] Ошибка отправки сообщения в чат 1477129493: 403 Client Error: Forbidden for url: https://my-tg-proxy.iwantbunnygirl.workers.dev/bot8603609103:AAENi9LYuF8bXjwK9E1oZIIpG21UNZeZW5s/sendMessage
[Telegram] Ошибка отправки сообщения в чат 1329987939: 403 Client Error: Forbidden for url: https://my-tg-proxy.iwantbunnygirl.workers.dev/bot8603609103:AAENi9LYuF8bXjwK9E1oZIIpG21UNZeZW5s/sendMessage
[Telegram] Ошибка отправки сообщения в чат 705506250: 403 Client Error: Forbidden for url: https://my-tg-proxy.iwantbunnygirl.workers.dev/bot8603609103:AAENi9LYuF8bXjwK9E1oZIIpG21UNZeZW5s/sendMessage
[22:14:38] ▶ Раунд W-542 начался
[22:15:10] ✅ W-542   🔴4 vs 5🔵
[22:15:16] ▶ Раунд W-543 начался
[22:15:48] ✅ W-543   🔴3 vs 1🔵
[22:15:54] ▶ Раунд W-544 начался
[22:16:26] ✅ W-544   🔴3 vs 5🔵

  ==================================
  🔴 ПОВТОР ПАРЫ!
  Красный — 3
  Длина серии: 5 раундов
  ==================================
     [W-540]  🔴3  vs  1🔵
     [W-541]  🔴3  vs  2🔵
     [W-542]  🔴4  vs  5🔵
     [W-543]  🔴3  vs  1🔵
     [W-544]  🔴3  vs  5🔵
  ==================================


  ++++++++++++++++++++++++++++++++++
  🔴 НОВАЯ ПАРА!
  Красный — 3
  Длина цепочки: 5 раундов
  ++++++++++++++++++++++++++++++++++
     [W-540]  🔴3  vs  1🔵
     [W-541]  🔴3  vs  2🔵
     [W-542]  🔴4  vs  5🔵
     [W-543]  🔴3  vs  1🔵
     [W-544]  🔴3  vs  5🔵
  ++++++++++++++++++++++++++++++++++

[Telegram] Ошибка отправки сообщения в чат 1477129493: 403 Client Error: Forbidden for url: https://my-tg-proxy.iwantbunnygirl.workers.dev/bot8603609103:AAENi9LYuF8bXjwK9E1oZIIpG21UNZeZW5s/sendMessage
[Telegram] Ошибка отправки сообщения в чат 1329987939: 403 Client Error: Forbidden for url: https://my-tg-proxy.iwantbunnygirl.workers.dev/bot8603609103:AAENi9LYuF8bXjwK9E1oZIIpG21UNZeZW5s/sendMessage
[Telegram] Ошибка отправки сообщения в чат 705506250: 403 Client Error: Forbidden for url: https://my-tg-proxy.iwantbunnygirl.workers.dev/bot8603609103:AAENi9LYuF8bXjwK9E1oZIIpG21UNZeZW5s/sendMessage
[22:16:32] ▶ Раунд W-545 начался
[22:17:04] ✅ W-545   🔴2 vs 4🔵
[22:17:10] ▶ Раунд W-546 начался
[22:17:42] ✅ W-546   🔴3 vs 2🔵
[22:17:48] ▶ Раунд W-547 начался
[22:18:20] ✅ W-547   🔴6 vs 4🔵
[22:18:26] ▶ Раунд W-548 начался
[22:18:58] ✅ W-548   🔴2 vs 5🔵
[22:19:04] ▶ Раунд W-549 начался
[22:19:36] ✅ W-549   🔴6 vs 1🔵
[22:19:42] ▶ Раунд W-550 начался
[22:20:14] ✅ W-550   🔴6 vs 5🔵

  ~~~~~~~~~~~~~~~~~~~~~~~~~~~~~~~~~~
  🎲 МНОГО ПОСЛЕДОВАТЕЛЬНОСТЕЙ!
  Найдено: 4
  🔵55, 🔴33, 🔴33, 🔴66
  ~~~~~~~~~~~~~~~~~~~~~~~~~~~~~~~~~~
  🔥 [W-534]  🔴6  vs  5🔵
  🔥 [W-535]  🔴3  vs  5🔵
     [W-536]  🔴1  vs  6🔵
     [W-537]  🔴2  vs  4🔵
     [W-538]  🔴4  vs  1🔵
     [W-539]  🔴5  vs  4🔵
  🔥 [W-540]  🔴3  vs  1🔵
  🔥 [W-541]  🔴3  vs  2🔵
     [W-542]  🔴4  vs  5🔵
  🔥 [W-543]  🔴3  vs  1🔵
  🔥 [W-544]  🔴3  vs  5🔵
     [W-545]  🔴2  vs  4🔵
     [W-546]  🔴3  vs  2🔵
     [W-547]  🔴6  vs  4🔵
     [W-548]  🔴2  vs  5🔵
  🔥 [W-549]  🔴6  vs  1🔵
  🔥 [W-550]  🔴6  vs  5🔵
  ~~~~~~~~~~~~~~~~~~~~~~~~~~~~~~~~~~

[Telegram] Ошибка отправки сообщения в чат 1477129493: 403 Client Error: Forbidden for url: https://my-tg-proxy.iwantbunnygirl.workers.dev/bot8603609103:AAENi9LYuF8bXjwK9E1oZIIpG21UNZeZW5s/sendMessage
[Telegram] Ошибка отправки сообщения в чат 1329987939: 403 Client Error: Forbidden for url: https://my-tg-proxy.iwantbunnygirl.workers.dev/bot8603609103:AAENi9LYuF8bXjwK9E1oZIIpG21UNZeZW5s/sendMessage
[Telegram] Ошибка отправки сообщения в чат 705506250: 403 Client Error: Forbidden for url: https://my-tg-proxy.iwantbunnygirl.workers.dev/bot8603609103:AAENi9LYuF8bXjwK9E1oZIIpG21UNZeZW5s/sendMessage

  ++++++++++++++++++++++++++++++++++
  🔴 НОВАЯ ПАРА!
  Красный — 6
  Длина цепочки: 8 раундов
  ++++++++++++++++++++++++++++++++++
     [W-543]  🔴3  vs  1🔵
     [W-544]  🔴3  vs  5🔵
     [W-545]  🔴2  vs  4🔵
     [W-546]  🔴3  vs  2🔵
     [W-547]  🔴6  vs  4🔵
     [W-548]  🔴2  vs  5🔵
     [W-549]  🔴6  vs  1🔵
     [W-550]  🔴6  vs  5🔵
  ++++++++++++++++++++++++++++++++++

[Telegram] Ошибка отправки сообщения в чат 1477129493: 403 Client Error: Forbidden for url: https://my-tg-proxy.iwantbunnygirl.workers.dev/bot8603609103:AAENi9LYuF8bXjwK9E1oZIIpG21UNZeZW5s/sendMessage
[Telegram] Ошибка отправки сообщения в чат 1329987939: 403 Client Error: Forbidden for url: https://my-tg-proxy.iwantbunnygirl.workers.dev/bot8603609103:AAENi9LYuF8bXjwK9E1oZIIpG21UNZeZW5s/sendMessage
[Telegram] Ошибка отправки сообщения в чат 705506250: 403 Client Error: Forbidden for url: https://my-tg-proxy.iwantbunnygirl.workers.dev/bot8603609103:AAENi9LYuF8bXjwK9E1oZIIpG21UNZeZW5s/sendMessage
[22:20:20] ▶ Раунд W-551 начался
[22:20:52] ✅ W-551   🔴2 vs 2🔵

  ##################################
  🔴 XOX-ПАТТЕРН!
  Красный — 2
  Шаблон: xooxoox
  ##################################
  🎯 [W-545]  🔴2  vs  4🔵
     [W-546]  🔴3  vs  2🔵
     [W-547]  🔴6  vs  4🔵
  🎯 [W-548]  🔴2  vs  5🔵
     [W-549]  🔴6  vs  1🔵
     [W-550]  🔴6  vs  5🔵
  🎯 [W-551]  🔴2  vs  2🔵
  ##################################


  ##################################
  🔵 XOX-ПАТТЕРН!
  Синий — 2
  Шаблон: xooooxoooox
  ##################################
  🎯 [W-541]  🔴3  vs  2🔵
     [W-542]  🔴4  vs  5🔵
     [W-543]  🔴3  vs  1🔵
     [W-544]  🔴3  vs  5🔵
     [W-545]  🔴2  vs  4🔵
  🎯 [W-546]  🔴3  vs  2🔵
     [W-547]  🔴6  vs  4🔵
     [W-548]  🔴2  vs  5🔵
     [W-549]  🔴6  vs  1🔵
     [W-550]  🔴6  vs  5🔵
  🎯 [W-551]  🔴2  vs  2🔵
  ##################################

[22:20:58] ▶ Раунд W-552 начался
[22:21:30] ✅ W-552   🔴4 vs 2🔵

  ++++++++++++++++++++++++++++++++++
  🔵 НОВАЯ ПАРА!
  Синий — 2
  Длина цепочки: 4 раундов
  ++++++++++++++++++++++++++++++++++
     [W-549]  🔴6  vs  1🔵
     [W-550]  🔴6  vs  5🔵
     [W-551]  🔴2  vs  2🔵
     [W-552]  🔴4  vs  2🔵
  ++++++++++++++++++++++++++++++++++

[Telegram] Ошибка отправки сообщения в чат 1477129493: 403 Client Error: Forbidden for url: https://my-tg-proxy.iwantbunnygirl.workers.dev/bot8603609103:AAENi9LYuF8bXjwK9E1oZIIpG21UNZeZW5s/sendMessage
[Telegram] Ошибка отправки сообщения в чат 1329987939: 403 Client Error: Forbidden for url: https://my-tg-proxy.iwantbunnygirl.workers.dev/bot8603609103:AAENi9LYuF8bXjwK9E1oZIIpG21UNZeZW5s/sendMessage
[Telegram] Ошибка отправки сообщения в чат 705506250: 403 Client Error: Forbidden for url: https://my-tg-proxy.iwantbunnygirl.workers.dev/bot8603609103:AAENi9LYuF8bXjwK9E1oZIIpG21UNZeZW5s/sendMessage
[22:21:36] ▶ Раунд W-553 начался
[22:22:08] ✅ W-553   🔴3 vs 2🔵
[22:22:14] ▶ Раунд W-554 начался
[22:22:46] ✅ W-554   🔴1 vs 2🔵

  ──────────────────────────────────
  🔵 ПАТТЕРН!
  Синий — 2
  четыре подряд подряд
  ──────────────────────────────────
  ⬅️ [W-549]  🔴6  vs  1🔵
  ⬅️ [W-550]  🔴6  vs  5🔵
  🔥 [W-551]  🔴2  vs  2🔵
  🔥 [W-552]  🔴4  vs  2🔵
  🔥 [W-553]  🔴3  vs  2🔵
  🔥 [W-554]  🔴1  vs  2🔵
  ──────────────────────────────────

[22:22:52] ▶ Раунд W-555 начался
[22:23:24] ✅ W-555   🔴1 vs 6🔵

  ++++++++++++++++++++++++++++++++++
  🔴 НОВАЯ ПАРА!
  Красный — 1
  Длина цепочки: 5 раундов
  ++++++++++++++++++++++++++++++++++
     [W-551]  🔴2  vs  2🔵
     [W-552]  🔴4  vs  2🔵
     [W-553]  🔴3  vs  2🔵
     [W-554]  🔴1  vs  2🔵
     [W-555]  🔴1  vs  6🔵
  ++++++++++++++++++++++++++++++++++

[Telegram] Ошибка отправки сообщения в чат 1477129493: 403 Client Error: Forbidden for url: https://my-tg-proxy.iwantbunnygirl.workers.dev/bot8603609103:AAENi9LYuF8bXjwK9E1oZIIpG21UNZeZW5s/sendMessage
[Telegram] Ошибка отправки сообщения в чат 1329987939: 403 Client Error: Forbidden for url: https://my-tg-proxy.iwantbunnygirl.workers.dev/bot8603609103:AAENi9LYuF8bXjwK9E1oZIIpG21UNZeZW5s/sendMessage
[Telegram] Ошибка отправки сообщения в чат 705506250: 403 Client Error: Forbidden for url: https://my-tg-proxy.iwantbunnygirl.workers.dev/bot8603609103:AAENi9LYuF8bXjwK9E1oZIIpG21UNZeZW5s/sendMessage
[22:23:30] ▶ Раунд W-556 начался
[22:24:02] ✅ W-556   🔴3 vs 5🔵

  ··································
  📊 СТАТИСТИКА!
  Синий — 2
  четыре подряд подряд
  ··································
  ⬅️ [W-549]  🔴6  vs  1🔵
  ⬅️ [W-550]  🔴6  vs  5🔵
  🔥 [W-551]  🔴2  vs  2🔵
  🔥 [W-552]  🔴4  vs  2🔵
  🔥 [W-553]  🔴3  vs  2🔵
  🔥 [W-554]  🔴1  vs  2🔵
  🆕 [W-555]  🔴1  vs  6🔵
  🆕 [W-556]  🔴3  vs  5🔵
  ··································

[22:24:08] ▶ Раунд W-557 начался
[22:24:40] ✅ W-557   🔴5 vs 1🔵
[22:24:46] ▶ Раунд W-558 начался
[22:25:18] ✅ W-558   🔴3 vs 6🔵
[22:25:24] ▶ Раунд W-559 начался
[22:25:56] ✅ W-559   🔴5 vs 6🔵

  ++++++++++++++++++++++++++++++++++
  🔵 НОВАЯ ПАРА!
  Синий — 6
  Длина цепочки: 6 раундов
  ++++++++++++++++++++++++++++++++++
     [W-554]  🔴1  vs  2🔵
     [W-555]  🔴1  vs  6🔵
     [W-556]  🔴3  vs  5🔵
     [W-557]  🔴5  vs  1🔵
     [W-558]  🔴3  vs  6🔵
     [W-559]  🔴5  vs  6🔵
  ++++++++++++++++++++++++++++++++++

[Telegram] Ошибка отправки сообщения в чат 1477129493: 403 Client Error: Forbidden for url: https://my-tg-proxy.iwantbunnygirl.workers.dev/bot8603609103:AAENi9LYuF8bXjwK9E1oZIIpG21UNZeZW5s/sendMessage
[Telegram] Ошибка отправки сообщения в чат 1329987939: 403 Client Error: Forbidden for url: https://my-tg-proxy.iwantbunnygirl.workers.dev/bot8603609103:AAENi9LYuF8bXjwK9E1oZIIpG21UNZeZW5s/sendMessage
[Telegram] Ошибка отправки сообщения в чат 705506250: 403 Client Error: Forbidden for url: https://my-tg-proxy.iwantbunnygirl.workers.dev/bot8603609103:AAENi9LYuF8bXjwK9E1oZIIpG21UNZeZW5s/sendMessage
[22:26:02] ▶ Раунд W-560 начался
[22:26:34] ✅ W-560   🔴4 vs 5🔵
[22:26:40] ▶ Раунд W-561 начался
[22:27:12] ✅ W-561   🔴1 vs 3🔵
[22:27:18] ▶ Раунд W-562 начался
[22:27:50] ✅ W-562   🔴5 vs 3🔵

  ~~~~~~~~~~~~~~~~~~~~~~~~~~~~~~~~~~
  🎲 МНОГО ПОСЛЕДОВАТЕЛЬНОСТЕЙ!
  Найдено: 4
  🔵22, 🔴11, 🔵66, 🔵33
  ~~~~~~~~~~~~~~~~~~~~~~~~~~~~~~~~~~
  🔥 [W-551]  🔴2  vs  2🔵
  🔥 [W-552]  🔴4  vs  2🔵
     [W-553]  🔴3  vs  2🔵
  🔥 [W-554]  🔴1  vs  2🔵
  🔥 [W-555]  🔴1  vs  6🔵
     [W-556]  🔴3  vs  5🔵
     [W-557]  🔴5  vs  1🔵
  🔥 [W-558]  🔴3  vs  6🔵
  🔥 [W-559]  🔴5  vs  6🔵
     [W-560]  🔴4  vs  5🔵
  🔥 [W-561]  🔴1  vs  3🔵
  🔥 [W-562]  🔴5  vs  3🔵
  ~~~~~~~~~~~~~~~~~~~~~~~~~~~~~~~~~~

[Telegram] Ошибка отправки сообщения в чат 1477129493: 403 Client Error: Forbidden for url: https://my-tg-proxy.iwantbunnygirl.workers.dev/bot8603609103:AAENi9LYuF8bXjwK9E1oZIIpG21UNZeZW5s/sendMessage
[Telegram] Ошибка отправки сообщения в чат 1329987939: 403 Client Error: Forbidden for url: https://my-tg-proxy.iwantbunnygirl.workers.dev/bot8603609103:AAENi9LYuF8bXjwK9E1oZIIpG21UNZeZW5s/sendMessage
[Telegram] Ошибка отправки сообщения в чат 705506250: 403 Client Error: Forbidden for url: https://my-tg-proxy.iwantbunnygirl.workers.dev/bot8603609103:AAENi9LYuF8bXjwK9E1oZIIpG21UNZeZW5s/sendMessage

  ++++++++++++++++++++++++++++++++++
  🔵 НОВАЯ ПАРА!
  Синий — 3
  Длина цепочки: 5 раундов
  ++++++++++++++++++++++++++++++++++
     [W-558]  🔴3  vs  6🔵
     [W-559]  🔴5  vs  6🔵
     [W-560]  🔴4  vs  5🔵
     [W-561]  🔴1  vs  3🔵
     [W-562]  🔴5  vs  3🔵
  ++++++++++++++++++++++++++++++++++

[Telegram] Ошибка отправки сообщения в чат 1477129493: 403 Client Error: Forbidden for url: https://my-tg-proxy.iwantbunnygirl.workers.dev/bot8603609103:AAENi9LYuF8bXjwK9E1oZIIpG21UNZeZW5s/sendMessage
[Telegram] Ошибка отправки сообщения в чат 1329987939: 403 Client Error: Forbidden for url: https://my-tg-proxy.iwantbunnygirl.workers.dev/bot8603609103:AAENi9LYuF8bXjwK9E1oZIIpG21UNZeZW5s/sendMessage
[Telegram] Ошибка отправки сообщения в чат 705506250: 403 Client Error: Forbidden for url: https://my-tg-proxy.iwantbunnygirl.workers.dev/bot8603609103:AAENi9LYuF8bXjwK9E1oZIIpG21UNZeZW5s/sendMessage
[22:27:56] ▶ Раунд W-563 начался
[22:28:28] ✅ W-563   🔴5 vs 1🔵
[22:28:34] ▶ Раунд W-564 начался
[22:29:06] ✅ W-564   🔴4 vs 6🔵
[22:29:12] ▶ Раунд W-565 начался
[22:29:44] ✅ W-565   🔴6 vs 4🔵
[22:29:50] ▶ Раунд W-566 начался
[22:30:22] ✅ W-566   🔴6 vs 1🔵

  ++++++++++++++++++++++++++++++++++
  🔴 НОВАЯ ПАРА!
  Красный — 6
  Длина цепочки: 6 раундов
  ++++++++++++++++++++++++++++++++++
     [W-561]  🔴1  vs  3🔵
     [W-562]  🔴5  vs  3🔵
     [W-563]  🔴5  vs  1🔵
     [W-564]  🔴4  vs  6🔵
     [W-565]  🔴6  vs  4🔵
     [W-566]  🔴6  vs  1🔵
  ++++++++++++++++++++++++++++++++++

[Telegram] Ошибка отправки сообщения в чат 1477129493: 403 Client Error: Forbidden for url: https://my-tg-proxy.iwantbunnygirl.workers.dev/bot8603609103:AAENi9LYuF8bXjwK9E1oZIIpG21UNZeZW5s/sendMessage
[Telegram] Ошибка отправки сообщения в чат 1329987939: 403 Client Error: Forbidden for url: https://my-tg-proxy.iwantbunnygirl.workers.dev/bot8603609103:AAENi9LYuF8bXjwK9E1oZIIpG21UNZeZW5s/sendMessage
[Telegram] Ошибка отправки сообщения в чат 705506250: 403 Client Error: Forbidden for url: https://my-tg-proxy.iwantbunnygirl.workers.dev/bot8603609103:AAENi9LYuF8bXjwK9E1oZIIpG21UNZeZW5s/sendMessage
[22:30:28] ▶ Раунд W-567 начался
[22:31:00] ✅ W-567   🔴1 vs 2🔵

  ##################################
  🔴 XOX-ПАТТЕРН!
  Красный — 1
  Шаблон: xoooooxooooox
  ##################################
  🎯 [W-555]  🔴1  vs  6🔵
     [W-556]  🔴3  vs  5🔵
     [W-557]  🔴5  vs  1🔵
     [W-558]  🔴3  vs  6🔵
     [W-559]  🔴5  vs  6🔵
     [W-560]  🔴4  vs  5🔵
  🎯 [W-561]  🔴1  vs  3🔵
     [W-562]  🔴5  vs  3🔵
     [W-563]  🔴5  vs  1🔵
     [W-564]  🔴4  vs  6🔵
     [W-565]  🔴6  vs  4🔵
     [W-566]  🔴6  vs  1🔵
  🎯 [W-567]  🔴1  vs  2🔵
  ##################################

[22:31:06] ▶ Раунд W-568 начался
[22:31:38] ✅ W-568   🔴4 vs 5🔵

  ##################################
  🔴 XOX-ПАТТЕРН!
  Красный — 4
  Шаблон: xoooxooox
  ##################################
  🎯 [W-560]  🔴4  vs  5🔵
     [W-561]  🔴1  vs  3🔵
     [W-562]  🔴5  vs  3🔵
     [W-563]  🔴5  vs  1🔵
  🎯 [W-564]  🔴4  vs  6🔵
     [W-565]  🔴6  vs  4🔵
     [W-566]  🔴6  vs  1🔵
     [W-567]  🔴1  vs  2🔵
  🎯 [W-568]  🔴4  vs  5🔵
  ##################################

[22:31:44] ▶ Раунд W-569 начался
[22:32:16] ✅ W-569   🔴6 vs 5🔵

  ++++++++++++++++++++++++++++++++++
  🔵 НОВАЯ ПАРА!
  Синий — 5
  Длина цепочки: 5 раундов
  ++++++++++++++++++++++++++++++++++
     [W-565]  🔴6  vs  4🔵
     [W-566]  🔴6  vs  1🔵
     [W-567]  🔴1  vs  2🔵
     [W-568]  🔴4  vs  5🔵
     [W-569]  🔴6  vs  5🔵
  ++++++++++++++++++++++++++++++++++

[Telegram] Ошибка отправки сообщения в чат 1477129493: 403 Client Error: Forbidden for url: https://my-tg-proxy.iwantbunnygirl.workers.dev/bot8603609103:AAENi9LYuF8bXjwK9E1oZIIpG21UNZeZW5s/sendMessage
[Telegram] Ошибка отправки сообщения в чат 1329987939: 403 Client Error: Forbidden for url: https://my-tg-proxy.iwantbunnygirl.workers.dev/bot8603609103:AAENi9LYuF8bXjwK9E1oZIIpG21UNZeZW5s/sendMessage
[Telegram] Ошибка отправки сообщения в чат 705506250: 403 Client Error: Forbidden for url: https://my-tg-proxy.iwantbunnygirl.workers.dev/bot8603609103:AAENi9LYuF8bXjwK9E1oZIIpG21UNZeZW5s/sendMessage
[22:32:22] ▶ Раунд W-570 начался
[22:32:54] ✅ W-570   🔴5 vs 6🔵
[22:33:00] ▶ Раунд W-571 начался
[22:33:32] ✅ W-571   🔴1 vs 2🔵
[22:33:38] ▶ Раунд W-572 начался
[22:34:10] ✅ W-572   🔴1 vs 3🔵

  ~~~~~~~~~~~~~~~~~~~~~~~~~~~~~~~~~~
  🎲 МНОГО ПОСЛЕДОВАТЕЛЬНОСТЕЙ!
  Найдено: 4
  🔴55, 🔴66, 🔵55, 🔴11
  ~~~~~~~~~~~~~~~~~~~~~~~~~~~~~~~~~~
  🔥 [W-562]  🔴5  vs  3🔵
  🔥 [W-563]  🔴5  vs  1🔵
     [W-564]  🔴4  vs  6🔵
  🔥 [W-565]  🔴6  vs  4🔵
  🔥 [W-566]  🔴6  vs  1🔵
     [W-567]  🔴1  vs  2🔵
  🔥 [W-568]  🔴4  vs  5🔵
  🔥 [W-569]  🔴6  vs  5🔵
     [W-570]  🔴5  vs  6🔵
  🔥 [W-571]  🔴1  vs  2🔵
  🔥 [W-572]  🔴1  vs  3🔵
  ~~~~~~~~~~~~~~~~~~~~~~~~~~~~~~~~~~

[Telegram] Ошибка отправки сообщения в чат 1477129493: 403 Client Error: Forbidden for url: https://my-tg-proxy.iwantbunnygirl.workers.dev/bot8603609103:AAENi9LYuF8bXjwK9E1oZIIpG21UNZeZW5s/sendMessage
[Telegram] Ошибка отправки сообщения в чат 1329987939: 403 Client Error: Forbidden for url: https://my-tg-proxy.iwantbunnygirl.workers.dev/bot8603609103:AAENi9LYuF8bXjwK9E1oZIIpG21UNZeZW5s/sendMessage
[Telegram] Ошибка отправки сообщения в чат 705506250: 403 Client Error: Forbidden for url: https://my-tg-proxy.iwantbunnygirl.workers.dev/bot8603609103:AAENi9LYuF8bXjwK9E1oZIIpG21UNZeZW5s/sendMessage

  ++++++++++++++++++++++++++++++++++
  🔴 НОВАЯ ПАРА!
  Красный — 1
  Длина цепочки: 5 раундов
  ++++++++++++++++++++++++++++++++++
     [W-568]  🔴4  vs  5🔵
     [W-569]  🔴6  vs  5🔵
     [W-570]  🔴5  vs  6🔵
     [W-571]  🔴1  vs  2🔵
     [W-572]  🔴1  vs  3🔵
  ++++++++++++++++++++++++++++++++++

[Telegram] Ошибка отправки сообщения в чат 1477129493: 403 Client Error: Forbidden for url: https://my-tg-proxy.iwantbunnygirl.workers.dev/bot8603609103:AAENi9LYuF8bXjwK9E1oZIIpG21UNZeZW5s/sendMessage
[Telegram] Ошибка отправки сообщения в чат 1329987939: 403 Client Error: Forbidden for url: https://my-tg-proxy.iwantbunnygirl.workers.dev/bot8603609103:AAENi9LYuF8bXjwK9E1oZIIpG21UNZeZW5s/sendMessage
[Telegram] Ошибка отправки сообщения в чат 705506250: 403 Client Error: Forbidden for url: https://my-tg-proxy.iwantbunnygirl.workers.dev/bot8603609103:AAENi9LYuF8bXjwK9E1oZIIpG21UNZeZW5s/sendMessage
[22:34:16] ▶ Раунд W-573 начался
[22:34:48] ✅ W-573   🔴4 vs 1🔵
[22:34:54] ▶ Раунд W-574 начался
[22:35:26] ✅ W-574   🔴5 vs 4🔵
[22:35:32] ▶ Раунд W-575 начался
[22:36:04] ✅ W-575   🔴4 vs 3🔵
[22:36:10] ▶ Раунд W-576 начался
[22:36:48] ▶ Раунд W-577 начался
[22:37:20] ✅ W-577   🔴6 vs 1🔵
[22:37:26] ▶ Раунд W-578 начался
[22:37:58] ✅ W-578   🔴4 vs 2🔵

  ##################################
  🔴 XOX-ПАТТЕРН!
  Красный — 4
  Шаблон: xoxox
  ##################################
  🎯 [W-573]  🔴4  vs  1🔵
     [W-574]  🔴5  vs  4🔵
  🎯 [W-575]  🔴4  vs  3🔵
     [W-577]  🔴6  vs  1🔵
  🎯 [W-578]  🔴4  vs  2🔵
  ##################################

[22:38:04] ▶ Раунд W-579 начался
[22:38:36] ✅ W-579   🔴1 vs 3🔵

  ##################################
  🔵 XOX-ПАТТЕРН!
  Синий — 3
  Шаблон: xooxoox
  ##################################
  🎯 [W-572]  🔴1  vs  3🔵
     [W-573]  🔴4  vs  1🔵
     [W-574]  🔴5  vs  4🔵
  🎯 [W-575]  🔴4  vs  3🔵
     [W-577]  🔴6  vs  1🔵
     [W-578]  🔴4  vs  2🔵
  🎯 [W-579]  🔴1  vs  3🔵
  ##################################

[22:38:42] ▶ Раунд W-580 начался
[22:39:14] ✅ W-580   🔴1 vs 1🔵

  ==================================
  🔴 ПОВТОР ПАРЫ!
  Красный — 1
  Длина серии: 9 раундов
  ==================================
     [W-571]  🔴1  vs  2🔵
     [W-572]  🔴1  vs  3🔵
     [W-573]  🔴4  vs  1🔵
     [W-574]  🔴5  vs  4🔵
     [W-575]  🔴4  vs  3🔵
     [W-577]  🔴6  vs  1🔵
     [W-578]  🔴4  vs  2🔵
     [W-579]  🔴1  vs  3🔵
     [W-580]  🔴1  vs  1🔵
  ==================================


  ##################################
  🔵 XOX-ПАТТЕРН!
  Синий — 1
  Шаблон: xooxoox
  ##################################
  🎯 [W-573]  🔴4  vs  1🔵
     [W-574]  🔴5  vs  4🔵
     [W-575]  🔴4  vs  3🔵
  🎯 [W-577]  🔴6  vs  1🔵
     [W-578]  🔴4  vs  2🔵
     [W-579]  🔴1  vs  3🔵
  🎯 [W-580]  🔴1  vs  1🔵
  ##################################


  ++++++++++++++++++++++++++++++++++
  🔴 НОВАЯ ПАРА!
  Красный — 1
  Длина цепочки: 9 раундов
  ++++++++++++++++++++++++++++++++++
     [W-571]  🔴1  vs  2🔵
     [W-572]  🔴1  vs  3🔵
     [W-573]  🔴4  vs  1🔵
     [W-574]  🔴5  vs  4🔵
     [W-575]  🔴4  vs  3🔵
     [W-577]  🔴6  vs  1🔵
     [W-578]  🔴4  vs  2🔵
     [W-579]  🔴1  vs  3🔵
     [W-580]  🔴1  vs  1🔵
  ++++++++++++++++++++++++++++++++++

[Telegram] Ошибка отправки сообщения в чат 1477129493: 403 Client Error: Forbidden for url: https://my-tg-proxy.iwantbunnygirl.workers.dev/bot8603609103:AAENi9LYuF8bXjwK9E1oZIIpG21UNZeZW5s/sendMessage
[Telegram] Ошибка отправки сообщения в чат 1329987939: 403 Client Error: Forbidden for url: https://my-tg-proxy.iwantbunnygirl.workers.dev/bot8603609103:AAENi9LYuF8bXjwK9E1oZIIpG21UNZeZW5s/sendMessage
[Telegram] Ошибка отправки сообщения в чат 705506250: 403 Client Error: Forbidden for url: https://my-tg-proxy.iwantbunnygirl.workers.dev/bot8603609103:AAENi9LYuF8bXjwK9E1oZIIpG21UNZeZW5s/sendMessage
[22:39:20] ▶ Раунд W-581 начался
[22:39:52] ✅ W-581   🔴3 vs 3🔵
[22:39:58] ▶ Раунд W-582 начался
[22:40:30] ✅ W-582   🔴3 vs 4🔵

  ++++++++++++++++++++++++++++++++++
  🔴 НОВАЯ ПАРА!
  Красный — 3
  Длина цепочки: 4 раундов
  ++++++++++++++++++++++++++++++++++
     [W-579]  🔴1  vs  3🔵
     [W-580]  🔴1  vs  1🔵
     [W-581]  🔴3  vs  3🔵
     [W-582]  🔴3  vs  4🔵
  ++++++++++++++++++++++++++++++++++

[Telegram] Ошибка отправки сообщения в чат 1477129493: 403 Client Error: Forbidden for url: https://my-tg-proxy.iwantbunnygirl.workers.dev/bot8603609103:AAENi9LYuF8bXjwK9E1oZIIpG21UNZeZW5s/sendMessage
[Telegram] Ошибка отправки сообщения в чат 1329987939: 403 Client Error: Forbidden for url: https://my-tg-proxy.iwantbunnygirl.workers.dev/bot8603609103:AAENi9LYuF8bXjwK9E1oZIIpG21UNZeZW5s/sendMessage
[Telegram] Ошибка отправки сообщения в чат 705506250: 403 Client Error: Forbidden for url: https://my-tg-proxy.iwantbunnygirl.workers.dev/bot8603609103:AAENi9LYuF8bXjwK9E1oZIIpG21UNZeZW5s/sendMessage
[22:40:36] ▶ Раунд W-583 начался
[22:41:08] ✅ W-583   🔴2 vs 3🔵

  ##################################
  🔵 XOX-ПАТТЕРН!
  Синий — 3
  Шаблон: xoxox
  ##################################
  🎯 [W-579]  🔴1  vs  3🔵
     [W-580]  🔴1  vs  1🔵
  🎯 [W-581]  🔴3  vs  3🔵
     [W-582]  🔴3  vs  4🔵
  🎯 [W-583]  🔴2  vs  3🔵
  ##################################

[22:41:14] ▶ Раунд W-584 начался
[22:41:46] ✅ W-584   🔴3 vs 1🔵
[22:41:52] ▶ Раунд W-585 начался
[22:42:24] ✅ W-585   🔴3 vs 6🔵

  ==================================
  🔴 ПОВТОР ПАРЫ!
  Красный — 3
  Длина серии: 5 раундов
  ==================================
     [W-581]  🔴3  vs  3🔵
     [W-582]  🔴3  vs  4🔵
     [W-583]  🔴2  vs  3🔵
     [W-584]  🔴3  vs  1🔵
     [W-585]  🔴3  vs  6🔵
  ==================================


  ++++++++++++++++++++++++++++++++++
  🔴 НОВАЯ ПАРА!
  Красный — 3
  Длина цепочки: 5 раундов
  ++++++++++++++++++++++++++++++++++
     [W-581]  🔴3  vs  3🔵
     [W-582]  🔴3  vs  4🔵
     [W-583]  🔴2  vs  3🔵
     [W-584]  🔴3  vs  1🔵
     [W-585]  🔴3  vs  6🔵
  ++++++++++++++++++++++++++++++++++

[Telegram] Ошибка отправки сообщения в чат 1477129493: 403 Client Error: Forbidden for url: https://my-tg-proxy.iwantbunnygirl.workers.dev/bot8603609103:AAENi9LYuF8bXjwK9E1oZIIpG21UNZeZW5s/sendMessage
[Telegram] Ошибка отправки сообщения в чат 1329987939: 403 Client Error: Forbidden for url: https://my-tg-proxy.iwantbunnygirl.workers.dev/bot8603609103:AAENi9LYuF8bXjwK9E1oZIIpG21UNZeZW5s/sendMessage
[Telegram] Ошибка отправки сообщения в чат 705506250: 403 Client Error: Forbidden for url: https://my-tg-proxy.iwantbunnygirl.workers.dev/bot8603609103:AAENi9LYuF8bXjwK9E1oZIIpG21UNZeZW5s/sendMessage
[22:42:30] ▶ Раунд W-586 начался
[22:43:02] ✅ W-586   🔴5 vs 6🔵

  ~~~~~~~~~~~~~~~~~~~~~~~~~~~~~~~~~~
  🎲 МНОГО ПОСЛЕДОВАТЕЛЬНОСТЕЙ!
  Найдено: 4
  🔴11, 🔴33, 🔴33, 🔵66
  ~~~~~~~~~~~~~~~~~~~~~~~~~~~~~~~~~~
  🔥 [W-579]  🔴1  vs  3🔵
  🔥 [W-580]  🔴1  vs  1🔵
  🔥 [W-581]  🔴3  vs  3🔵
  🔥 [W-582]  🔴3  vs  4🔵
     [W-583]  🔴2  vs  3🔵
  🔥 [W-584]  🔴3  vs  1🔵
  🔥 [W-585]  🔴3  vs  6🔵
  🔥 [W-586]  🔴5  vs  6🔵
  ~~~~~~~~~~~~~~~~~~~~~~~~~~~~~~~~~~

[Telegram] Ошибка отправки сообщения в чат 1477129493: 403 Client Error: Forbidden for url: https://my-tg-proxy.iwantbunnygirl.workers.dev/bot8603609103:AAENi9LYuF8bXjwK9E1oZIIpG21UNZeZW5s/sendMessage
[Telegram] Ошибка отправки сообщения в чат 1329987939: 403 Client Error: Forbidden for url: https://my-tg-proxy.iwantbunnygirl.workers.dev/bot8603609103:AAENi9LYuF8bXjwK9E1oZIIpG21UNZeZW5s/sendMessage
[Telegram] Ошибка отправки сообщения в чат 705506250: 403 Client Error: Forbidden for url: https://my-tg-proxy.iwantbunnygirl.workers.dev/bot8603609103:AAENi9LYuF8bXjwK9E1oZIIpG21UNZeZW5s/sendMessage
[22:43:08] ▶ Раунд W-587 начался
[22:43:40] ✅ W-587   🔴2 vs 6🔵
[22:43:46] ▶ Раунд W-588 начался
[22:44:18] ✅ W-588   🔴1 vs 2🔵
[22:44:24] ▶ Раунд W-589 начался
[22:44:56] ✅ W-589   🔴4 vs 1🔵
[22:45:02] ▶ Раунд W-590 начался
[22:45:34] ✅ W-590   🔴1 vs 2🔵
[22:45:40] ▶ Раунд W-591 начался
[22:46:12] ✅ W-591   🔴1 vs 5🔵

  ++++++++++++++++++++++++++++++++++
  🔴 НОВАЯ ПАРА!
  Красный — 1
  Длина цепочки: 8 раундов
  ++++++++++++++++++++++++++++++++++
     [W-584]  🔴3  vs  1🔵
     [W-585]  🔴3  vs  6🔵
     [W-586]  🔴5  vs  6🔵
     [W-587]  🔴2  vs  6🔵
     [W-588]  🔴1  vs  2🔵
     [W-589]  🔴4  vs  1🔵
     [W-590]  🔴1  vs  2🔵
     [W-591]  🔴1  vs  5🔵
  ++++++++++++++++++++++++++++++++++

[Telegram] Ошибка отправки сообщения в чат 1477129493: 403 Client Error: Forbidden for url: https://my-tg-proxy.iwantbunnygirl.workers.dev/bot8603609103:AAENi9LYuF8bXjwK9E1oZIIpG21UNZeZW5s/sendMessage
[Telegram] Ошибка отправки сообщения в чат 1329987939: 403 Client Error: Forbidden for url: https://my-tg-proxy.iwantbunnygirl.workers.dev/bot8603609103:AAENi9LYuF8bXjwK9E1oZIIpG21UNZeZW5s/sendMessage
[Telegram] Ошибка отправки сообщения в чат 705506250: 403 Client Error: Forbidden for url: https://my-tg-proxy.iwantbunnygirl.workers.dev/bot8603609103:AAENi9LYuF8bXjwK9E1oZIIpG21UNZeZW5s/sendMessage
[22:46:18] ▶ Раунд W-592 начался
[22:46:50] ✅ W-592   🔴4 vs 1🔵
[22:46:56] ▶ Раунд W-593 начался
[22:47:28] ✅ W-593   🔴6 vs 4🔵
[22:47:34] ▶ Раунд W-594 начался
[22:48:06] ✅ W-594   🔴5 vs 3🔵
[22:48:12] ▶ Раунд W-595 начался
[22:48:44] ✅ W-595   🔴5 vs 6🔵

  ++++++++++++++++++++++++++++++++++
  🔴 НОВАЯ ПАРА!
  Красный — 5
  Длина цепочки: 6 раундов
  ++++++++++++++++++++++++++++++++++
     [W-590]  🔴1  vs  2🔵
     [W-591]  🔴1  vs  5🔵
     [W-592]  🔴4  vs  1🔵
     [W-593]  🔴6  vs  4🔵
     [W-594]  🔴5  vs  3🔵
     [W-595]  🔴5  vs  6🔵
  ++++++++++++++++++++++++++++++++++

[Telegram] Ошибка отправки сообщения в чат 1477129493: 403 Client Error: Forbidden for url: https://my-tg-proxy.iwantbunnygirl.workers.dev/bot8603609103:AAENi9LYuF8bXjwK9E1oZIIpG21UNZeZW5s/sendMessage
[Telegram] Ошибка отправки сообщения в чат 1329987939: 403 Client Error: Forbidden for url: https://my-tg-proxy.iwantbunnygirl.workers.dev/bot8603609103:AAENi9LYuF8bXjwK9E1oZIIpG21UNZeZW5s/sendMessage
[Telegram] Ошибка отправки сообщения в чат 705506250: 403 Client Error: Forbidden for url: https://my-tg-proxy.iwantbunnygirl.workers.dev/bot8603609103:AAENi9LYuF8bXjwK9E1oZIIpG21UNZeZW5s/sendMessage
[22:48:50] ▶ Раунд W-596 начался
[22:49:22] ✅ W-596   🔴2 vs 4🔵
[22:49:28] ▶ Раунд W-597 начался
[22:50:00] ✅ W-597   🔴4 vs 6🔵
[22:50:06] ▶ Раунд W-598 начался
[22:50:38] ✅ W-598   🔴4 vs 2🔵

  ++++++++++++++++++++++++++++++++++
  🔴 НОВАЯ ПАРА!
  Красный — 4
  Длина цепочки: 5 раундов
  ++++++++++++++++++++++++++++++++++
     [W-594]  🔴5  vs  3🔵
     [W-595]  🔴5  vs  6🔵
     [W-596]  🔴2  vs  4🔵
     [W-597]  🔴4  vs  6🔵
     [W-598]  🔴4  vs  2🔵
  ++++++++++++++++++++++++++++++++++

[Telegram] Ошибка отправки сообщения в чат 1477129493: 403 Client Error: Forbidden for url: https://my-tg-proxy.iwantbunnygirl.workers.dev/bot8603609103:AAENi9LYuF8bXjwK9E1oZIIpG21UNZeZW5s/sendMessage
[Telegram] Ошибка отправки сообщения в чат 1329987939: 403 Client Error: Forbidden for url: https://my-tg-proxy.iwantbunnygirl.workers.dev/bot8603609103:AAENi9LYuF8bXjwK9E1oZIIpG21UNZeZW5s/sendMessage
[Telegram] Ошибка отправки сообщения в чат 705506250: 403 Client Error: Forbidden for url: https://my-tg-proxy.iwantbunnygirl.workers.dev/bot8603609103:AAENi9LYuF8bXjwK9E1oZIIpG21UNZeZW5s/sendMessage
[22:50:44] ▶ Раунд W-599 начался
[22:51:16] ✅ W-599   🔴4 vs 3🔵
[22:51:22] ▶ Раунд W-600 начался
[22:51:54] ✅ W-600   🔴3 vs 1🔵
[22:52:00] ▶ Раунд W-601 начался
[22:52:32] ✅ W-601   🔴3 vs 1🔵

  ~~~~~~~~~~~~~~~~~~~~~~~~~~~~~~~~~~
  🎲 МНОГО ПОСЛЕДОВАТЕЛЬНОСТЕЙ!
  Найдено: 4
  🔴11, 🔴55, 🔴44, 🔴33
  ~~~~~~~~~~~~~~~~~~~~~~~~~~~~~~~~~~
  🔥 [W-590]  🔴1  vs  2🔵
  🔥 [W-591]  🔴1  vs  5🔵
     [W-592]  🔴4  vs  1🔵
     [W-593]  🔴6  vs  4🔵
  🔥 [W-594]  🔴5  vs  3🔵
  🔥 [W-595]  🔴5  vs  6🔵
     [W-596]  🔴2  vs  4🔵
  🔥 [W-597]  🔴4  vs  6🔵
  🔥 [W-598]  🔴4  vs  2🔵
     [W-599]  🔴4  vs  3🔵
  🔥 [W-600]  🔴3  vs  1🔵
  🔥 [W-601]  🔴3  vs  1🔵
  ~~~~~~~~~~~~~~~~~~~~~~~~~~~~~~~~~~

[Telegram] Ошибка отправки сообщения в чат 1477129493: 403 Client Error: Forbidden for url: https://my-tg-proxy.iwantbunnygirl.workers.dev/bot8603609103:AAENi9LYuF8bXjwK9E1oZIIpG21UNZeZW5s/sendMessage
[Telegram] Ошибка отправки сообщения в чат 1329987939: 403 Client Error: Forbidden for url: https://my-tg-proxy.iwantbunnygirl.workers.dev/bot8603609103:AAENi9LYuF8bXjwK9E1oZIIpG21UNZeZW5s/sendMessage
[Telegram] Ошибка отправки сообщения в чат 705506250: 403 Client Error: Forbidden for url: https://my-tg-proxy.iwantbunnygirl.workers.dev/bot8603609103:AAENi9LYuF8bXjwK9E1oZIIpG21UNZeZW5s/sendMessage

  ++++++++++++++++++++++++++++++++++
  🔴 НОВАЯ ПАРА!
  Красный — 3
  Длина цепочки: 5 раундов
  ++++++++++++++++++++++++++++++++++
     [W-597]  🔴4  vs  6🔵
     [W-598]  🔴4  vs  2🔵
     [W-599]  🔴4  vs  3🔵
     [W-600]  🔴3  vs  1🔵
     [W-601]  🔴3  vs  1🔵
  ++++++++++++++++++++++++++++++++++

[Telegram] Ошибка отправки сообщения в чат 1477129493: 403 Client Error: Forbidden for url: https://my-tg-proxy.iwantbunnygirl.workers.dev/bot8603609103:AAENi9LYuF8bXjwK9E1oZIIpG21UNZeZW5s/sendMessage
[Telegram] Ошибка отправки сообщения в чат 1329987939: 403 Client Error: Forbidden for url: https://my-tg-proxy.iwantbunnygirl.workers.dev/bot8603609103:AAENi9LYuF8bXjwK9E1oZIIpG21UNZeZW5s/sendMessage
[Telegram] Ошибка отправки сообщения в чат 705506250: 403 Client Error: Forbidden for url: https://my-tg-proxy.iwantbunnygirl.workers.dev/bot8603609103:AAENi9LYuF8bXjwK9E1oZIIpG21UNZeZW5s/sendMessage
[22:52:38] ▶ Раунд W-602 начался
[22:53:10] ✅ W-602   🔴3 vs 6🔵
[22:53:16] ▶ Раунд W-603 начался
[22:53:48] ✅ W-603   🔴1 vs 1🔵
[22:53:54] ▶ Раунд W-604 начался
[22:54:26] ✅ W-604   🔴2 vs 5🔵
[22:54:32] ▶ Раунд W-605 начался
[22:55:04] ✅ W-605   🔴1 vs 2🔵
[22:55:10] ▶ Раунд W-606 начался
[22:55:42] ✅ W-606   🔴3 vs 5🔵
[22:55:48] ▶ Раунд W-607 начался
[22:56:20] ✅ W-607   🔴2 vs 2🔵
[22:56:26] ▶ Раунд W-608 начался
[22:56:58] ✅ W-608   🔴3 vs 3🔵
[22:57:04] ▶ Раунд W-609 начался
[22:57:36] ✅ W-609   🔴6 vs 6🔵
[22:57:42] ▶ Раунд W-610 начался
[22:58:14] ✅ W-610   🔴2 vs 2🔵

  ##################################
  🔴 XOX-ПАТТЕРН!
  Красный — 2
  Шаблон: xooxoox
  ##################################
  🎯 [W-604]  🔴2  vs  5🔵
     [W-605]  🔴1  vs  2🔵
     [W-606]  🔴3  vs  5🔵
  🎯 [W-607]  🔴2  vs  2🔵
     [W-608]  🔴3  vs  3🔵
     [W-609]  🔴6  vs  6🔵
  🎯 [W-610]  🔴2  vs  2🔵
  ##################################

[22:58:20] ▶ Раунд W-611 начался
[22:58:52] ✅ W-611   🔴1 vs 6🔵
[22:58:56] ▶ Раунд W-612 начался
[22:59:28] ✅ W-612   🔴6 vs 3🔵
[22:59:34] ▶ Раунд W-613 начался
[23:00:06] ✅ W-613   🔴1 vs 2🔵

  ##################################
  🔵 XOX-ПАТТЕРН!
  Синий — 2
  Шаблон: xooxoox
  ##################################
  🎯 [W-607]  🔴2  vs  2🔵
     [W-608]  🔴3  vs  3🔵
     [W-609]  🔴6  vs  6🔵
  🎯 [W-610]  🔴2  vs  2🔵
     [W-611]  🔴1  vs  6🔵
     [W-612]  🔴6  vs  3🔵
  🎯 [W-613]  🔴1  vs  2🔵
  ##################################

[23:00:12] ▶ Раунд W-614 начался
[23:00:44] ✅ W-614   🔴2 vs 3🔵
[23:00:50] ▶ Раунд W-615 начался
[23:01:22] ✅ W-615   🔴6 vs 3🔵

  ##################################
  🔴 XOX-ПАТТЕРН!
  Красный — 6
  Шаблон: xooxoox
  ##################################
  🎯 [W-609]  🔴6  vs  6🔵
     [W-610]  🔴2  vs  2🔵
     [W-611]  🔴1  vs  6🔵
  🎯 [W-612]  🔴6  vs  3🔵
     [W-613]  🔴1  vs  2🔵
     [W-614]  🔴2  vs  3🔵
  🎯 [W-615]  🔴6  vs  3🔵
  ##################################


  ++++++++++++++++++++++++++++++++++
  🔵 НОВАЯ ПАРА!
  Синий — 3
  Длина цепочки: 16 раундов
  ++++++++++++++++++++++++++++++++++
     [W-600]  🔴3  vs  1🔵
     [W-601]  🔴3  vs  1🔵
     [W-602]  🔴3  vs  6🔵
     [W-603]  🔴1  vs  1🔵
     [W-604]  🔴2  vs  5🔵
     [W-605]  🔴1  vs  2🔵
     [W-606]  🔴3  vs  5🔵
     [W-607]  🔴2  vs  2🔵
     [W-608]  🔴3  vs  3🔵
     [W-609]  🔴6  vs  6🔵
     [W-610]  🔴2  vs  2🔵
     [W-611]  🔴1  vs  6🔵
     [W-612]  🔴6  vs  3🔵
     [W-613]  🔴1  vs  2🔵
     [W-614]  🔴2  vs  3🔵
     [W-615]  🔴6  vs  3🔵
  ++++++++++++++++++++++++++++++++++

[Telegram] Ошибка отправки сообщения в чат 1477129493: 403 Client Error: Forbidden for url: https://my-tg-proxy.iwantbunnygirl.workers.dev/bot8603609103:AAENi9LYuF8bXjwK9E1oZIIpG21UNZeZW5s/sendMessage
[Telegram] Ошибка отправки сообщения в чат 1329987939: 403 Client Error: Forbidden for url: https://my-tg-proxy.iwantbunnygirl.workers.dev/bot8603609103:AAENi9LYuF8bXjwK9E1oZIIpG21UNZeZW5s/sendMessage
[Telegram] Ошибка отправки сообщения в чат 705506250: 403 Client Error: Forbidden for url: https://my-tg-proxy.iwantbunnygirl.workers.dev/bot8603609103:AAENi9LYuF8bXjwK9E1oZIIpG21UNZeZW5s/sendMessage
[23:01:29] ▶ Раунд W-616 начался
[23:02:00] ✅ W-616   🔴6 vs 3🔵
[23:02:06] ▶ Раунд W-617 начался
[23:02:38] ✅ W-617   🔴1 vs 4🔵
[23:02:44] ▶ Раунд W-618 начался
[23:03:16] ✅ W-618   🔴2 vs 5🔵

  ##################################
  🔴 XOX-ПАТТЕРН!
  Красный — 2
  Шаблон: xoooxooox
  ##################################
  🎯 [W-610]  🔴2  vs  2🔵
     [W-611]  🔴1  vs  6🔵
     [W-612]  🔴6  vs  3🔵
     [W-613]  🔴1  vs  2🔵
  🎯 [W-614]  🔴2  vs  3🔵
     [W-615]  🔴6  vs  3🔵
     [W-616]  🔴6  vs  3🔵
     [W-617]  🔴1  vs  4🔵
  🎯 [W-618]  🔴2  vs  5🔵
  ##################################

[23:03:22] ▶ Раунд W-619 начался
[23:03:54] ✅ W-619   🔴1 vs 3🔵
[23:04:00] ▶ Раунд W-620 начался
[23:04:32] ✅ W-620   🔴2 vs 1🔵
[23:04:39] ▶ Раунд W-621 начался
[23:05:10] ✅ W-621   🔴6 vs 5🔵
[23:05:16] ▶ Раунд W-622 начался
[23:05:48] ✅ W-622   🔴1 vs 2🔵
[23:05:55] ▶ Раунд W-623 начался
[23:06:26] ✅ W-623   🔴4 vs 4🔵
[23:06:32] ▶ Раунд W-624 начался
[23:07:05] ✅ W-624   🔴4 vs 6🔵

  ~~~~~~~~~~~~~~~~~~~~~~~~~~~~~~~~~~
  🎲 МНОГО ПОСЛЕДОВАТЕЛЬНОСТЕЙ!
  Найдено: 4
  🔵11, 🔵33, 🔴66, 🔴44
  ~~~~~~~~~~~~~~~~~~~~~~~~~~~~~~~~~~
  🔥 [W-600]  🔴3  vs  1🔵
  🔥 [W-601]  🔴3  vs  1🔵
     [W-602]  🔴3  vs  6🔵
     [W-603]  🔴1  vs  1🔵
     [W-604]  🔴2  vs  5🔵
     [W-605]  🔴1  vs  2🔵
     [W-606]  🔴3  vs  5🔵
     [W-607]  🔴2  vs  2🔵
     [W-608]  🔴3  vs  3🔵
     [W-609]  🔴6  vs  6🔵
     [W-610]  🔴2  vs  2🔵
     [W-611]  🔴1  vs  6🔵
     [W-612]  🔴6  vs  3🔵
     [W-613]  🔴1  vs  2🔵
  🔥 [W-614]  🔴2  vs  3🔵
  🔥 [W-615]  🔴6  vs  3🔵
  🔥 [W-616]  🔴6  vs  3🔵
     [W-617]  🔴1  vs  4🔵
     [W-618]  🔴2  vs  5🔵
     [W-619]  🔴1  vs  3🔵
     [W-620]  🔴2  vs  1🔵
     [W-621]  🔴6  vs  5🔵
     [W-622]  🔴1  vs  2🔵
  🔥 [W-623]  🔴4  vs  4🔵
  🔥 [W-624]  🔴4  vs  6🔵
  ~~~~~~~~~~~~~~~~~~~~~~~~~~~~~~~~~~

[Telegram] Ошибка отправки сообщения в чат 1477129493: 403 Client Error: Forbidden for url: https://my-tg-proxy.iwantbunnygirl.workers.dev/bot8603609103:AAENi9LYuF8bXjwK9E1oZIIpG21UNZeZW5s/sendMessage
[Telegram] Ошибка отправки сообщения в чат 1329987939: 403 Client Error: Forbidden for url: https://my-tg-proxy.iwantbunnygirl.workers.dev/bot8603609103:AAENi9LYuF8bXjwK9E1oZIIpG21UNZeZW5s/sendMessage
[Telegram] Ошибка отправки сообщения в чат 705506250: 403 Client Error: Forbidden for url: https://my-tg-proxy.iwantbunnygirl.workers.dev/bot8603609103:AAENi9LYuF8bXjwK9E1oZIIpG21UNZeZW5s/sendMessage

  ++++++++++++++++++++++++++++++++++
  🔴 НОВАЯ ПАРА!
  Красный — 4
  Длина цепочки: 11 раундов
  ++++++++++++++++++++++++++++++++++
     [W-614]  🔴2  vs  3🔵
     [W-615]  🔴6  vs  3🔵
     [W-616]  🔴6  vs  3🔵
     [W-617]  🔴1  vs  4🔵
     [W-618]  🔴2  vs  5🔵
     [W-619]  🔴1  vs  3🔵
     [W-620]  🔴2  vs  1🔵
     [W-621]  🔴6  vs  5🔵
     [W-622]  🔴1  vs  2🔵
     [W-623]  🔴4  vs  4🔵
     [W-624]  🔴4  vs  6🔵
  ++++++++++++++++++++++++++++++++++

[Telegram] Ошибка отправки сообщения в чат 1477129493: 403 Client Error: Forbidden for url: https://my-tg-proxy.iwantbunnygirl.workers.dev/bot8603609103:AAENi9LYuF8bXjwK9E1oZIIpG21UNZeZW5s/sendMessage
[Telegram] Ошибка отправки сообщения в чат 1329987939: 403 Client Error: Forbidden for url: https://my-tg-proxy.iwantbunnygirl.workers.dev/bot8603609103:AAENi9LYuF8bXjwK9E1oZIIpG21UNZeZW5s/sendMessage
[Telegram] Ошибка отправки сообщения в чат 705506250: 403 Client Error: Forbidden for url: https://my-tg-proxy.iwantbunnygirl.workers.dev/bot8603609103:AAENi9LYuF8bXjwK9E1oZIIpG21UNZeZW5s/sendMessage
[23:07:11] ▶ Раунд W-625 начался
[23:07:42] ✅ W-625   🔴2 vs 5🔵
[23:07:48] ▶ Раунд W-626 начался
[23:08:20] ✅ W-626   🔴5 vs 5🔵

  ++++++++++++++++++++++++++++++++++
  🔵 НОВАЯ ПАРА!
  Синий — 5
  Длина цепочки: 4 раундов
  ++++++++++++++++++++++++++++++++++
     [W-623]  🔴4  vs  4🔵
     [W-624]  🔴4  vs  6🔵
     [W-625]  🔴2  vs  5🔵
     [W-626]  🔴5  vs  5🔵
  ++++++++++++++++++++++++++++++++++

[Telegram] Ошибка отправки сообщения в чат 1477129493: 403 Client Error: Forbidden for url: https://my-tg-proxy.iwantbunnygirl.workers.dev/bot8603609103:AAENi9LYuF8bXjwK9E1oZIIpG21UNZeZW5s/sendMessage
[Telegram] Ошибка отправки сообщения в чат 1329987939: 403 Client Error: Forbidden for url: https://my-tg-proxy.iwantbunnygirl.workers.dev/bot8603609103:AAENi9LYuF8bXjwK9E1oZIIpG21UNZeZW5s/sendMessage
[Telegram] Ошибка отправки сообщения в чат 705506250: 403 Client Error: Forbidden for url: https://my-tg-proxy.iwantbunnygirl.workers.dev/bot8603609103:AAENi9LYuF8bXjwK9E1oZIIpG21UNZeZW5s/sendMessage
[23:08:26] ▶ Раунд W-627 начался
[23:08:58] ✅ W-627   🔴3 vs 5🔵
[23:09:04] ▶ Раунд W-628 начался
[23:09:36] ✅ W-628   🔴6 vs 1🔵
[23:09:42] ▶ Раунд W-629 начался
[23:10:14] ✅ W-629   🔴1 vs 5🔵
[23:10:20] ▶ Раунд W-630 начался
[23:10:53] ✅ W-630   🔴5 vs 5🔵

  ==================================
  🔵 ПОВТОР ПАРЫ!
  Синий — 5
  Длина серии: 6 раундов
  ==================================
     [W-625]  🔴2  vs  5🔵
     [W-626]  🔴5  vs  5🔵
     [W-627]  🔴3  vs  5🔵
     [W-628]  🔴6  vs  1🔵
     [W-629]  🔴1  vs  5🔵
     [W-630]  🔴5  vs  5🔵
  ==================================


  ++++++++++++++++++++++++++++++++++
  🔵 НОВАЯ ПАРА!
  Синий — 5
  Длина цепочки: 6 раундов
  ++++++++++++++++++++++++++++++++++
     [W-625]  🔴2  vs  5🔵
     [W-626]  🔴5  vs  5🔵
     [W-627]  🔴3  vs  5🔵
     [W-628]  🔴6  vs  1🔵
     [W-629]  🔴1  vs  5🔵
     [W-630]  🔴5  vs  5🔵
  ++++++++++++++++++++++++++++++++++

[Telegram] Ошибка отправки сообщения в чат 1477129493: 403 Client Error: Forbidden for url: https://my-tg-proxy.iwantbunnygirl.workers.dev/bot8603609103:AAENi9LYuF8bXjwK9E1oZIIpG21UNZeZW5s/sendMessage
[Telegram] Ошибка отправки сообщения в чат 1329987939: 403 Client Error: Forbidden for url: https://my-tg-proxy.iwantbunnygirl.workers.dev/bot8603609103:AAENi9LYuF8bXjwK9E1oZIIpG21UNZeZW5s/sendMessage
[Telegram] Ошибка отправки сообщения в чат 705506250: 403 Client Error: Forbidden for url: https://my-tg-proxy.iwantbunnygirl.workers.dev/bot8603609103:AAENi9LYuF8bXjwK9E1oZIIpG21UNZeZW5s/sendMessage
[23:10:58] ▶ Раунд W-631 начался
[23:11:30] ✅ W-631   🔴5 vs 1🔵
[23:11:37] ▶ Раунд W-632 начался
[23:12:08] ✅ W-632   🔴5 vs 5🔵
[23:12:14] ▶ Раунд W-633 начался
[23:12:46] ✅ W-633   🔴6 vs 1🔵
[23:12:52] ▶ Раунд W-634 начался
[23:13:24] ✅ W-634   🔴5 vs 3🔵
[23:13:30] ▶ Раунд W-635 начался
[23:14:02] ✅ W-635   🔴5 vs 3🔵

  ==================================
  🔴 ПОВТОР ПАРЫ!
  Красный — 5
  Длина серии: 6 раундов
  ==================================
     [W-630]  🔴5  vs  5🔵
     [W-631]  🔴5  vs  1🔵
     [W-632]  🔴5  vs  5🔵
     [W-633]  🔴6  vs  1🔵
     [W-634]  🔴5  vs  3🔵
     [W-635]  🔴5  vs  3🔵
  ==================================


  ~~~~~~~~~~~~~~~~~~~~~~~~~~~~~~~~~~
  🎲 МНОГО ПОСЛЕДОВАТЕЛЬНОСТЕЙ!
  Найдено: 4
  🔵55, 🔵55, 🔴55, 🔴55
  ~~~~~~~~~~~~~~~~~~~~~~~~~~~~~~~~~~
  🔥 [W-625]  🔴2  vs  5🔵
  🔥 [W-626]  🔴5  vs  5🔵
     [W-627]  🔴3  vs  5🔵
     [W-628]  🔴6  vs  1🔵
  🔥 [W-629]  🔴1  vs  5🔵
  🔥 [W-630]  🔴5  vs  5🔵
  🔥 [W-631]  🔴5  vs  1🔵
     [W-632]  🔴5  vs  5🔵
     [W-633]  🔴6  vs  1🔵
  🔥 [W-634]  🔴5  vs  3🔵
  🔥 [W-635]  🔴5  vs  3🔵
  ~~~~~~~~~~~~~~~~~~~~~~~~~~~~~~~~~~

[Telegram] Ошибка отправки сообщения в чат 1477129493: 403 Client Error: Forbidden for url: https://my-tg-proxy.iwantbunnygirl.workers.dev/bot8603609103:AAENi9LYuF8bXjwK9E1oZIIpG21UNZeZW5s/sendMessage
[Telegram] Ошибка отправки сообщения в чат 1329987939: 403 Client Error: Forbidden for url: https://my-tg-proxy.iwantbunnygirl.workers.dev/bot8603609103:AAENi9LYuF8bXjwK9E1oZIIpG21UNZeZW5s/sendMessage
[Telegram] Ошибка отправки сообщения в чат 705506250: 403 Client Error: Forbidden for url: https://my-tg-proxy.iwantbunnygirl.workers.dev/bot8603609103:AAENi9LYuF8bXjwK9E1oZIIpG21UNZeZW5s/sendMessage

  ++++++++++++++++++++++++++++++++++
  🔴 НОВАЯ ПАРА!
  Красный — 5
  Длина цепочки: 7 раундов
  ++++++++++++++++++++++++++++++++++
     [W-629]  🔴1  vs  5🔵
     [W-630]  🔴5  vs  5🔵
     [W-631]  🔴5  vs  1🔵
     [W-632]  🔴5  vs  5🔵
     [W-633]  🔴6  vs  1🔵
     [W-634]  🔴5  vs  3🔵
     [W-635]  🔴5  vs  3🔵
  ++++++++++++++++++++++++++++++++++

[Telegram] Ошибка отправки сообщения в чат 1477129493: 403 Client Error: Forbidden for url: https://my-tg-proxy.iwantbunnygirl.workers.dev/bot8603609103:AAENi9LYuF8bXjwK9E1oZIIpG21UNZeZW5s/sendMessage
[Telegram] Ошибка отправки сообщения в чат 1329987939: 403 Client Error: Forbidden for url: https://my-tg-proxy.iwantbunnygirl.workers.dev/bot8603609103:AAENi9LYuF8bXjwK9E1oZIIpG21UNZeZW5s/sendMessage
[Telegram] Ошибка отправки сообщения в чат 705506250: 403 Client Error: Forbidden for url: https://my-tg-proxy.iwantbunnygirl.workers.dev/bot8603609103:AAENi9LYuF8bXjwK9E1oZIIpG21UNZeZW5s/sendMessage
[23:14:08] ▶ Раунд W-636 начался
[23:14:40] ✅ W-636   🔴6 vs 4🔵
[23:14:46] ▶ Раунд W-637 начался
[23:15:18] ✅ W-637   🔴6 vs 6🔵

  ++++++++++++++++++++++++++++++++++
  🔴 НОВАЯ ПАРА!
  Красный — 6
  Длина цепочки: 4 раундов
  ++++++++++++++++++++++++++++++++++
     [W-634]  🔴5  vs  3🔵
     [W-635]  🔴5  vs  3🔵
     [W-636]  🔴6  vs  4🔵
     [W-637]  🔴6  vs  6🔵
  ++++++++++++++++++++++++++++++++++

[Telegram] Ошибка отправки сообщения в чат 1477129493: 403 Client Error: Forbidden for url: https://my-tg-proxy.iwantbunnygirl.workers.dev/bot8603609103:AAENi9LYuF8bXjwK9E1oZIIpG21UNZeZW5s/sendMessage
[Telegram] Ошибка отправки сообщения в чат 1329987939: 403 Client Error: Forbidden for url: https://my-tg-proxy.iwantbunnygirl.workers.dev/bot8603609103:AAENi9LYuF8bXjwK9E1oZIIpG21UNZeZW5s/sendMessage
[Telegram] Ошибка отправки сообщения в чат 705506250: 403 Client Error: Forbidden for url: https://my-tg-proxy.iwantbunnygirl.workers.dev/bot8603609103:AAENi9LYuF8bXjwK9E1oZIIpG21UNZeZW5s/sendMessage
[23:15:25] ▶ Раунд W-638 начался
[23:15:56] ✅ W-638   🔴6 vs 5🔵
[23:16:02] ▶ Раунд W-639 начался
[23:16:34] ✅ W-639   🔴2 vs 4🔵
[23:16:40] ▶ Раунд W-640 начался
[23:17:12] ✅ W-640   🔴5 vs 4🔵

  ++++++++++++++++++++++++++++++++++
  🔵 НОВАЯ ПАРА!
  Синий — 4
  Длина цепочки: 5 раундов
  ++++++++++++++++++++++++++++++++++
     [W-636]  🔴6  vs  4🔵
     [W-637]  🔴6  vs  6🔵
     [W-638]  🔴6  vs  5🔵
     [W-639]  🔴2  vs  4🔵
     [W-640]  🔴5  vs  4🔵
  ++++++++++++++++++++++++++++++++++

[Telegram] Ошибка отправки сообщения в чат 1477129493: 403 Client Error: Forbidden for url: https://my-tg-proxy.iwantbunnygirl.workers.dev/bot8603609103:AAENi9LYuF8bXjwK9E1oZIIpG21UNZeZW5s/sendMessage
[Telegram] Ошибка отправки сообщения в чат 1329987939: 403 Client Error: Forbidden for url: https://my-tg-proxy.iwantbunnygirl.workers.dev/bot8603609103:AAENi9LYuF8bXjwK9E1oZIIpG21UNZeZW5s/sendMessage
[Telegram] Ошибка отправки сообщения в чат 705506250: 403 Client Error: Forbidden for url: https://my-tg-proxy.iwantbunnygirl.workers.dev/bot8603609103:AAENi9LYuF8bXjwK9E1oZIIpG21UNZeZW5s/sendMessage
[23:17:18] ▶ Раунд W-641 начался
[23:17:50] ✅ W-641   🔴5 vs 2🔵

  ~~~~~~~~~~~~~~~~~~~~~~~~~~~~~~~~~~
  🎲 МНОГО ПОСЛЕДОВАТЕЛЬНОСТЕЙ!
  Найдено: 4
  🔵33, 🔴66, 🔵44, 🔴55
  ~~~~~~~~~~~~~~~~~~~~~~~~~~~~~~~~~~
  🔥 [W-634]  🔴5  vs  3🔵
  🔥 [W-635]  🔴5  vs  3🔵
  🔥 [W-636]  🔴6  vs  4🔵
  🔥 [W-637]  🔴6  vs  6🔵
     [W-638]  🔴6  vs  5🔵
  🔥 [W-639]  🔴2  vs  4🔵
  🔥 [W-640]  🔴5  vs  4🔵
  🔥 [W-641]  🔴5  vs  2🔵
  ~~~~~~~~~~~~~~~~~~~~~~~~~~~~~~~~~~

[Telegram] Ошибка отправки сообщения в чат 1477129493: 403 Client Error: Forbidden for url: https://my-tg-proxy.iwantbunnygirl.workers.dev/bot8603609103:AAENi9LYuF8bXjwK9E1oZIIpG21UNZeZW5s/sendMessage
[Telegram] Ошибка отправки сообщения в чат 1329987939: 403 Client Error: Forbidden for url: https://my-tg-proxy.iwantbunnygirl.workers.dev/bot8603609103:AAENi9LYuF8bXjwK9E1oZIIpG21UNZeZW5s/sendMessage
[Telegram] Ошибка отправки сообщения в чат 705506250: 403 Client Error: Forbidden for url: https://my-tg-proxy.iwantbunnygirl.workers.dev/bot8603609103:AAENi9LYuF8bXjwK9E1oZIIpG21UNZeZW5s/sendMessage
[23:17:56] ▶ Раунд W-642 начался
[23:18:28] ✅ W-642   🔴4 vs 1🔵
[23:18:34] ▶ Раунд W-643 начался
[23:19:06] ✅ W-643   🔴1 vs 4🔵
[23:19:12] ▶ Раунд W-644 начался
[23:19:44] ✅ W-644   🔴3 vs 2🔵
[23:19:50] ▶ Раунд W-645 начался
[23:20:22] ✅ W-645   🔴4 vs 6🔵
[23:20:29] ▶ Раунд W-646 начался
[23:21:00] ✅ W-646   🔴4 vs 1🔵

  ++++++++++++++++++++++++++++++++++
  🔴 НОВАЯ ПАРА!
  Красный — 4
  Длина цепочки: 8 раундов
  ++++++++++++++++++++++++++++++++++
     [W-639]  🔴2  vs  4🔵
     [W-640]  🔴5  vs  4🔵
     [W-641]  🔴5  vs  2🔵
     [W-642]  🔴4  vs  1🔵
     [W-643]  🔴1  vs  4🔵
     [W-644]  🔴3  vs  2🔵
     [W-645]  🔴4  vs  6🔵
     [W-646]  🔴4  vs  1🔵
  ++++++++++++++++++++++++++++++++++

[Telegram] Ошибка отправки сообщения в чат 1477129493: 403 Client Error: Forbidden for url: https://my-tg-proxy.iwantbunnygirl.workers.dev/bot8603609103:AAENi9LYuF8bXjwK9E1oZIIpG21UNZeZW5s/sendMessage
[Telegram] Ошибка отправки сообщения в чат 1329987939: 403 Client Error: Forbidden for url: https://my-tg-proxy.iwantbunnygirl.workers.dev/bot8603609103:AAENi9LYuF8bXjwK9E1oZIIpG21UNZeZW5s/sendMessage
[Telegram] Ошибка отправки сообщения в чат 705506250: 403 Client Error: Forbidden for url: https://my-tg-proxy.iwantbunnygirl.workers.dev/bot8603609103:AAENi9LYuF8bXjwK9E1oZIIpG21UNZeZW5s/sendMessage
[23:21:06] ▶ Раунд W-647 начался
[23:21:38] ✅ W-647   🔴1 vs 4🔵
[23:21:44] ▶ Раунд W-648 начался
[23:22:16] ✅ W-648   🔴4 vs 4🔵

  ++++++++++++++++++++++++++++++++++
  🔵 НОВАЯ ПАРА!
  Синий — 4
  Длина цепочки: 4 раундов
  ++++++++++++++++++++++++++++++++++
     [W-645]  🔴4  vs  6🔵
     [W-646]  🔴4  vs  1🔵
     [W-647]  🔴1  vs  4🔵
     [W-648]  🔴4  vs  4🔵
  ++++++++++++++++++++++++++++++++++

[Telegram] Ошибка отправки сообщения в чат 1477129493: 403 Client Error: Forbidden for url: https://my-tg-proxy.iwantbunnygirl.workers.dev/bot8603609103:AAENi9LYuF8bXjwK9E1oZIIpG21UNZeZW5s/sendMessage
[Telegram] Ошибка отправки сообщения в чат 1329987939: 403 Client Error: Forbidden for url: https://my-tg-proxy.iwantbunnygirl.workers.dev/bot8603609103:AAENi9LYuF8bXjwK9E1oZIIpG21UNZeZW5s/sendMessage
[Telegram] Ошибка отправки сообщения в чат 705506250: 403 Client Error: Forbidden for url: https://my-tg-proxy.iwantbunnygirl.workers.dev/bot8603609103:AAENi9LYuF8bXjwK9E1oZIIpG21UNZeZW5s/sendMessage
[23:22:22] ▶ Раунд W-649 начался
[23:22:54] ✅ W-649   🔴1 vs 3🔵
[23:23:00] ▶ Раунд W-650 начался
[23:23:32] ✅ W-650   🔴2 vs 3🔵

  ++++++++++++++++++++++++++++++++++
  🔵 НОВАЯ ПАРА!
  Синий — 3
  Длина цепочки: 4 раундов
  ++++++++++++++++++++++++++++++++++
     [W-647]  🔴1  vs  4🔵
     [W-648]  🔴4  vs  4🔵
     [W-649]  🔴1  vs  3🔵
     [W-650]  🔴2  vs  3🔵
  ++++++++++++++++++++++++++++++++++

[Telegram] Ошибка отправки сообщения в чат 1477129493: 403 Client Error: Forbidden for url: https://my-tg-proxy.iwantbunnygirl.workers.dev/bot8603609103:AAENi9LYuF8bXjwK9E1oZIIpG21UNZeZW5s/sendMessage
[Telegram] Ошибка отправки сообщения в чат 1329987939: 403 Client Error: Forbidden for url: https://my-tg-proxy.iwantbunnygirl.workers.dev/bot8603609103:AAENi9LYuF8bXjwK9E1oZIIpG21UNZeZW5s/sendMessage
[Telegram] Ошибка отправки сообщения в чат 705506250: 403 Client Error: Forbidden for url: https://my-tg-proxy.iwantbunnygirl.workers.dev/bot8603609103:AAENi9LYuF8bXjwK9E1oZIIpG21UNZeZW5s/sendMessage
[23:23:38] ▶ Раунд W-651 начался
[23:24:10] ✅ W-651   🔴2 vs 4🔵

  ~~~~~~~~~~~~~~~~~~~~~~~~~~~~~~~~~~
  🎲 МНОГО ПОСЛЕДОВАТЕЛЬНОСТЕЙ!
  Найдено: 4
  🔴44, 🔵44, 🔵33, 🔴22
  ~~~~~~~~~~~~~~~~~~~~~~~~~~~~~~~~~~
  🔥 [W-645]  🔴4  vs  6🔵
  🔥 [W-646]  🔴4  vs  1🔵
  🔥 [W-647]  🔴1  vs  4🔵
  🔥 [W-648]  🔴4  vs  4🔵
  🔥 [W-649]  🔴1  vs  3🔵
  🔥 [W-650]  🔴2  vs  3🔵
  🔥 [W-651]  🔴2  vs  4🔵
  ~~~~~~~~~~~~~~~~~~~~~~~~~~~~~~~~~~

[Telegram] Ошибка отправки сообщения в чат 1477129493: 403 Client Error: Forbidden for url: https://my-tg-proxy.iwantbunnygirl.workers.dev/bot8603609103:AAENi9LYuF8bXjwK9E1oZIIpG21UNZeZW5s/sendMessage
[Telegram] Ошибка отправки сообщения в чат 1329987939: 403 Client Error: Forbidden for url: https://my-tg-proxy.iwantbunnygirl.workers.dev/bot8603609103:AAENi9LYuF8bXjwK9E1oZIIpG21UNZeZW5s/sendMessage
[Telegram] Ошибка отправки сообщения в чат 705506250: 403 Client Error: Forbidden for url: https://my-tg-proxy.iwantbunnygirl.workers.dev/bot8603609103:AAENi9LYuF8bXjwK9E1oZIIpG21UNZeZW5s/sendMessage
[23:24:16] ▶ Раунд W-652 начался
[23:24:48] ✅ W-652   🔴5 vs 4🔵

  ++++++++++++++++++++++++++++++++++
  🔵 НОВАЯ ПАРА!
  Синий — 4
  Длина цепочки: 4 раундов
  ++++++++++++++++++++++++++++++++++
     [W-649]  🔴1  vs  3🔵
     [W-650]  🔴2  vs  3🔵
     [W-651]  🔴2  vs  4🔵
     [W-652]  🔴5  vs  4🔵
  ++++++++++++++++++++++++++++++++++

[Telegram] Ошибка отправки сообщения в чат 1477129493: 403 Client Error: Forbidden for url: https://my-tg-proxy.iwantbunnygirl.workers.dev/bot8603609103:AAENi9LYuF8bXjwK9E1oZIIpG21UNZeZW5s/sendMessage
[Telegram] Ошибка отправки сообщения в чат 1329987939: 403 Client Error: Forbidden for url: https://my-tg-proxy.iwantbunnygirl.workers.dev/bot8603609103:AAENi9LYuF8bXjwK9E1oZIIpG21UNZeZW5s/sendMessage
[Telegram] Ошибка отправки сообщения в чат 705506250: 403 Client Error: Forbidden for url: https://my-tg-proxy.iwantbunnygirl.workers.dev/bot8603609103:AAENi9LYuF8bXjwK9E1oZIIpG21UNZeZW5s/sendMessage
[23:24:54] ▶ Раунд W-653 начался
[23:25:26] ✅ W-653   🔴1 vs 6🔵
[23:25:32] ▶ Раунд W-654 начался
[23:26:04] ✅ W-654   🔴5 vs 3🔵
[23:26:11] ▶ Раунд W-655 начался
[23:26:42] ✅ W-655   🔴2 vs 1🔵
[23:26:48] ▶ Раунд W-656 начался
[23:27:20] ✅ W-656   🔴2 vs 6🔵

  ++++++++++++++++++++++++++++++++++
  🔴 НОВАЯ ПАРА!
  Красный — 2
  Длина цепочки: 6 раундов
  ++++++++++++++++++++++++++++++++++
     [W-651]  🔴2  vs  4🔵
     [W-652]  🔴5  vs  4🔵
     [W-653]  🔴1  vs  6🔵
     [W-654]  🔴5  vs  3🔵
     [W-655]  🔴2  vs  1🔵
     [W-656]  🔴2  vs  6🔵
  ++++++++++++++++++++++++++++++++++

[Telegram] Ошибка отправки сообщения в чат 1477129493: 403 Client Error: Forbidden for url: https://my-tg-proxy.iwantbunnygirl.workers.dev/bot8603609103:AAENi9LYuF8bXjwK9E1oZIIpG21UNZeZW5s/sendMessage
[Telegram] Ошибка отправки сообщения в чат 1329987939: 403 Client Error: Forbidden for url: https://my-tg-proxy.iwantbunnygirl.workers.dev/bot8603609103:AAENi9LYuF8bXjwK9E1oZIIpG21UNZeZW5s/sendMessage
[Telegram] Ошибка отправки сообщения в чат 705506250: 403 Client Error: Forbidden for url: https://my-tg-proxy.iwantbunnygirl.workers.dev/bot8603609103:AAENi9LYuF8bXjwK9E1oZIIpG21UNZeZW5s/sendMessage
[23:27:26] ▶ Раунд W-657 начался
[23:27:58] ✅ W-657   🔴1 vs 6🔵

  ##################################
  🔴 XOX-ПАТТЕРН!
  Красный — 1
  Шаблон: xoooxooox
  ##################################
  🎯 [W-649]  🔴1  vs  3🔵
     [W-650]  🔴2  vs  3🔵
     [W-651]  🔴2  vs  4🔵
     [W-652]  🔴5  vs  4🔵
  🎯 [W-653]  🔴1  vs  6🔵
     [W-654]  🔴5  vs  3🔵
     [W-655]  🔴2  vs  1🔵
     [W-656]  🔴2  vs  6🔵
  🎯 [W-657]  🔴1  vs  6🔵
  ##################################

[23:28:04] ▶ Раунд W-658 начался
[23:28:36] ✅ W-658   🔴3 vs 2🔵
[23:28:43] ▶ Раунд W-659 начался
[23:29:14] ✅ W-659   🔴2 vs 6🔵
[23:29:20] ▶ Раунд W-660 начался
[23:29:52] ✅ W-660   🔴4 vs 6🔵

  ==================================
  🔵 ПОВТОР ПАРЫ!
  Синий — 6
  Длина серии: 5 раундов
  ==================================
     [W-656]  🔴2  vs  6🔵
     [W-657]  🔴1  vs  6🔵
     [W-658]  🔴3  vs  2🔵
     [W-659]  🔴2  vs  6🔵
     [W-660]  🔴4  vs  6🔵
  ==================================


  ~~~~~~~~~~~~~~~~~~~~~~~~~~~~~~~~~~
  🎲 МНОГО ПОСЛЕДОВАТЕЛЬНОСТЕЙ!
  Найдено: 4
  🔵44, 🔴22, 🔵66, 🔵66
  ~~~~~~~~~~~~~~~~~~~~~~~~~~~~~~~~~~
  🔥 [W-651]  🔴2  vs  4🔵
  🔥 [W-652]  🔴5  vs  4🔵
     [W-653]  🔴1  vs  6🔵
     [W-654]  🔴5  vs  3🔵
  🔥 [W-655]  🔴2  vs  1🔵
  🔥 [W-656]  🔴2  vs  6🔵
  🔥 [W-657]  🔴1  vs  6🔵
     [W-658]  🔴3  vs  2🔵
  🔥 [W-659]  🔴2  vs  6🔵
  🔥 [W-660]  🔴4  vs  6🔵
  ~~~~~~~~~~~~~~~~~~~~~~~~~~~~~~~~~~

[Telegram] Ошибка отправки сообщения в чат 1477129493: 403 Client Error: Forbidden for url: https://my-tg-proxy.iwantbunnygirl.workers.dev/bot8603609103:AAENi9LYuF8bXjwK9E1oZIIpG21UNZeZW5s/sendMessage
[Telegram] Ошибка отправки сообщения в чат 1329987939: 403 Client Error: Forbidden for url: https://my-tg-proxy.iwantbunnygirl.workers.dev/bot8603609103:AAENi9LYuF8bXjwK9E1oZIIpG21UNZeZW5s/sendMessage
[Telegram] Ошибка отправки сообщения в чат 705506250: 403 Client Error: Forbidden for url: https://my-tg-proxy.iwantbunnygirl.workers.dev/bot8603609103:AAENi9LYuF8bXjwK9E1oZIIpG21UNZeZW5s/sendMessage

  ++++++++++++++++++++++++++++++++++
  🔵 НОВАЯ ПАРА!
  Синий — 6
  Длина цепочки: 6 раундов
  ++++++++++++++++++++++++++++++++++
     [W-655]  🔴2  vs  1🔵
     [W-656]  🔴2  vs  6🔵
     [W-657]  🔴1  vs  6🔵
     [W-658]  🔴3  vs  2🔵
     [W-659]  🔴2  vs  6🔵
     [W-660]  🔴4  vs  6🔵
  ++++++++++++++++++++++++++++++++++

[Telegram] Ошибка отправки сообщения в чат 1477129493: 403 Client Error: Forbidden for url: https://my-tg-proxy.iwantbunnygirl.workers.dev/bot8603609103:AAENi9LYuF8bXjwK9E1oZIIpG21UNZeZW5s/sendMessage
[Telegram] Ошибка отправки сообщения в чат 1329987939: 403 Client Error: Forbidden for url: https://my-tg-proxy.iwantbunnygirl.workers.dev/bot8603609103:AAENi9LYuF8bXjwK9E1oZIIpG21UNZeZW5s/sendMessage
[Telegram] Ошибка отправки сообщения в чат 705506250: 403 Client Error: Forbidden for url: https://my-tg-proxy.iwantbunnygirl.workers.dev/bot8603609103:AAENi9LYuF8bXjwK9E1oZIIpG21UNZeZW5s/sendMessage
[23:29:58] ▶ Раунд W-661 начался
[23:30:30] ✅ W-661   🔴5 vs 5🔵
[23:30:36] ▶ Раунд W-662 начался
[23:31:08] ✅ W-662   🔴6 vs 6🔵
[23:31:14] ▶ Раунд W-663 начался
[23:31:46] ✅ W-663   🔴3 vs 3🔵
[23:31:52] ▶ Раунд W-664 начался
[23:32:24] ✅ W-664   🔴5 vs 5🔵
[23:32:30] ▶ Раунд W-665 начался
[23:33:02] ✅ W-665   🔴6 vs 3🔵
[23:33:08] ▶ Раунд W-666 начался
[23:33:40] ✅ W-666   🔴3 vs 1🔵
[23:33:46] ▶ Раунд W-667 начался
[23:34:18] ✅ W-667   🔴3 vs 1🔵

  ++++++++++++++++++++++++++++++++++
  🔴 НОВАЯ ПАРА!
  Красный — 3
  Длина цепочки: 9 раундов
  ++++++++++++++++++++++++++++++++++
     [W-659]  🔴2  vs  6🔵
     [W-660]  🔴4  vs  6🔵
     [W-661]  🔴5  vs  5🔵
     [W-662]  🔴6  vs  6🔵
     [W-663]  🔴3  vs  3🔵
     [W-664]  🔴5  vs  5🔵
     [W-665]  🔴6  vs  3🔵
     [W-666]  🔴3  vs  1🔵
     [W-667]  🔴3  vs  1🔵
  ++++++++++++++++++++++++++++++++++

[Telegram] Ошибка отправки сообщения в чат 1477129493: 403 Client Error: Forbidden for url: https://my-tg-proxy.iwantbunnygirl.workers.dev/bot8603609103:AAENi9LYuF8bXjwK9E1oZIIpG21UNZeZW5s/sendMessage
[Telegram] Ошибка отправки сообщения в чат 1329987939: 403 Client Error: Forbidden for url: https://my-tg-proxy.iwantbunnygirl.workers.dev/bot8603609103:AAENi9LYuF8bXjwK9E1oZIIpG21UNZeZW5s/sendMessage
[Telegram] Ошибка отправки сообщения в чат 705506250: 403 Client Error: Forbidden for url: https://my-tg-proxy.iwantbunnygirl.workers.dev/bot8603609103:AAENi9LYuF8bXjwK9E1oZIIpG21UNZeZW5s/sendMessage
[23:34:24] ▶ Раунд W-668 начался
[23:34:56] ✅ W-668   🔴6 vs 3🔵

  ##################################
  🔴 XOX-ПАТТЕРН!
  Красный — 6
  Шаблон: xooxoox
  ##################################
  🎯 [W-662]  🔴6  vs  6🔵
     [W-663]  🔴3  vs  3🔵
     [W-664]  🔴5  vs  5🔵
  🎯 [W-665]  🔴6  vs  3🔵
     [W-666]  🔴3  vs  1🔵
     [W-667]  🔴3  vs  1🔵
  🎯 [W-668]  🔴6  vs  3🔵
  ##################################

[23:35:02] ▶ Раунд W-669 начался
[23:35:34] ✅ W-669   🔴1 vs 2🔵
[23:35:40] ▶ Раунд W-670 начался
[23:36:12] ✅ W-670   🔴5 vs 6🔵
[23:36:18] ▶ Раунд W-671 начался
[23:36:50] ✅ W-671   🔴2 vs 2🔵
[23:36:56] ▶ Раунд W-672 начался
[23:37:28] ✅ W-672   🔴2 vs 4🔵

  ++++++++++++++++++++++++++++++++++
  🔴 НОВАЯ ПАРА!
  Красный — 2
  Длина цепочки: 7 раундов
  ++++++++++++++++++++++++++++++++++
     [W-666]  🔴3  vs  1🔵
     [W-667]  🔴3  vs  1🔵
     [W-668]  🔴6  vs  3🔵
     [W-669]  🔴1  vs  2🔵
     [W-670]  🔴5  vs  6🔵
     [W-671]  🔴2  vs  2🔵
     [W-672]  🔴2  vs  4🔵
  ++++++++++++++++++++++++++++++++++

[Telegram] Ошибка отправки сообщения в чат 1477129493: 403 Client Error: Forbidden for url: https://my-tg-proxy.iwantbunnygirl.workers.dev/bot8603609103:AAENi9LYuF8bXjwK9E1oZIIpG21UNZeZW5s/sendMessage
[Telegram] Ошибка отправки сообщения в чат 1329987939: 403 Client Error: Forbidden for url: https://my-tg-proxy.iwantbunnygirl.workers.dev/bot8603609103:AAENi9LYuF8bXjwK9E1oZIIpG21UNZeZW5s/sendMessage
[Telegram] Ошибка отправки сообщения в чат 705506250: 403 Client Error: Forbidden for url: https://my-tg-proxy.iwantbunnygirl.workers.dev/bot8603609103:AAENi9LYuF8bXjwK9E1oZIIpG21UNZeZW5s/sendMessage
[23:37:34] ▶ Раунд W-673 начался
[23:38:06] ✅ W-673   🔴5 vs 5🔵
[23:38:12] ▶ Раунд W-674 начался
[23:38:44] ✅ W-674   🔴3 vs 3🔵
[23:38:50] ▶ Раунд W-675 начался
[23:39:22] ✅ W-675   🔴4 vs 5🔵
[23:39:28] ▶ Раунд W-676 начался
[23:40:00] ✅ W-676   🔴1 vs 1🔵
[23:40:06] ▶ Раунд W-677 начался
[23:40:38] ✅ W-677   🔴6 vs 6🔵
[23:40:44] ▶ Раунд W-678 начался
[23:41:16] ✅ W-678   🔴5 vs 2🔵
[23:41:22] ▶ Раунд W-679 начался
[23:41:54] ✅ W-679   🔴5 vs 6🔵

  ~~~~~~~~~~~~~~~~~~~~~~~~~~~~~~~~~~
  🎲 МНОГО ПОСЛЕДОВАТЕЛЬНОСТЕЙ!
  Найдено: 4
  🔴33, 🔵11, 🔴22, 🔴55
  ~~~~~~~~~~~~~~~~~~~~~~~~~~~~~~~~~~
  🔥 [W-666]  🔴3  vs  1🔵
  🔥 [W-667]  🔴3  vs  1🔵
     [W-668]  🔴6  vs  3🔵
     [W-669]  🔴1  vs  2🔵
     [W-670]  🔴5  vs  6🔵
  🔥 [W-671]  🔴2  vs  2🔵
  🔥 [W-672]  🔴2  vs  4🔵
     [W-673]  🔴5  vs  5🔵
     [W-674]  🔴3  vs  3🔵
     [W-675]  🔴4  vs  5🔵
     [W-676]  🔴1  vs  1🔵
     [W-677]  🔴6  vs  6🔵
  🔥 [W-678]  🔴5  vs  2🔵
  🔥 [W-679]  🔴5  vs  6🔵
  ~~~~~~~~~~~~~~~~~~~~~~~~~~~~~~~~~~

[Telegram] Ошибка отправки сообщения в чат 1477129493: 403 Client Error: Forbidden for url: https://my-tg-proxy.iwantbunnygirl.workers.dev/bot8603609103:AAENi9LYuF8bXjwK9E1oZIIpG21UNZeZW5s/sendMessage
[Telegram] Ошибка отправки сообщения в чат 1329987939: 403 Client Error: Forbidden for url: https://my-tg-proxy.iwantbunnygirl.workers.dev/bot8603609103:AAENi9LYuF8bXjwK9E1oZIIpG21UNZeZW5s/sendMessage
[Telegram] Ошибка отправки сообщения в чат 705506250: 403 Client Error: Forbidden for url: https://my-tg-proxy.iwantbunnygirl.workers.dev/bot8603609103:AAENi9LYuF8bXjwK9E1oZIIpG21UNZeZW5s/sendMessage

  ++++++++++++++++++++++++++++++++++
  🔴 НОВАЯ ПАРА!
  Красный — 5
  Длина цепочки: 9 раундов
  ++++++++++++++++++++++++++++++++++
     [W-671]  🔴2  vs  2🔵
     [W-672]  🔴2  vs  4🔵
     [W-673]  🔴5  vs  5🔵
     [W-674]  🔴3  vs  3🔵
     [W-675]  🔴4  vs  5🔵
     [W-676]  🔴1  vs  1🔵
     [W-677]  🔴6  vs  6🔵
     [W-678]  🔴5  vs  2🔵
     [W-679]  🔴5  vs  6🔵
  ++++++++++++++++++++++++++++++++++

[Telegram] Ошибка отправки сообщения в чат 1477129493: 403 Client Error: Forbidden for url: https://my-tg-proxy.iwantbunnygirl.workers.dev/bot8603609103:AAENi9LYuF8bXjwK9E1oZIIpG21UNZeZW5s/sendMessage
[Telegram] Ошибка отправки сообщения в чат 1329987939: 403 Client Error: Forbidden for url: https://my-tg-proxy.iwantbunnygirl.workers.dev/bot8603609103:AAENi9LYuF8bXjwK9E1oZIIpG21UNZeZW5s/sendMessage
[Telegram] Ошибка отправки сообщения в чат 705506250: 403 Client Error: Forbidden for url: https://my-tg-proxy.iwantbunnygirl.workers.dev/bot8603609103:AAENi9LYuF8bXjwK9E1oZIIpG21UNZeZW5s/sendMessage
[23:42:00] ▶ Раунд W-680 начался
[23:42:32] ✅ W-680   🔴3 vs 5🔵
[23:42:38] ▶ Раунд W-681 начался
[23:43:10] ✅ W-681   🔴1 vs 5🔵

  ++++++++++++++++++++++++++++++++++
  🔵 НОВАЯ ПАРА!
  Синий — 5
  Длина цепочки: 4 раундов
  ++++++++++++++++++++++++++++++++++
     [W-678]  🔴5  vs  2🔵
     [W-679]  🔴5  vs  6🔵
     [W-680]  🔴3  vs  5🔵
     [W-681]  🔴1  vs  5🔵
  ++++++++++++++++++++++++++++++++++

[Telegram] Ошибка отправки сообщения в чат 1477129493: 403 Client Error: Forbidden for url: https://my-tg-proxy.iwantbunnygirl.workers.dev/bot8603609103:AAENi9LYuF8bXjwK9E1oZIIpG21UNZeZW5s/sendMessage
[Telegram] Ошибка отправки сообщения в чат 1329987939: 403 Client Error: Forbidden for url: https://my-tg-proxy.iwantbunnygirl.workers.dev/bot8603609103:AAENi9LYuF8bXjwK9E1oZIIpG21UNZeZW5s/sendMessage
[Telegram] Ошибка отправки сообщения в чат 705506250: 403 Client Error: Forbidden for url: https://my-tg-proxy.iwantbunnygirl.workers.dev/bot8603609103:AAENi9LYuF8bXjwK9E1oZIIpG21UNZeZW5s/sendMessage
[23:43:16] ▶ Раунд W-682 начался
[23:43:48] ✅ W-682   🔴6 vs 6🔵
[23:43:54] ▶ Раунд W-683 начался
[23:44:26] ✅ W-683   🔴6 vs 3🔵

  ++++++++++++++++++++++++++++++++++
  🔴 НОВАЯ ПАРА!
  Красный — 6
  Длина цепочки: 4 раундов
  ++++++++++++++++++++++++++++++++++
     [W-680]  🔴3  vs  5🔵
     [W-681]  🔴1  vs  5🔵
     [W-682]  🔴6  vs  6🔵
     [W-683]  🔴6  vs  3🔵
  ++++++++++++++++++++++++++++++++++

[Telegram] Ошибка отправки сообщения в чат 1477129493: 403 Client Error: Forbidden for url: https://my-tg-proxy.iwantbunnygirl.workers.dev/bot8603609103:AAENi9LYuF8bXjwK9E1oZIIpG21UNZeZW5s/sendMessage
[Telegram] Ошибка отправки сообщения в чат 1329987939: 403 Client Error: Forbidden for url: https://my-tg-proxy.iwantbunnygirl.workers.dev/bot8603609103:AAENi9LYuF8bXjwK9E1oZIIpG21UNZeZW5s/sendMessage
[Telegram] Ошибка отправки сообщения в чат 705506250: 403 Client Error: Forbidden for url: https://my-tg-proxy.iwantbunnygirl.workers.dev/bot8603609103:AAENi9LYuF8bXjwK9E1oZIIpG21UNZeZW5s/sendMessage
[23:44:32] ▶ Раунд W-684 начался
[23:45:04] ✅ W-684   🔴2 vs 2🔵
[23:45:10] ▶ Раунд W-685 начался
[23:45:42] ✅ W-685   🔴3 vs 5🔵
[23:45:48] ▶ Раунд W-686 начался
[23:46:20] ✅ W-686   🔴4 vs 3🔵
[23:46:26] ▶ Раунд W-687 начался
[23:46:58] ✅ W-687   🔴5 vs 2🔵
[23:47:04] ▶ Раунд W-688 начался
[23:47:36] ✅ W-688   🔴1 vs 1🔵
[23:47:43] ▶ Раунд W-689 начался
[23:48:14] ✅ W-689   🔴2 vs 1🔵

  ++++++++++++++++++++++++++++++++++
  🔵 НОВАЯ ПАРА!
  Синий — 1
  Длина цепочки: 8 раундов
  ++++++++++++++++++++++++++++++++++
     [W-682]  🔴6  vs  6🔵
     [W-683]  🔴6  vs  3🔵
     [W-684]  🔴2  vs  2🔵
     [W-685]  🔴3  vs  5🔵
     [W-686]  🔴4  vs  3🔵
     [W-687]  🔴5  vs  2🔵
     [W-688]  🔴1  vs  1🔵
     [W-689]  🔴2  vs  1🔵
  ++++++++++++++++++++++++++++++++++

[Telegram] Ошибка отправки сообщения в чат 1477129493: 403 Client Error: Forbidden for url: https://my-tg-proxy.iwantbunnygirl.workers.dev/bot8603609103:AAENi9LYuF8bXjwK9E1oZIIpG21UNZeZW5s/sendMessage
[Telegram] Ошибка отправки сообщения в чат 1329987939: 403 Client Error: Forbidden for url: https://my-tg-proxy.iwantbunnygirl.workers.dev/bot8603609103:AAENi9LYuF8bXjwK9E1oZIIpG21UNZeZW5s/sendMessage
[Telegram] Ошибка отправки сообщения в чат 705506250: 403 Client Error: Forbidden for url: https://my-tg-proxy.iwantbunnygirl.workers.dev/bot8603609103:AAENi9LYuF8bXjwK9E1oZIIpG21UNZeZW5s/sendMessage
[23:48:20] ▶ Раунд W-690 начался
[23:48:52] ✅ W-690   🔴6 vs 5🔵
[23:48:58] ▶ Раунд W-691 начался
[23:49:30] ✅ W-691   🔴3 vs 5🔵

  ~~~~~~~~~~~~~~~~~~~~~~~~~~~~~~~~~~
  🎲 МНОГО ПОСЛЕДОВАТЕЛЬНОСТЕЙ!
  Найдено: 4
  🔵55, 🔴66, 🔵11, 🔵55
  ~~~~~~~~~~~~~~~~~~~~~~~~~~~~~~~~~~
  🔥 [W-680]  🔴3  vs  5🔵
  🔥 [W-681]  🔴1  vs  5🔵
  🔥 [W-682]  🔴6  vs  6🔵
  🔥 [W-683]  🔴6  vs  3🔵
     [W-684]  🔴2  vs  2🔵
     [W-685]  🔴3  vs  5🔵
     [W-686]  🔴4  vs  3🔵
     [W-687]  🔴5  vs  2🔵
  🔥 [W-688]  🔴1  vs  1🔵
  🔥 [W-689]  🔴2  vs  1🔵
  🔥 [W-690]  🔴6  vs  5🔵
  🔥 [W-691]  🔴3  vs  5🔵
  ~~~~~~~~~~~~~~~~~~~~~~~~~~~~~~~~~~

[Telegram] Ошибка отправки сообщения в чат 1477129493: 403 Client Error: Forbidden for url: https://my-tg-proxy.iwantbunnygirl.workers.dev/bot8603609103:AAENi9LYuF8bXjwK9E1oZIIpG21UNZeZW5s/sendMessage
[Telegram] Ошибка отправки сообщения в чат 1329987939: 403 Client Error: Forbidden for url: https://my-tg-proxy.iwantbunnygirl.workers.dev/bot8603609103:AAENi9LYuF8bXjwK9E1oZIIpG21UNZeZW5s/sendMessage
[Telegram] Ошибка отправки сообщения в чат 705506250: 403 Client Error: Forbidden for url: https://my-tg-proxy.iwantbunnygirl.workers.dev/bot8603609103:AAENi9LYuF8bXjwK9E1oZIIpG21UNZeZW5s/sendMessage

  ++++++++++++++++++++++++++++++++++
  🔵 НОВАЯ ПАРА!
  Синий — 5
  Длина цепочки: 4 раундов
  ++++++++++++++++++++++++++++++++++
     [W-688]  🔴1  vs  1🔵
     [W-689]  🔴2  vs  1🔵
     [W-690]  🔴6  vs  5🔵
     [W-691]  🔴3  vs  5🔵
  ++++++++++++++++++++++++++++++++++

[Telegram] Ошибка отправки сообщения в чат 1477129493: 403 Client Error: Forbidden for url: https://my-tg-proxy.iwantbunnygirl.workers.dev/bot8603609103:AAENi9LYuF8bXjwK9E1oZIIpG21UNZeZW5s/sendMessage
[Telegram] Ошибка отправки сообщения в чат 1329987939: 403 Client Error: Forbidden for url: https://my-tg-proxy.iwantbunnygirl.workers.dev/bot8603609103:AAENi9LYuF8bXjwK9E1oZIIpG21UNZeZW5s/sendMessage
[Telegram] Ошибка отправки сообщения в чат 705506250: 403 Client Error: Forbidden for url: https://my-tg-proxy.iwantbunnygirl.workers.dev/bot8603609103:AAENi9LYuF8bXjwK9E1oZIIpG21UNZeZW5s/sendMessage
[23:49:36] ▶ Раунд W-692 начался
[23:50:08] ✅ W-692   🔴3 vs 5🔵
[23:50:14] ▶ Раунд W-693 начался
[23:50:46] ✅ W-693   🔴1 vs 2🔵
[23:50:52] ▶ Раунд W-694 начался
[23:51:24] ✅ W-694   🔴2 vs 5🔵

  ##################################
  🔴 XOX-ПАТТЕРН!
  Красный — 2
  Шаблон: xooooxoooox
  ##################################
  🎯 [W-684]  🔴2  vs  2🔵
     [W-685]  🔴3  vs  5🔵
     [W-686]  🔴4  vs  3🔵
     [W-687]  🔴5  vs  2🔵
     [W-688]  🔴1  vs  1🔵
  🎯 [W-689]  🔴2  vs  1🔵
     [W-690]  🔴6  vs  5🔵
     [W-691]  🔴3  vs  5🔵
     [W-692]  🔴3  vs  5🔵
     [W-693]  🔴1  vs  2🔵
  🎯 [W-694]  🔴2  vs  5🔵
  ##################################

[23:51:30] ▶ Раунд W-695 начался
[23:52:02] ✅ W-695   🔴6 vs 3🔵
[23:52:08] ▶ Раунд W-696 начался
[23:52:40] ✅ W-696   🔴3 vs 4🔵
[23:52:46] ▶ Раунд W-697 начался
[23:53:18] ✅ W-697   🔴2 vs 1🔵
[23:53:24] ▶ Раунд W-698 начался
[23:53:56] ✅ W-698   🔴2 vs 4🔵

  ++++++++++++++++++++++++++++++++++
  🔴 НОВАЯ ПАРА!
  Красный — 2
  Длина цепочки: 9 раундов
  ++++++++++++++++++++++++++++++++++
     [W-690]  🔴6  vs  5🔵
     [W-691]  🔴3  vs  5🔵
     [W-692]  🔴3  vs  5🔵
     [W-693]  🔴1  vs  2🔵
     [W-694]  🔴2  vs  5🔵
     [W-695]  🔴6  vs  3🔵
     [W-696]  🔴3  vs  4🔵
     [W-697]  🔴2  vs  1🔵
     [W-698]  🔴2  vs  4🔵
  ++++++++++++++++++++++++++++++++++

[Telegram] Ошибка отправки сообщения в чат 1477129493: 403 Client Error: Forbidden for url: https://my-tg-proxy.iwantbunnygirl.workers.dev/bot8603609103:AAENi9LYuF8bXjwK9E1oZIIpG21UNZeZW5s/sendMessage
[Telegram] Ошибка отправки сообщения в чат 1329987939: 403 Client Error: Forbidden for url: https://my-tg-proxy.iwantbunnygirl.workers.dev/bot8603609103:AAENi9LYuF8bXjwK9E1oZIIpG21UNZeZW5s/sendMessage
[Telegram] Ошибка отправки сообщения в чат 705506250: 403 Client Error: Forbidden for url: https://my-tg-proxy.iwantbunnygirl.workers.dev/bot8603609103:AAENi9LYuF8bXjwK9E1oZIIpG21UNZeZW5s/sendMessage
[23:54:02] ▶ Раунд W-699 начался
[23:54:23] ▶ Раунд W-700 начался
[23:54:55] ✅ W-700   🔴5 vs 2🔵

  ##################################
  🔵 XOX-ПАТТЕРН!
  Синий — 2
  Шаблон: xoooooxooooox
  ##################################
  🎯 [W-687]  🔴5  vs  2🔵
     [W-688]  🔴1  vs  1🔵
     [W-689]  🔴2  vs  1🔵
     [W-690]  🔴6  vs  5🔵
     [W-691]  🔴3  vs  5🔵
     [W-692]  🔴3  vs  5🔵
  🎯 [W-693]  🔴1  vs  2🔵
     [W-694]  🔴2  vs  5🔵
     [W-695]  🔴6  vs  3🔵
     [W-696]  🔴3  vs  4🔵
     [W-697]  🔴2  vs  1🔵
     [W-698]  🔴2  vs  4🔵
  🎯 [W-700]  🔴5  vs  2🔵
  ##################################

[23:55:01] ▶ Раунд W-701 начался
[23:55:33] ✅ W-701   🔴4 vs 5🔵
[23:55:39] ▶ Раунд W-702 начался
[23:56:11] ✅ W-702   🔴5 vs 1🔵
[23:56:17] ▶ Раунд W-703 начался
[23:56:49] ✅ W-703   🔴3 vs 2🔵
[23:56:55] ▶ Раунд W-704 начался
[23:57:27] ✅ W-704   🔴1 vs 6🔵
[23:57:33] ▶ Раунд W-705 начался
[23:58:05] ✅ W-705   🔴2 vs 1🔵
[23:58:11] ▶ Раунд W-706 начался
[23:58:43] ✅ W-706   🔴5 vs 1🔵

  ++++++++++++++++++++++++++++++++++
  🔵 НОВАЯ ПАРА!
  Синий — 1
  Длина цепочки: 9 раундов
  ++++++++++++++++++++++++++++++++++
     [W-697]  🔴2  vs  1🔵
     [W-698]  🔴2  vs  4🔵
     [W-700]  🔴5  vs  2🔵
     [W-701]  🔴4  vs  5🔵
     [W-702]  🔴5  vs  1🔵
     [W-703]  🔴3  vs  2🔵
     [W-704]  🔴1  vs  6🔵
     [W-705]  🔴2  vs  1🔵
     [W-706]  🔴5  vs  1🔵
  ++++++++++++++++++++++++++++++++++

[Telegram] Ошибка отправки сообщения в чат 1477129493: 403 Client Error: Forbidden for url: https://my-tg-proxy.iwantbunnygirl.workers.dev/bot8603609103:AAENi9LYuF8bXjwK9E1oZIIpG21UNZeZW5s/sendMessage
[Telegram] Ошибка отправки сообщения в чат 1329987939: 403 Client Error: Forbidden for url: https://my-tg-proxy.iwantbunnygirl.workers.dev/bot8603609103:AAENi9LYuF8bXjwK9E1oZIIpG21UNZeZW5s/sendMessage
[Telegram] Ошибка отправки сообщения в чат 705506250: 403 Client Error: Forbidden for url: https://my-tg-proxy.iwantbunnygirl.workers.dev/bot8603609103:AAENi9LYuF8bXjwK9E1oZIIpG21UNZeZW5s/sendMessage
[23:58:49] ▶ Раунд W-707 начался
[23:59:21] ✅ W-707   🔴1 vs 2🔵
[23:59:27] ▶ Раунд W-708 начался
[23:59:59] ✅ W-708   🔴2 vs 4🔵
[00:00:05] ▶ Раунд W-709 начался
[00:00:37] ✅ W-709   🔴2 vs 4🔵

  ~~~~~~~~~~~~~~~~~~~~~~~~~~~~~~~~~~
  🎲 МНОГО ПОСЛЕДОВАТЕЛЬНОСТЕЙ!
  Найдено: 4
  🔴33, 🔴22, 🔵11, 🔴22
  ~~~~~~~~~~~~~~~~~~~~~~~~~~~~~~~~~~
  🔥 [W-691]  🔴3  vs  5🔵
  🔥 [W-692]  🔴3  vs  5🔵
     [W-693]  🔴1  vs  2🔵
     [W-694]  🔴2  vs  5🔵
     [W-695]  🔴6  vs  3🔵
     [W-696]  🔴3  vs  4🔵
  🔥 [W-697]  🔴2  vs  1🔵
  🔥 [W-698]  🔴2  vs  4🔵
     [W-700]  🔴5  vs  2🔵
     [W-701]  🔴4  vs  5🔵
     [W-702]  🔴5  vs  1🔵
     [W-703]  🔴3  vs  2🔵
     [W-704]  🔴1  vs  6🔵
  🔥 [W-705]  🔴2  vs  1🔵
  🔥 [W-706]  🔴5  vs  1🔵
     [W-707]  🔴1  vs  2🔵
  🔥 [W-708]  🔴2  vs  4🔵
  🔥 [W-709]  🔴2  vs  4🔵
  ~~~~~~~~~~~~~~~~~~~~~~~~~~~~~~~~~~

[Telegram] Ошибка отправки сообщения в чат 1477129493: 403 Client Error: Forbidden for url: https://my-tg-proxy.iwantbunnygirl.workers.dev/bot8603609103:AAENi9LYuF8bXjwK9E1oZIIpG21UNZeZW5s/sendMessage
[Telegram] Ошибка отправки сообщения в чат 1329987939: 403 Client Error: Forbidden for url: https://my-tg-proxy.iwantbunnygirl.workers.dev/bot8603609103:AAENi9LYuF8bXjwK9E1oZIIpG21UNZeZW5s/sendMessage
[Telegram] Ошибка отправки сообщения в чат 705506250: 403 Client Error: Forbidden for url: https://my-tg-proxy.iwantbunnygirl.workers.dev/bot8603609103:AAENi9LYuF8bXjwK9E1oZIIpG21UNZeZW5s/sendMessage

  ++++++++++++++++++++++++++++++++++
  🔴 НОВАЯ ПАРА!
  Красный — 2
  Длина цепочки: 5 раундов
  ++++++++++++++++++++++++++++++++++
     [W-705]  🔴2  vs  1🔵
     [W-706]  🔴5  vs  1🔵
     [W-707]  🔴1  vs  2🔵
     [W-708]  🔴2  vs  4🔵
     [W-709]  🔴2  vs  4🔵
  ++++++++++++++++++++++++++++++++++

[Telegram] Ошибка отправки сообщения в чат 1477129493: 403 Client Error: Forbidden for url: https://my-tg-proxy.iwantbunnygirl.workers.dev/bot8603609103:AAENi9LYuF8bXjwK9E1oZIIpG21UNZeZW5s/sendMessage
[Telegram] Ошибка отправки сообщения в чат 1329987939: 403 Client Error: Forbidden for url: https://my-tg-proxy.iwantbunnygirl.workers.dev/bot8603609103:AAENi9LYuF8bXjwK9E1oZIIpG21UNZeZW5s/sendMessage
[Telegram] Ошибка отправки сообщения в чат 705506250: 403 Client Error: Forbidden for url: https://my-tg-proxy.iwantbunnygirl.workers.dev/bot8603609103:AAENi9LYuF8bXjwK9E1oZIIpG21UNZeZW5s/sendMessage
[00:00:43] ▶ Раунд W-710 начался
[00:01:15] ✅ W-710   🔴3 vs 4🔵
[00:01:21] ▶ Раунд W-711 начался
[00:01:53] ✅ W-711   🔴2 vs 4🔵

  ──────────────────────────────────
  🔵 ПАТТЕРН!
  Синий — 4
  четыре подряд подряд
  ──────────────────────────────────
  ⬅️ [W-706]  🔴5  vs  1🔵
  ⬅️ [W-707]  🔴1  vs  2🔵
  🔥 [W-708]  🔴2  vs  4🔵
  🔥 [W-709]  🔴2  vs  4🔵
  🔥 [W-710]  🔴3  vs  4🔵
  🔥 [W-711]  🔴2  vs  4🔵
  ──────────────────────────────────

[00:01:59] ▶ Раунд W-712 начался
[00:02:31] ✅ W-712   🔴1 vs 3🔵
[00:02:37] ▶ Раунд W-713 начался
[00:03:09] ✅ W-713   🔴5 vs 3🔵

  ··································
  📊 СТАТИСТИКА!
  Синий — 4
  четыре подряд подряд
  ··································
  ⬅️ [W-706]  🔴5  vs  1🔵
  ⬅️ [W-707]  🔴1  vs  2🔵
  🔥 [W-708]  🔴2  vs  4🔵
  🔥 [W-709]  🔴2  vs  4🔵
  🔥 [W-710]  🔴3  vs  4🔵
  🔥 [W-711]  🔴2  vs  4🔵
  🆕 [W-712]  🔴1  vs  3🔵
  🆕 [W-713]  🔴5  vs  3🔵
  ··································


  ++++++++++++++++++++++++++++++++++
  🔵 НОВАЯ ПАРА!
  Синий — 3
  Длина цепочки: 6 раундов
  ++++++++++++++++++++++++++++++++++
     [W-708]  🔴2  vs  4🔵
     [W-709]  🔴2  vs  4🔵
     [W-710]  🔴3  vs  4🔵
     [W-711]  🔴2  vs  4🔵
     [W-712]  🔴1  vs  3🔵
     [W-713]  🔴5  vs  3🔵
  ++++++++++++++++++++++++++++++++++

[Telegram] Ошибка отправки сообщения в чат 1477129493: 403 Client Error: Forbidden for url: https://my-tg-proxy.iwantbunnygirl.workers.dev/bot8603609103:AAENi9LYuF8bXjwK9E1oZIIpG21UNZeZW5s/sendMessage
[Telegram] Ошибка отправки сообщения в чат 1329987939: 403 Client Error: Forbidden for url: https://my-tg-proxy.iwantbunnygirl.workers.dev/bot8603609103:AAENi9LYuF8bXjwK9E1oZIIpG21UNZeZW5s/sendMessage
[Telegram] Ошибка отправки сообщения в чат 705506250: 403 Client Error: Forbidden for url: https://my-tg-proxy.iwantbunnygirl.workers.dev/bot8603609103:AAENi9LYuF8bXjwK9E1oZIIpG21UNZeZW5s/sendMessage
[00:03:15] ▶ Раунд W-714 начался
[00:03:47] ✅ W-714   🔴2 vs 3🔵
[00:03:53] ▶ Раунд W-715 начался
[00:04:25] ✅ W-715   🔴5 vs 5🔵
[00:04:31] ▶ Раунд W-716 начался
[00:05:03] ✅ W-716   🔴6 vs 5🔵

  ++++++++++++++++++++++++++++++++++
  🔵 НОВАЯ ПАРА!
  Синий — 5
  Длина цепочки: 5 раундов
  ++++++++++++++++++++++++++++++++++
     [W-712]  🔴1  vs  3🔵
     [W-713]  🔴5  vs  3🔵
     [W-714]  🔴2  vs  3🔵
     [W-715]  🔴5  vs  5🔵
     [W-716]  🔴6  vs  5🔵
  ++++++++++++++++++++++++++++++++++

[Telegram] Ошибка отправки сообщения в чат 1477129493: 403 Client Error: Forbidden for url: https://my-tg-proxy.iwantbunnygirl.workers.dev/bot8603609103:AAENi9LYuF8bXjwK9E1oZIIpG21UNZeZW5s/sendMessage
[Telegram] Ошибка отправки сообщения в чат 1329987939: 403 Client Error: Forbidden for url: https://my-tg-proxy.iwantbunnygirl.workers.dev/bot8603609103:AAENi9LYuF8bXjwK9E1oZIIpG21UNZeZW5s/sendMessage
[Telegram] Ошибка отправки сообщения в чат 705506250: 403 Client Error: Forbidden for url: https://my-tg-proxy.iwantbunnygirl.workers.dev/bot8603609103:AAENi9LYuF8bXjwK9E1oZIIpG21UNZeZW5s/sendMessage
[00:05:09] ▶ Раунд W-717 начался
[00:05:41] ✅ W-717   🔴5 vs 3🔵

  ##################################
  🔴 XOX-ПАТТЕРН!
  Красный — 5
  Шаблон: xoxox
  ##################################
  🎯 [W-713]  🔴5  vs  3🔵
     [W-714]  🔴2  vs  3🔵
  🎯 [W-715]  🔴5  vs  5🔵
     [W-716]  🔴6  vs  5🔵
  🎯 [W-717]  🔴5  vs  3🔵
  ##################################

[00:05:47] ▶ Раунд W-718 начался
[00:06:19] ✅ W-718   🔴1 vs 4🔵
[00:06:25] ▶ Раунд W-719 начался
[00:06:57] ✅ W-719   🔴3 vs 3🔵
[00:07:03] ▶ Раунд W-720 начался
[00:07:35] ✅ W-720   🔴5 vs 5🔵
[00:07:41] ▶ Раунд W-721 начался
[00:08:13] ✅ W-721   🔴1 vs 6🔵
[00:08:19] ▶ Раунд W-722 начался
[00:08:51] ✅ W-722   🔴2 vs 2🔵
[00:08:57] ▶ Раунд W-723 начался
[00:09:29] ✅ W-723   🔴4 vs 3🔵
[00:09:35] ▶ Раунд W-724 начался
[00:10:07] ✅ W-724   🔴3 vs 3🔵

  ~~~~~~~~~~~~~~~~~~~~~~~~~~~~~~~~~~
  🎲 МНОГО ПОСЛЕДОВАТЕЛЬНОСТЕЙ!
  Найдено: 4
  🔵44, 🔵33, 🔵55, 🔵33
  ~~~~~~~~~~~~~~~~~~~~~~~~~~~~~~~~~~
  🔥 [W-708]  🔴2  vs  4🔵
  🔥 [W-709]  🔴2  vs  4🔵
     [W-710]  🔴3  vs  4🔵
     [W-711]  🔴2  vs  4🔵
  🔥 [W-712]  🔴1  vs  3🔵
  🔥 [W-713]  🔴5  vs  3🔵
     [W-714]  🔴2  vs  3🔵
  🔥 [W-715]  🔴5  vs  5🔵
  🔥 [W-716]  🔴6  vs  5🔵
     [W-717]  🔴5  vs  3🔵
     [W-718]  🔴1  vs  4🔵
     [W-719]  🔴3  vs  3🔵
     [W-720]  🔴5  vs  5🔵
     [W-721]  🔴1  vs  6🔵
     [W-722]  🔴2  vs  2🔵
  🔥 [W-723]  🔴4  vs  3🔵
  🔥 [W-724]  🔴3  vs  3🔵
  ~~~~~~~~~~~~~~~~~~~~~~~~~~~~~~~~~~

[Telegram] Ошибка отправки сообщения в чат 1477129493: 403 Client Error: Forbidden for url: https://my-tg-proxy.iwantbunnygirl.workers.dev/bot8603609103:AAENi9LYuF8bXjwK9E1oZIIpG21UNZeZW5s/sendMessage
[Telegram] Ошибка отправки сообщения в чат 1329987939: 403 Client Error: Forbidden for url: https://my-tg-proxy.iwantbunnygirl.workers.dev/bot8603609103:AAENi9LYuF8bXjwK9E1oZIIpG21UNZeZW5s/sendMessage
[Telegram] Ошибка отправки сообщения в чат 705506250: 403 Client Error: Forbidden for url: https://my-tg-proxy.iwantbunnygirl.workers.dev/bot8603609103:AAENi9LYuF8bXjwK9E1oZIIpG21UNZeZW5s/sendMessage

  ++++++++++++++++++++++++++++++++++
  🔵 НОВАЯ ПАРА!
  Синий — 3
  Длина цепочки: 10 раундов
  ++++++++++++++++++++++++++++++++++
     [W-715]  🔴5  vs  5🔵
     [W-716]  🔴6  vs  5🔵
     [W-717]  🔴5  vs  3🔵
     [W-718]  🔴1  vs  4🔵
     [W-719]  🔴3  vs  3🔵
     [W-720]  🔴5  vs  5🔵
     [W-721]  🔴1  vs  6🔵
     [W-722]  🔴2  vs  2🔵
     [W-723]  🔴4  vs  3🔵
     [W-724]  🔴3  vs  3🔵
  ++++++++++++++++++++++++++++++++++

[Telegram] Ошибка отправки сообщения в чат 1477129493: 403 Client Error: Forbidden for url: https://my-tg-proxy.iwantbunnygirl.workers.dev/bot8603609103:AAENi9LYuF8bXjwK9E1oZIIpG21UNZeZW5s/sendMessage
[Telegram] Ошибка отправки сообщения в чат 1329987939: 403 Client Error: Forbidden for url: https://my-tg-proxy.iwantbunnygirl.workers.dev/bot8603609103:AAENi9LYuF8bXjwK9E1oZIIpG21UNZeZW5s/sendMessage
[Telegram] Ошибка отправки сообщения в чат 705506250: 403 Client Error: Forbidden for url: https://my-tg-proxy.iwantbunnygirl.workers.dev/bot8603609103:AAENi9LYuF8bXjwK9E1oZIIpG21UNZeZW5s/sendMessage
[00:10:13] ▶ Раунд W-725 начался
[00:10:45] ✅ W-725   🔴5 vs 5🔵
[00:10:51] ▶ Раунд W-726 начался
[00:11:23] ✅ W-726   🔴4 vs 6🔵
[00:11:29] ▶ Раунд W-727 начался
[00:12:01] ✅ W-727   🔴3 vs 6🔵

  ++++++++++++++++++++++++++++++++++
  🔵 НОВАЯ ПАРА!
  Синий — 6
  Длина цепочки: 5 раундов
  ++++++++++++++++++++++++++++++++++
     [W-723]  🔴4  vs  3🔵
     [W-724]  🔴3  vs  3🔵
     [W-725]  🔴5  vs  5🔵
     [W-726]  🔴4  vs  6🔵
     [W-727]  🔴3  vs  6🔵
  ++++++++++++++++++++++++++++++++++

[Telegram] Ошибка отправки сообщения в чат 1477129493: 403 Client Error: Forbidden for url: https://my-tg-proxy.iwantbunnygirl.workers.dev/bot8603609103:AAENi9LYuF8bXjwK9E1oZIIpG21UNZeZW5s/sendMessage
[Telegram] Ошибка отправки сообщения в чат 1329987939: 403 Client Error: Forbidden for url: https://my-tg-proxy.iwantbunnygirl.workers.dev/bot8603609103:AAENi9LYuF8bXjwK9E1oZIIpG21UNZeZW5s/sendMessage
[Telegram] Ошибка отправки сообщения в чат 705506250: 403 Client Error: Forbidden for url: https://my-tg-proxy.iwantbunnygirl.workers.dev/bot8603609103:AAENi9LYuF8bXjwK9E1oZIIpG21UNZeZW5s/sendMessage
[00:12:07] ▶ Раунд W-728 начался
[00:12:39] ✅ W-728   🔴3 vs 5🔵
[00:12:45] ▶ Раунд W-729 начался
[00:13:17] ✅ W-729   🔴2 vs 6🔵
[00:13:23] ▶ Раунд W-730 начался
[00:13:55] ✅ W-730   🔴5 vs 3🔵

  ##################################
  🔴 XOX-ПАТТЕРН!
  Красный — 5
  Шаблон: xooooxoooox
  ##################################
  🎯 [W-720]  🔴5  vs  5🔵
     [W-721]  🔴1  vs  6🔵
     [W-722]  🔴2  vs  2🔵
     [W-723]  🔴4  vs  3🔵
     [W-724]  🔴3  vs  3🔵
  🎯 [W-725]  🔴5  vs  5🔵
     [W-726]  🔴4  vs  6🔵
     [W-727]  🔴3  vs  6🔵
     [W-728]  🔴3  vs  5🔵
     [W-729]  🔴2  vs  6🔵
  🎯 [W-730]  🔴5  vs  3🔵
  ##################################

[00:14:01] ▶ Раунд W-731 начался
[00:14:33] ✅ W-731   🔴4 vs 2🔵
[00:14:39] ▶ Раунд W-732 начался
[00:15:11] ✅ W-732   🔴5 vs 4🔵
[00:15:17] ▶ Раунд W-733 начался
[00:15:49] ✅ W-733   🔴6 vs 3🔵
[00:15:55] ▶ Раунд W-734 начался
[00:16:27] ✅ W-734   🔴4 vs 6🔵
[00:16:33] ▶ Раунд W-735 начался
[00:17:05] ✅ W-735   🔴6 vs 4🔵
[00:17:11] ▶ Раунд W-736 начался
[00:17:43] ✅ W-736   🔴3 vs 6🔵
[00:17:49] ▶ Раунд W-737 начался
[00:18:21] ✅ W-737   🔴2 vs 5🔵
[00:18:27] ▶ Раунд W-738 начался
[00:18:59] ✅ W-738   🔴3 vs 1🔵
[00:19:05] ▶ Раунд W-739 начался
[00:19:37] ✅ W-739   🔴2 vs 5🔵
[00:19:43] ▶ Раунд W-740 начался
[00:20:15] ✅ W-740   🔴6 vs 3🔵
[00:20:21] ▶ Раунд W-741 начался
[00:20:53] ✅ W-741   🔴4 vs 5🔵

  ##################################
  🔵 XOX-ПАТТЕРН!
  Синий — 5
  Шаблон: xoxox
  ##################################
  🎯 [W-737]  🔴2  vs  5🔵
     [W-738]  🔴3  vs  1🔵
  🎯 [W-739]  🔴2  vs  5🔵
     [W-740]  🔴6  vs  3🔵
  🎯 [W-741]  🔴4  vs  5🔵
  ##################################

[00:20:59] ▶ Раунд W-742 начался
[00:21:31] ✅ W-742   🔴2 vs 4🔵
[00:21:37] ▶ Раунд W-743 начался
[00:22:09] ✅ W-743   🔴3 vs 3🔵
[00:22:15] ▶ Раунд W-744 начался
[00:22:47] ✅ W-744   🔴2 vs 3🔵

  ++++++++++++++++++++++++++++++++++
  🔵 НОВАЯ ПАРА!
  Синий — 3
  Длина цепочки: 19 раундов
  ++++++++++++++++++++++++++++++++++
     [W-726]  🔴4  vs  6🔵
     [W-727]  🔴3  vs  6🔵
     [W-728]  🔴3  vs  5🔵
     [W-729]  🔴2  vs  6🔵
     [W-730]  🔴5  vs  3🔵
     [W-731]  🔴4  vs  2🔵
     [W-732]  🔴5  vs  4🔵
     [W-733]  🔴6  vs  3🔵
     [W-734]  🔴4  vs  6🔵
     [W-735]  🔴6  vs  4🔵
     [W-736]  🔴3  vs  6🔵
     [W-737]  🔴2  vs  5🔵
     [W-738]  🔴3  vs  1🔵
     [W-739]  🔴2  vs  5🔵
     [W-740]  🔴6  vs  3🔵
     [W-741]  🔴4  vs  5🔵
     [W-742]  🔴2  vs  4🔵
     [W-743]  🔴3  vs  3🔵
     [W-744]  🔴2  vs  3🔵
  ++++++++++++++++++++++++++++++++++

[Telegram] Ошибка отправки сообщения в чат 1477129493: 403 Client Error: Forbidden for url: https://my-tg-proxy.iwantbunnygirl.workers.dev/bot8603609103:AAENi9LYuF8bXjwK9E1oZIIpG21UNZeZW5s/sendMessage
[Telegram] Ошибка отправки сообщения в чат 1329987939: 403 Client Error: Forbidden for url: https://my-tg-proxy.iwantbunnygirl.workers.dev/bot8603609103:AAENi9LYuF8bXjwK9E1oZIIpG21UNZeZW5s/sendMessage
[Telegram] Ошибка отправки сообщения в чат 705506250: 403 Client Error: Forbidden for url: https://my-tg-proxy.iwantbunnygirl.workers.dev/bot8603609103:AAENi9LYuF8bXjwK9E1oZIIpG21UNZeZW5s/sendMessage
[00:22:53] ▶ Раунд W-745 начался
[00:23:25] ✅ W-745   🔴4 vs 1🔵
[00:23:31] ▶ Раунд W-746 начался
[00:24:03] ✅ W-746   🔴1 vs 1🔵

  ~~~~~~~~~~~~~~~~~~~~~~~~~~~~~~~~~~
  🎲 МНОГО ПОСЛЕДОВАТЕЛЬНОСТЕЙ!
  Найдено: 4
  🔵66, 🔴33, 🔵33, 🔵11
  ~~~~~~~~~~~~~~~~~~~~~~~~~~~~~~~~~~
  🔥 [W-726]  🔴4  vs  6🔵
  🔥 [W-727]  🔴3  vs  6🔵
  🔥 [W-728]  🔴3  vs  5🔵
     [W-729]  🔴2  vs  6🔵
     [W-730]  🔴5  vs  3🔵
     [W-731]  🔴4  vs  2🔵
     [W-732]  🔴5  vs  4🔵
     [W-733]  🔴6  vs  3🔵
     [W-734]  🔴4  vs  6🔵
     [W-735]  🔴6  vs  4🔵
     [W-736]  🔴3  vs  6🔵
     [W-737]  🔴2  vs  5🔵
     [W-738]  🔴3  vs  1🔵
     [W-739]  🔴2  vs  5🔵
     [W-740]  🔴6  vs  3🔵
     [W-741]  🔴4  vs  5🔵
     [W-742]  🔴2  vs  4🔵
  🔥 [W-743]  🔴3  vs  3🔵
  🔥 [W-744]  🔴2  vs  3🔵
  🔥 [W-745]  🔴4  vs  1🔵
  🔥 [W-746]  🔴1  vs  1🔵
  ~~~~~~~~~~~~~~~~~~~~~~~~~~~~~~~~~~

[Telegram] Ошибка отправки сообщения в чат 1477129493: 403 Client Error: Forbidden for url: https://my-tg-proxy.iwantbunnygirl.workers.dev/bot8603609103:AAENi9LYuF8bXjwK9E1oZIIpG21UNZeZW5s/sendMessage
[Telegram] Ошибка отправки сообщения в чат 1329987939: 403 Client Error: Forbidden for url: https://my-tg-proxy.iwantbunnygirl.workers.dev/bot8603609103:AAENi9LYuF8bXjwK9E1oZIIpG21UNZeZW5s/sendMessage
[Telegram] Ошибка отправки сообщения в чат 705506250: 403 Client Error: Forbidden for url: https://my-tg-proxy.iwantbunnygirl.workers.dev/bot8603609103:AAENi9LYuF8bXjwK9E1oZIIpG21UNZeZW5s/sendMessage

  ++++++++++++++++++++++++++++++++++
  🔵 НОВАЯ ПАРА!
  Синий — 1
  Длина цепочки: 4 раундов
  ++++++++++++++++++++++++++++++++++
     [W-743]  🔴3  vs  3🔵
     [W-744]  🔴2  vs  3🔵
     [W-745]  🔴4  vs  1🔵
     [W-746]  🔴1  vs  1🔵
  ++++++++++++++++++++++++++++++++++

[Telegram] Ошибка отправки сообщения в чат 1477129493: 403 Client Error: Forbidden for url: https://my-tg-proxy.iwantbunnygirl.workers.dev/bot8603609103:AAENi9LYuF8bXjwK9E1oZIIpG21UNZeZW5s/sendMessage
[Telegram] Ошибка отправки сообщения в чат 1329987939: 403 Client Error: Forbidden for url: https://my-tg-proxy.iwantbunnygirl.workers.dev/bot8603609103:AAENi9LYuF8bXjwK9E1oZIIpG21UNZeZW5s/sendMessage
[Telegram] Ошибка отправки сообщения в чат 705506250: 403 Client Error: Forbidden for url: https://my-tg-proxy.iwantbunnygirl.workers.dev/bot8603609103:AAENi9LYuF8bXjwK9E1oZIIpG21UNZeZW5s/sendMessage
[00:24:09] ▶ Раунд W-747 начался
[00:24:41] ✅ W-747   🔴3 vs 5🔵
[00:24:47] ▶ Раунд W-748 начался
[00:25:19] ✅ W-748   🔴4 vs 2🔵
[00:25:25] ▶ Раунд W-749 начался
[00:25:57] ✅ W-749   🔴6 vs 5🔵
[00:26:03] ▶ Раунд W-750 начался
[00:26:35] ✅ W-750   🔴5 vs 2🔵
[00:26:41] ▶ Раунд W-751 начался
[00:27:13] ✅ W-751   🔴3 vs 2🔵

  ##################################
  🔴 XOX-ПАТТЕРН!
  Красный — 3
  Шаблон: xoooxooox
  ##################################
  🎯 [W-743]  🔴3  vs  3🔵
     [W-744]  🔴2  vs  3🔵
     [W-745]  🔴4  vs  1🔵
     [W-746]  🔴1  vs  1🔵
  🎯 [W-747]  🔴3  vs  5🔵
     [W-748]  🔴4  vs  2🔵
     [W-749]  🔴6  vs  5🔵
     [W-750]  🔴5  vs  2🔵
  🎯 [W-751]  🔴3  vs  2🔵
  ##################################


  ++++++++++++++++++++++++++++++++++
  🔵 НОВАЯ ПАРА!
  Синий — 2
  Длина цепочки: 7 раундов
  ++++++++++++++++++++++++++++++++++
     [W-745]  🔴4  vs  1🔵
     [W-746]  🔴1  vs  1🔵
     [W-747]  🔴3  vs  5🔵
     [W-748]  🔴4  vs  2🔵
     [W-749]  🔴6  vs  5🔵
     [W-750]  🔴5  vs  2🔵
     [W-751]  🔴3  vs  2🔵
  ++++++++++++++++++++++++++++++++++

[Telegram] Ошибка отправки сообщения в чат 1477129493: 403 Client Error: Forbidden for url: https://my-tg-proxy.iwantbunnygirl.workers.dev/bot8603609103:AAENi9LYuF8bXjwK9E1oZIIpG21UNZeZW5s/sendMessage
[Telegram] Ошибка отправки сообщения в чат 1329987939: 403 Client Error: Forbidden for url: https://my-tg-proxy.iwantbunnygirl.workers.dev/bot8603609103:AAENi9LYuF8bXjwK9E1oZIIpG21UNZeZW5s/sendMessage
[Telegram] Ошибка отправки сообщения в чат 705506250: 403 Client Error: Forbidden for url: https://my-tg-proxy.iwantbunnygirl.workers.dev/bot8603609103:AAENi9LYuF8bXjwK9E1oZIIpG21UNZeZW5s/sendMessage
[00:27:19] ▶ Раунд W-752 начался
[00:27:51] ✅ W-752   🔴3 vs 2🔵
[00:27:57] ▶ Раунд W-753 начался
[00:28:29] ✅ W-753   🔴1 vs 4🔵
[00:28:35] ▶ Раунд W-754 начался
[00:29:07] ✅ W-754   🔴4 vs 4🔵

  ++++++++++++++++++++++++++++++++++
  🔵 НОВАЯ ПАРА!
  Синий — 4
  Длина цепочки: 5 раундов
  ++++++++++++++++++++++++++++++++++
     [W-750]  🔴5  vs  2🔵
     [W-751]  🔴3  vs  2🔵
     [W-752]  🔴3  vs  2🔵
     [W-753]  🔴1  vs  4🔵
     [W-754]  🔴4  vs  4🔵
  ++++++++++++++++++++++++++++++++++

[Telegram] Ошибка отправки сообщения в чат 1477129493: 403 Client Error: Forbidden for url: https://my-tg-proxy.iwantbunnygirl.workers.dev/bot8603609103:AAENi9LYuF8bXjwK9E1oZIIpG21UNZeZW5s/sendMessage
[Telegram] Ошибка отправки сообщения в чат 1329987939: 403 Client Error: Forbidden for url: https://my-tg-proxy.iwantbunnygirl.workers.dev/bot8603609103:AAENi9LYuF8bXjwK9E1oZIIpG21UNZeZW5s/sendMessage
[Telegram] Ошибка отправки сообщения в чат 705506250: 403 Client Error: Forbidden for url: https://my-tg-proxy.iwantbunnygirl.workers.dev/bot8603609103:AAENi9LYuF8bXjwK9E1oZIIpG21UNZeZW5s/sendMessage
[00:29:13] ▶ Раунд W-755 начался
[00:29:45] ✅ W-755   🔴1 vs 2🔵
[00:29:51] ▶ Раунд W-756 начался
[00:30:23] ✅ W-756   🔴3 vs 1🔵
[00:30:29] ▶ Раунд W-757 начался
[00:31:01] ✅ W-757   🔴6 vs 3🔵
[00:31:07] ▶ Раунд W-758 начался
[00:31:39] ✅ W-758   🔴3 vs 5🔵
[00:31:45] ▶ Раунд W-759 начался
[00:32:17] ✅ W-759   🔴1 vs 2🔵
[00:32:23] ▶ Раунд W-760 начался
[00:32:55] ✅ W-760   🔴1 vs 4🔵

  ~~~~~~~~~~~~~~~~~~~~~~~~~~~~~~~~~~
  🎲 МНОГО ПОСЛЕДОВАТЕЛЬНОСТЕЙ!
  Найдено: 4
  🔵22, 🔴33, 🔵44, 🔴11
  ~~~~~~~~~~~~~~~~~~~~~~~~~~~~~~~~~~
  🔥 [W-750]  🔴5  vs  2🔵
  🔥 [W-751]  🔴3  vs  2🔵
  🔥 [W-752]  🔴3  vs  2🔵
  🔥 [W-753]  🔴1  vs  4🔵
  🔥 [W-754]  🔴4  vs  4🔵
     [W-755]  🔴1  vs  2🔵
     [W-756]  🔴3  vs  1🔵
     [W-757]  🔴6  vs  3🔵
     [W-758]  🔴3  vs  5🔵
  🔥 [W-759]  🔴1  vs  2🔵
  🔥 [W-760]  🔴1  vs  4🔵
  ~~~~~~~~~~~~~~~~~~~~~~~~~~~~~~~~~~

[Telegram] Ошибка отправки сообщения в чат 1477129493: 403 Client Error: Forbidden for url: https://my-tg-proxy.iwantbunnygirl.workers.dev/bot8603609103:AAENi9LYuF8bXjwK9E1oZIIpG21UNZeZW5s/sendMessage
[Telegram] Ошибка отправки сообщения в чат 1329987939: 403 Client Error: Forbidden for url: https://my-tg-proxy.iwantbunnygirl.workers.dev/bot8603609103:AAENi9LYuF8bXjwK9E1oZIIpG21UNZeZW5s/sendMessage
[Telegram] Ошибка отправки сообщения в чат 705506250: 403 Client Error: Forbidden for url: https://my-tg-proxy.iwantbunnygirl.workers.dev/bot8603609103:AAENi9LYuF8bXjwK9E1oZIIpG21UNZeZW5s/sendMessage

  ++++++++++++++++++++++++++++++++++
  🔴 НОВАЯ ПАРА!
  Красный — 1
  Длина цепочки: 8 раундов
  ++++++++++++++++++++++++++++++++++
     [W-753]  🔴1  vs  4🔵
     [W-754]  🔴4  vs  4🔵
     [W-755]  🔴1  vs  2🔵
     [W-756]  🔴3  vs  1🔵
     [W-757]  🔴6  vs  3🔵
     [W-758]  🔴3  vs  5🔵
     [W-759]  🔴1  vs  2🔵
     [W-760]  🔴1  vs  4🔵
  ++++++++++++++++++++++++++++++++++

[Telegram] Ошибка отправки сообщения в чат 1477129493: 403 Client Error: Forbidden for url: https://my-tg-proxy.iwantbunnygirl.workers.dev/bot8603609103:AAENi9LYuF8bXjwK9E1oZIIpG21UNZeZW5s/sendMessage
[Telegram] Ошибка отправки сообщения в чат 1329987939: 403 Client Error: Forbidden for url: https://my-tg-proxy.iwantbunnygirl.workers.dev/bot8603609103:AAENi9LYuF8bXjwK9E1oZIIpG21UNZeZW5s/sendMessage
[Telegram] Ошибка отправки сообщения в чат 705506250: 403 Client Error: Forbidden for url: https://my-tg-proxy.iwantbunnygirl.workers.dev/bot8603609103:AAENi9LYuF8bXjwK9E1oZIIpG21UNZeZW5s/sendMessage
[00:33:01] ▶ Раунд W-761 начался
[00:33:33] ✅ W-761   🔴2 vs 6🔵
[00:33:39] ▶ Раунд W-762 начался
[00:34:11] ✅ W-762   🔴5 vs 5🔵
[00:34:17] ▶ Раунд W-763 начался
[00:34:49] ✅ W-763   🔴3 vs 1🔵
[00:34:55] ▶ Раунд W-764 начался
[00:35:27] ✅ W-764   🔴4 vs 1🔵

  ++++++++++++++++++++++++++++++++++
  🔵 НОВАЯ ПАРА!
  Синий — 1
  Длина цепочки: 6 раундов
  ++++++++++++++++++++++++++++++++++
     [W-759]  🔴1  vs  2🔵
     [W-760]  🔴1  vs  4🔵
     [W-761]  🔴2  vs  6🔵
     [W-762]  🔴5  vs  5🔵
     [W-763]  🔴3  vs  1🔵
     [W-764]  🔴4  vs  1🔵
  ++++++++++++++++++++++++++++++++++

[Telegram] Ошибка отправки сообщения в чат 1477129493: 403 Client Error: Forbidden for url: https://my-tg-proxy.iwantbunnygirl.workers.dev/bot8603609103:AAENi9LYuF8bXjwK9E1oZIIpG21UNZeZW5s/sendMessage
[Telegram] Ошибка отправки сообщения в чат 1329987939: 403 Client Error: Forbidden for url: https://my-tg-proxy.iwantbunnygirl.workers.dev/bot8603609103:AAENi9LYuF8bXjwK9E1oZIIpG21UNZeZW5s/sendMessage
[Telegram] Ошибка отправки сообщения в чат 705506250: 403 Client Error: Forbidden for url: https://my-tg-proxy.iwantbunnygirl.workers.dev/bot8603609103:AAENi9LYuF8bXjwK9E1oZIIpG21UNZeZW5s/sendMessage
[00:35:33] ▶ Раунд W-765 начался
[00:36:05] ✅ W-765   🔴5 vs 3🔵
[00:36:11] ▶ Раунд W-766 начался
[00:36:43] ✅ W-766   🔴5 vs 4🔵

  ##################################
  🔵 XOX-ПАТТЕРН!
  Синий — 4
  Шаблон: xoooooxooooox
  ##################################
  🎯 [W-754]  🔴4  vs  4🔵
     [W-755]  🔴1  vs  2🔵
     [W-756]  🔴3  vs  1🔵
     [W-757]  🔴6  vs  3🔵
     [W-758]  🔴3  vs  5🔵
     [W-759]  🔴1  vs  2🔵
  🎯 [W-760]  🔴1  vs  4🔵
     [W-761]  🔴2  vs  6🔵
     [W-762]  🔴5  vs  5🔵
     [W-763]  🔴3  vs  1🔵
     [W-764]  🔴4  vs  1🔵
     [W-765]  🔴5  vs  3🔵
  🎯 [W-766]  🔴5  vs  4🔵
  ##################################


  ++++++++++++++++++++++++++++++++++
  🔴 НОВАЯ ПАРА!
  Красный — 5
  Длина цепочки: 4 раундов
  ++++++++++++++++++++++++++++++++++
     [W-763]  🔴3  vs  1🔵
     [W-764]  🔴4  vs  1🔵
     [W-765]  🔴5  vs  3🔵
     [W-766]  🔴5  vs  4🔵
  ++++++++++++++++++++++++++++++++++

[Telegram] Ошибка отправки сообщения в чат 1477129493: 403 Client Error: Forbidden for url: https://my-tg-proxy.iwantbunnygirl.workers.dev/bot8603609103:AAENi9LYuF8bXjwK9E1oZIIpG21UNZeZW5s/sendMessage
[Telegram] Ошибка отправки сообщения в чат 1329987939: 403 Client Error: Forbidden for url: https://my-tg-proxy.iwantbunnygirl.workers.dev/bot8603609103:AAENi9LYuF8bXjwK9E1oZIIpG21UNZeZW5s/sendMessage
[Telegram] Ошибка отправки сообщения в чат 705506250: 403 Client Error: Forbidden for url: https://my-tg-proxy.iwantbunnygirl.workers.dev/bot8603609103:AAENi9LYuF8bXjwK9E1oZIIpG21UNZeZW5s/sendMessage
[00:36:49] ▶ Раунд W-767 начался
[00:37:21] ✅ W-767   🔴2 vs 3🔵
[00:37:27] ▶ Раунд W-768 начался
[00:37:59] ✅ W-768   🔴4 vs 2🔵
[00:38:05] ▶ Раунд W-769 начался
[00:38:37] ✅ W-769   🔴1 vs 4🔵
[00:38:43] ▶ Раунд W-770 начался
[00:39:15] ✅ W-770   🔴4 vs 2🔵
[00:39:21] ▶ Раунд W-771 начался
[00:39:53] ✅ W-771   🔴6 vs 1🔵
[00:39:59] ▶ Раунд W-772 начался
[00:40:31] ✅ W-772   🔴6 vs 5🔵

  ++++++++++++++++++++++++++++++++++
  🔴 НОВАЯ ПАРА!
  Красный — 6
  Длина цепочки: 8 раундов
  ++++++++++++++++++++++++++++++++++
     [W-765]  🔴5  vs  3🔵
     [W-766]  🔴5  vs  4🔵
     [W-767]  🔴2  vs  3🔵
     [W-768]  🔴4  vs  2🔵
     [W-769]  🔴1  vs  4🔵
     [W-770]  🔴4  vs  2🔵
     [W-771]  🔴6  vs  1🔵
     [W-772]  🔴6  vs  5🔵
  ++++++++++++++++++++++++++++++++++

[Telegram] Ошибка отправки сообщения в чат 1477129493: 403 Client Error: Forbidden for url: https://my-tg-proxy.iwantbunnygirl.workers.dev/bot8603609103:AAENi9LYuF8bXjwK9E1oZIIpG21UNZeZW5s/sendMessage
[Telegram] Ошибка отправки сообщения в чат 1329987939: 403 Client Error: Forbidden for url: https://my-tg-proxy.iwantbunnygirl.workers.dev/bot8603609103:AAENi9LYuF8bXjwK9E1oZIIpG21UNZeZW5s/sendMessage
[Telegram] Ошибка отправки сообщения в чат 705506250: 403 Client Error: Forbidden for url: https://my-tg-proxy.iwantbunnygirl.workers.dev/bot8603609103:AAENi9LYuF8bXjwK9E1oZIIpG21UNZeZW5s/sendMessage
[00:40:37] ▶ Раунд W-773 начался
[00:41:09] ✅ W-773   🔴1 vs 1🔵
[00:41:15] ▶ Раунд W-774 начался
[00:41:47] ✅ W-774   🔴3 vs 2🔵
[00:41:53] ▶ Раунд W-775 начался
[00:42:25] ✅ W-775   🔴2 vs 6🔵
[00:42:31] ▶ Раунд W-776 начался
[00:43:03] ✅ W-776   🔴5 vs 6🔵

  ~~~~~~~~~~~~~~~~~~~~~~~~~~~~~~~~~~
  🎲 МНОГО ПОСЛЕДОВАТЕЛЬНОСТЕЙ!
  Найдено: 4
  🔵11, 🔴55, 🔴66, 🔵66
  ~~~~~~~~~~~~~~~~~~~~~~~~~~~~~~~~~~
  🔥 [W-763]  🔴3  vs  1🔵
  🔥 [W-764]  🔴4  vs  1🔵
  🔥 [W-765]  🔴5  vs  3🔵
  🔥 [W-766]  🔴5  vs  4🔵
     [W-767]  🔴2  vs  3🔵
     [W-768]  🔴4  vs  2🔵
     [W-769]  🔴1  vs  4🔵
     [W-770]  🔴4  vs  2🔵
  🔥 [W-771]  🔴6  vs  1🔵
  🔥 [W-772]  🔴6  vs  5🔵
     [W-773]  🔴1  vs  1🔵
     [W-774]  🔴3  vs  2🔵
  🔥 [W-775]  🔴2  vs  6🔵
  🔥 [W-776]  🔴5  vs  6🔵
  ~~~~~~~~~~~~~~~~~~~~~~~~~~~~~~~~~~

[Telegram] Ошибка отправки сообщения в чат 1477129493: 403 Client Error: Forbidden for url: https://my-tg-proxy.iwantbunnygirl.workers.dev/bot8603609103:AAENi9LYuF8bXjwK9E1oZIIpG21UNZeZW5s/sendMessage
[Telegram] Ошибка отправки сообщения в чат 1329987939: 403 Client Error: Forbidden for url: https://my-tg-proxy.iwantbunnygirl.workers.dev/bot8603609103:AAENi9LYuF8bXjwK9E1oZIIpG21UNZeZW5s/sendMessage
[Telegram] Ошибка отправки сообщения в чат 705506250: 403 Client Error: Forbidden for url: https://my-tg-proxy.iwantbunnygirl.workers.dev/bot8603609103:AAENi9LYuF8bXjwK9E1oZIIpG21UNZeZW5s/sendMessage

  ++++++++++++++++++++++++++++++++++
  🔵 НОВАЯ ПАРА!
  Синий — 6
  Длина цепочки: 6 раундов
  ++++++++++++++++++++++++++++++++++
     [W-771]  🔴6  vs  1🔵
     [W-772]  🔴6  vs  5🔵
     [W-773]  🔴1  vs  1🔵
     [W-774]  🔴3  vs  2🔵
     [W-775]  🔴2  vs  6🔵
     [W-776]  🔴5  vs  6🔵
  ++++++++++++++++++++++++++++++++++

[Telegram] Ошибка отправки сообщения в чат 1477129493: 403 Client Error: Forbidden for url: https://my-tg-proxy.iwantbunnygirl.workers.dev/bot8603609103:AAENi9LYuF8bXjwK9E1oZIIpG21UNZeZW5s/sendMessage
[Telegram] Ошибка отправки сообщения в чат 1329987939: 403 Client Error: Forbidden for url: https://my-tg-proxy.iwantbunnygirl.workers.dev/bot8603609103:AAENi9LYuF8bXjwK9E1oZIIpG21UNZeZW5s/sendMessage
[Telegram] Ошибка отправки сообщения в чат 705506250: 403 Client Error: Forbidden for url: https://my-tg-proxy.iwantbunnygirl.workers.dev/bot8603609103:AAENi9LYuF8bXjwK9E1oZIIpG21UNZeZW5s/sendMessage
[00:43:09] ▶ Раунд W-777 начался
[00:43:41] ✅ W-777   🔴2 vs 6🔵
[00:43:47] ▶ Раунд W-778 начался
[00:44:19] ✅ W-778   🔴2 vs 2🔵

  ##################################
  🔵 XOX-ПАТТЕРН!
  Синий — 2
  Шаблон: xoooxooox
  ##################################
  🎯 [W-770]  🔴4  vs  2🔵
     [W-771]  🔴6  vs  1🔵
     [W-772]  🔴6  vs  5🔵
     [W-773]  🔴1  vs  1🔵
  🎯 [W-774]  🔴3  vs  2🔵
     [W-775]  🔴2  vs  6🔵
     [W-776]  🔴5  vs  6🔵
     [W-777]  🔴2  vs  6🔵
  🎯 [W-778]  🔴2  vs  2🔵
  ##################################


  ++++++++++++++++++++++++++++++++++
  🔴 НОВАЯ ПАРА!
  Красный — 2
  Длина цепочки: 4 раундов
  ++++++++++++++++++++++++++++++++++
     [W-775]  🔴2  vs  6🔵
     [W-776]  🔴5  vs  6🔵
     [W-777]  🔴2  vs  6🔵
     [W-778]  🔴2  vs  2🔵
  ++++++++++++++++++++++++++++++++++

[Telegram] Ошибка отправки сообщения в чат 1477129493: 403 Client Error: Forbidden for url: https://my-tg-proxy.iwantbunnygirl.workers.dev/bot8603609103:AAENi9LYuF8bXjwK9E1oZIIpG21UNZeZW5s/sendMessage
[Telegram] Ошибка отправки сообщения в чат 1329987939: 403 Client Error: Forbidden for url: https://my-tg-proxy.iwantbunnygirl.workers.dev/bot8603609103:AAENi9LYuF8bXjwK9E1oZIIpG21UNZeZW5s/sendMessage
[Telegram] Ошибка отправки сообщения в чат 705506250: 403 Client Error: Forbidden for url: https://my-tg-proxy.iwantbunnygirl.workers.dev/bot8603609103:AAENi9LYuF8bXjwK9E1oZIIpG21UNZeZW5s/sendMessage
[00:44:25] ▶ Раунд W-779 начался
[00:44:57] ✅ W-779   🔴4 vs 4🔵
[00:45:03] ▶ Раунд W-780 начался
[00:45:35] ✅ W-780   🔴4 vs 4🔵

  ++++++++++++++++++++++++++++++++++
  🔴 НОВАЯ ПАРА!
  Красный — 4
  Длина цепочки: 4 раундов
  ++++++++++++++++++++++++++++++++++
     [W-777]  🔴2  vs  6🔵
     [W-778]  🔴2  vs  2🔵
     [W-779]  🔴4  vs  4🔵
     [W-780]  🔴4  vs  4🔵
  ++++++++++++++++++++++++++++++++++

[Telegram] Ошибка отправки сообщения в чат 1477129493: 403 Client Error: Forbidden for url: https://my-tg-proxy.iwantbunnygirl.workers.dev/bot8603609103:AAENi9LYuF8bXjwK9E1oZIIpG21UNZeZW5s/sendMessage
[Telegram] Ошибка отправки сообщения в чат 1329987939: 403 Client Error: Forbidden for url: https://my-tg-proxy.iwantbunnygirl.workers.dev/bot8603609103:AAENi9LYuF8bXjwK9E1oZIIpG21UNZeZW5s/sendMessage
[Telegram] Ошибка отправки сообщения в чат 705506250: 403 Client Error: Forbidden for url: https://my-tg-proxy.iwantbunnygirl.workers.dev/bot8603609103:AAENi9LYuF8bXjwK9E1oZIIpG21UNZeZW5s/sendMessage
[00:45:41] ▶ Раунд W-781 начался
[00:46:13] ✅ W-781   🔴5 vs 1🔵
[00:46:19] ▶ Раунд W-782 начался
[00:46:51] ✅ W-782   🔴6 vs 2🔵

  ##################################
  🔵 XOX-ПАТТЕРН!
  Синий — 2
  Шаблон: xoooxooox
  ##################################
  🎯 [W-774]  🔴3  vs  2🔵
     [W-775]  🔴2  vs  6🔵
     [W-776]  🔴5  vs  6🔵
     [W-777]  🔴2  vs  6🔵
  🎯 [W-778]  🔴2  vs  2🔵
     [W-779]  🔴4  vs  4🔵
     [W-780]  🔴4  vs  4🔵
     [W-781]  🔴5  vs  1🔵
  🎯 [W-782]  🔴6  vs  2🔵
  ##################################

[00:46:57] ▶ Раунд W-783 начался
[00:47:29] ✅ W-783   🔴2 vs 5🔵
[00:47:35] ▶ Раунд W-784 начался
[00:48:07] ✅ W-784   🔴5 vs 4🔵
[00:48:13] ▶ Раунд W-785 начался
[00:48:45] ✅ W-785   🔴1 vs 1🔵
[00:48:51] ▶ Раунд W-786 начался
[00:49:23] ✅ W-786   🔴4 vs 1🔵

  ~~~~~~~~~~~~~~~~~~~~~~~~~~~~~~~~~~
  🎲 МНОГО ПОСЛЕДОВАТЕЛЬНОСТЕЙ!
  Найдено: 4
  🔴22, 🔴44, 🔵44, 🔵11
  ~~~~~~~~~~~~~~~~~~~~~~~~~~~~~~~~~~
  🔥 [W-777]  🔴2  vs  6🔵
  🔥 [W-778]  🔴2  vs  2🔵
  🔥 [W-779]  🔴4  vs  4🔵
  🔥 [W-780]  🔴4  vs  4🔵
     [W-781]  🔴5  vs  1🔵
     [W-782]  🔴6  vs  2🔵
     [W-783]  🔴2  vs  5🔵
     [W-784]  🔴5  vs  4🔵
  🔥 [W-785]  🔴1  vs  1🔵
  🔥 [W-786]  🔴4  vs  1🔵
  ~~~~~~~~~~~~~~~~~~~~~~~~~~~~~~~~~~

[Telegram] Ошибка отправки сообщения в чат 1477129493: 403 Client Error: Forbidden for url: https://my-tg-proxy.iwantbunnygirl.workers.dev/bot8603609103:AAENi9LYuF8bXjwK9E1oZIIpG21UNZeZW5s/sendMessage
[Telegram] Ошибка отправки сообщения в чат 1329987939: 403 Client Error: Forbidden for url: https://my-tg-proxy.iwantbunnygirl.workers.dev/bot8603609103:AAENi9LYuF8bXjwK9E1oZIIpG21UNZeZW5s/sendMessage
[Telegram] Ошибка отправки сообщения в чат 705506250: 403 Client Error: Forbidden for url: https://my-tg-proxy.iwantbunnygirl.workers.dev/bot8603609103:AAENi9LYuF8bXjwK9E1oZIIpG21UNZeZW5s/sendMessage

  ++++++++++++++++++++++++++++++++++
  🔵 НОВАЯ ПАРА!
  Синий — 1
  Длина цепочки: 8 раундов
  ++++++++++++++++++++++++++++++++++
     [W-779]  🔴4  vs  4🔵
     [W-780]  🔴4  vs  4🔵
     [W-781]  🔴5  vs  1🔵
     [W-782]  🔴6  vs  2🔵
     [W-783]  🔴2  vs  5🔵
     [W-784]  🔴5  vs  4🔵
     [W-785]  🔴1  vs  1🔵
     [W-786]  🔴4  vs  1🔵
  ++++++++++++++++++++++++++++++++++

[Telegram] Ошибка отправки сообщения в чат 1477129493: 403 Client Error: Forbidden for url: https://my-tg-proxy.iwantbunnygirl.workers.dev/bot8603609103:AAENi9LYuF8bXjwK9E1oZIIpG21UNZeZW5s/sendMessage
[Telegram] Ошибка отправки сообщения в чат 1329987939: 403 Client Error: Forbidden for url: https://my-tg-proxy.iwantbunnygirl.workers.dev/bot8603609103:AAENi9LYuF8bXjwK9E1oZIIpG21UNZeZW5s/sendMessage
[Telegram] Ошибка отправки сообщения в чат 705506250: 403 Client Error: Forbidden for url: https://my-tg-proxy.iwantbunnygirl.workers.dev/bot8603609103:AAENi9LYuF8bXjwK9E1oZIIpG21UNZeZW5s/sendMessage
[00:49:29] ▶ Раунд W-787 начался
[00:50:01] ✅ W-787   🔴1 vs 3🔵
[00:50:07] ▶ Раунд W-788 начался
[00:50:39] ✅ W-788   🔴3 vs 6🔵
[00:50:45] ▶ Раунд W-789 начался
[00:51:17] ✅ W-789   🔴2 vs 1🔵
[00:51:23] ▶ Раунд W-790 начался
[00:51:55] ✅ W-790   🔴4 vs 4🔵
[00:51:59] ▶ Раунд W-791 начался
[00:52:31] ✅ W-791   🔴3 vs 4🔵

  ++++++++++++++++++++++++++++++++++
  🔵 НОВАЯ ПАРА!
  Синий — 4
  Длина цепочки: 7 раундов
  ++++++++++++++++++++++++++++++++++
     [W-785]  🔴1  vs  1🔵
     [W-786]  🔴4  vs  1🔵
     [W-787]  🔴1  vs  3🔵
     [W-788]  🔴3  vs  6🔵
     [W-789]  🔴2  vs  1🔵
     [W-790]  🔴4  vs  4🔵
     [W-791]  🔴3  vs  4🔵
  ++++++++++++++++++++++++++++++++++

[Telegram] Ошибка отправки сообщения в чат 1477129493: 403 Client Error: Forbidden for url: https://my-tg-proxy.iwantbunnygirl.workers.dev/bot8603609103:AAENi9LYuF8bXjwK9E1oZIIpG21UNZeZW5s/sendMessage
[Telegram] Ошибка отправки сообщения в чат 1329987939: 403 Client Error: Forbidden for url: https://my-tg-proxy.iwantbunnygirl.workers.dev/bot8603609103:AAENi9LYuF8bXjwK9E1oZIIpG21UNZeZW5s/sendMessage
[Telegram] Ошибка отправки сообщения в чат 705506250: 403 Client Error: Forbidden for url: https://my-tg-proxy.iwantbunnygirl.workers.dev/bot8603609103:AAENi9LYuF8bXjwK9E1oZIIpG21UNZeZW5s/sendMessage
[00:52:37] ▶ Раунд W-792 начался
[00:53:09] ✅ W-792   🔴6 vs 5🔵
[00:53:15] ▶ Раунд W-793 начался
[00:53:47] ✅ W-793   🔴3 vs 2🔵
[00:53:53] ▶ Раунд W-794 начался
[00:54:25] ✅ W-794   🔴2 vs 6🔵
[00:54:31] ▶ Раунд W-795 начался
[00:55:03] ✅ W-795   🔴5 vs 6🔵

  ++++++++++++++++++++++++++++++++++
  🔵 НОВАЯ ПАРА!
  Синий — 6
  Длина цепочки: 6 раундов
  ++++++++++++++++++++++++++++++++++
     [W-790]  🔴4  vs  4🔵
     [W-791]  🔴3  vs  4🔵
     [W-792]  🔴6  vs  5🔵
     [W-793]  🔴3  vs  2🔵
     [W-794]  🔴2  vs  6🔵
     [W-795]  🔴5  vs  6🔵
  ++++++++++++++++++++++++++++++++++

[Telegram] Ошибка отправки сообщения в чат 1477129493: 403 Client Error: Forbidden for url: https://my-tg-proxy.iwantbunnygirl.workers.dev/bot8603609103:AAENi9LYuF8bXjwK9E1oZIIpG21UNZeZW5s/sendMessage
[Telegram] Ошибка отправки сообщения в чат 1329987939: 403 Client Error: Forbidden for url: https://my-tg-proxy.iwantbunnygirl.workers.dev/bot8603609103:AAENi9LYuF8bXjwK9E1oZIIpG21UNZeZW5s/sendMessage
[Telegram] Ошибка отправки сообщения в чат 705506250: 403 Client Error: Forbidden for url: https://my-tg-proxy.iwantbunnygirl.workers.dev/bot8603609103:AAENi9LYuF8bXjwK9E1oZIIpG21UNZeZW5s/sendMessage
[00:55:09] ▶ Раунд W-796 начался
[00:55:41] ✅ W-796   🔴5 vs 2🔵
[00:55:47] ▶ Раунд W-797 начался
[00:56:19] ✅ W-797   🔴1 vs 2🔵

  ~~~~~~~~~~~~~~~~~~~~~~~~~~~~~~~~~~
  🎲 МНОГО ПОСЛЕДОВАТЕЛЬНОСТЕЙ!
  Найдено: 4
  🔵44, 🔵66, 🔴55, 🔵22
  ~~~~~~~~~~~~~~~~~~~~~~~~~~~~~~~~~~
  🔥 [W-790]  🔴4  vs  4🔵
  🔥 [W-791]  🔴3  vs  4🔵
     [W-792]  🔴6  vs  5🔵
     [W-793]  🔴3  vs  2🔵
  🔥 [W-794]  🔴2  vs  6🔵
  🔥 [W-795]  🔴5  vs  6🔵
  🔥 [W-796]  🔴5  vs  2🔵
  🔥 [W-797]  🔴1  vs  2🔵
  ~~~~~~~~~~~~~~~~~~~~~~~~~~~~~~~~~~

[Telegram] Ошибка отправки сообщения в чат 1477129493: 403 Client Error: Forbidden for url: https://my-tg-proxy.iwantbunnygirl.workers.dev/bot8603609103:AAENi9LYuF8bXjwK9E1oZIIpG21UNZeZW5s/sendMessage
[Telegram] Ошибка отправки сообщения в чат 1329987939: 403 Client Error: Forbidden for url: https://my-tg-proxy.iwantbunnygirl.workers.dev/bot8603609103:AAENi9LYuF8bXjwK9E1oZIIpG21UNZeZW5s/sendMessage
[Telegram] Ошибка отправки сообщения в чат 705506250: 403 Client Error: Forbidden for url: https://my-tg-proxy.iwantbunnygirl.workers.dev/bot8603609103:AAENi9LYuF8bXjwK9E1oZIIpG21UNZeZW5s/sendMessage

  ++++++++++++++++++++++++++++++++++
  🔵 НОВАЯ ПАРА!
  Синий — 2
  Длина цепочки: 4 раундов
  ++++++++++++++++++++++++++++++++++
     [W-794]  🔴2  vs  6🔵
     [W-795]  🔴5  vs  6🔵
     [W-796]  🔴5  vs  2🔵
     [W-797]  🔴1  vs  2🔵
  ++++++++++++++++++++++++++++++++++

[Telegram] Ошибка отправки сообщения в чат 1477129493: 403 Client Error: Forbidden for url: https://my-tg-proxy.iwantbunnygirl.workers.dev/bot8603609103:AAENi9LYuF8bXjwK9E1oZIIpG21UNZeZW5s/sendMessage
[Telegram] Ошибка отправки сообщения в чат 1329987939: 403 Client Error: Forbidden for url: https://my-tg-proxy.iwantbunnygirl.workers.dev/bot8603609103:AAENi9LYuF8bXjwK9E1oZIIpG21UNZeZW5s/sendMessage
[Telegram] Ошибка отправки сообщения в чат 705506250: 403 Client Error: Forbidden for url: https://my-tg-proxy.iwantbunnygirl.workers.dev/bot8603609103:AAENi9LYuF8bXjwK9E1oZIIpG21UNZeZW5s/sendMessage
[00:56:25] ▶ Раунд W-798 начался
[00:56:57] ✅ W-798   🔴2 vs 2🔵
[00:57:03] ▶ Раунд W-799 начался
[00:57:35] ✅ W-799   🔴6 vs 3🔵
[00:57:41] ▶ Раунд W-800 начался
[00:58:13] ✅ W-800   🔴4 vs 6🔵
[00:58:19] ▶ Раунд W-801 начался
[00:58:51] ✅ W-801   🔴6 vs 3🔵
[00:58:57] ▶ Раунд W-802 начался
[00:59:29] ✅ W-802   🔴1 vs 1🔵
[00:59:35] ▶ Раунд W-803 начался
[01:00:07] ✅ W-803   🔴4 vs 4🔵
[01:00:13] ▶ Раунд W-804 начался
[01:00:45] ✅ W-804   🔴2 vs 1🔵
[01:00:51] ▶ Раунд W-805 начался
[01:01:23] ✅ W-805   🔴6 vs 2🔵
[01:01:29] ▶ Раунд W-806 начался
[01:02:01] ✅ W-806   🔴4 vs 1🔵

  ##################################
  🔴 XOX-ПАТТЕРН!
  Красный — 4
  Шаблон: xooxoox
  ##################################
  🎯 [W-800]  🔴4  vs  6🔵
     [W-801]  🔴6  vs  3🔵
     [W-802]  🔴1  vs  1🔵
  🎯 [W-803]  🔴4  vs  4🔵
     [W-804]  🔴2  vs  1🔵
     [W-805]  🔴6  vs  2🔵
  🎯 [W-806]  🔴4  vs  1🔵
  ##################################


  ##################################
  🔵 XOX-ПАТТЕРН!
  Синий — 1
  Шаблон: xoxox
  ##################################
  🎯 [W-802]  🔴1  vs  1🔵
     [W-803]  🔴4  vs  4🔵
  🎯 [W-804]  🔴2  vs  1🔵
     [W-805]  🔴6  vs  2🔵
  🎯 [W-806]  🔴4  vs  1🔵
  ##################################

[01:02:07] ▶ Раунд W-807 начался
[01:02:39] ✅ W-807   🔴6 vs 2🔵
[01:02:45] ▶ Раунд W-808 начался
[01:03:17] ✅ W-808   🔴1 vs 6🔵
[01:03:23] ▶ Раунд W-809 начался
[01:03:55] ✅ W-809   🔴6 vs 6🔵

  ##################################
  🔴 XOX-ПАТТЕРН!
  Красный — 6
  Шаблон: xoxox
  ##################################
  🎯 [W-805]  🔴6  vs  2🔵
     [W-806]  🔴4  vs  1🔵
  🎯 [W-807]  🔴6  vs  2🔵
     [W-808]  🔴1  vs  6🔵
  🎯 [W-809]  🔴6  vs  6🔵
  ##################################


  ++++++++++++++++++++++++++++++++++
  🔵 НОВАЯ ПАРА!
  Синий — 6
  Длина цепочки: 14 раундов
  ++++++++++++++++++++++++++++++++++
     [W-796]  🔴5  vs  2🔵
     [W-797]  🔴1  vs  2🔵
     [W-798]  🔴2  vs  2🔵
     [W-799]  🔴6  vs  3🔵
     [W-800]  🔴4  vs  6🔵
     [W-801]  🔴6  vs  3🔵
     [W-802]  🔴1  vs  1🔵
     [W-803]  🔴4  vs  4🔵
     [W-804]  🔴2  vs  1🔵
     [W-805]  🔴6  vs  2🔵
     [W-806]  🔴4  vs  1🔵
     [W-807]  🔴6  vs  2🔵
     [W-808]  🔴1  vs  6🔵
     [W-809]  🔴6  vs  6🔵
  ++++++++++++++++++++++++++++++++++

[Telegram] Ошибка отправки сообщения в чат 1477129493: 403 Client Error: Forbidden for url: https://my-tg-proxy.iwantbunnygirl.workers.dev/bot8603609103:AAENi9LYuF8bXjwK9E1oZIIpG21UNZeZW5s/sendMessage
[Telegram] Ошибка отправки сообщения в чат 1329987939: 403 Client Error: Forbidden for url: https://my-tg-proxy.iwantbunnygirl.workers.dev/bot8603609103:AAENi9LYuF8bXjwK9E1oZIIpG21UNZeZW5s/sendMessage
[Telegram] Ошибка отправки сообщения в чат 705506250: 403 Client Error: Forbidden for url: https://my-tg-proxy.iwantbunnygirl.workers.dev/bot8603609103:AAENi9LYuF8bXjwK9E1oZIIpG21UNZeZW5s/sendMessage
[01:04:01] ▶ Раунд W-810 начался
[01:04:33] ✅ W-810   🔴1 vs 1🔵
[01:04:39] ▶ Раунд W-811 начался
[01:05:11] ✅ W-811   🔴2 vs 1🔵

  ++++++++++++++++++++++++++++++++++
  🔵 НОВАЯ ПАРА!
  Синий — 1
  Длина цепочки: 4 раундов
  ++++++++++++++++++++++++++++++++++
     [W-808]  🔴1  vs  6🔵
     [W-809]  🔴6  vs  6🔵
     [W-810]  🔴1  vs  1🔵
     [W-811]  🔴2  vs  1🔵
  ++++++++++++++++++++++++++++++++++

[Telegram] Ошибка отправки сообщения в чат 1477129493: 403 Client Error: Forbidden for url: https://my-tg-proxy.iwantbunnygirl.workers.dev/bot8603609103:AAENi9LYuF8bXjwK9E1oZIIpG21UNZeZW5s/sendMessage
[Telegram] Ошибка отправки сообщения в чат 1329987939: 403 Client Error: Forbidden for url: https://my-tg-proxy.iwantbunnygirl.workers.dev/bot8603609103:AAENi9LYuF8bXjwK9E1oZIIpG21UNZeZW5s/sendMessage
[Telegram] Ошибка отправки сообщения в чат 705506250: 403 Client Error: Forbidden for url: https://my-tg-proxy.iwantbunnygirl.workers.dev/bot8603609103:AAENi9LYuF8bXjwK9E1oZIIpG21UNZeZW5s/sendMessage
[01:05:17] ▶ Раунд W-812 начался
[01:05:49] ✅ W-812   🔴4 vs 4🔵
[01:05:55] ▶ Раунд W-813 начался
[01:06:27] ✅ W-813   🔴2 vs 4🔵

  ++++++++++++++++++++++++++++++++++
  🔵 НОВАЯ ПАРА!
  Синий — 4
  Длина цепочки: 4 раундов
  ++++++++++++++++++++++++++++++++++
     [W-810]  🔴1  vs  1🔵
     [W-811]  🔴2  vs  1🔵
     [W-812]  🔴4  vs  4🔵
     [W-813]  🔴2  vs  4🔵
  ++++++++++++++++++++++++++++++++++

[Telegram] Ошибка отправки сообщения в чат 1477129493: 403 Client Error: Forbidden for url: https://my-tg-proxy.iwantbunnygirl.workers.dev/bot8603609103:AAENi9LYuF8bXjwK9E1oZIIpG21UNZeZW5s/sendMessage
[Telegram] Ошибка отправки сообщения в чат 1329987939: 403 Client Error: Forbidden for url: https://my-tg-proxy.iwantbunnygirl.workers.dev/bot8603609103:AAENi9LYuF8bXjwK9E1oZIIpG21UNZeZW5s/sendMessage
[Telegram] Ошибка отправки сообщения в чат 705506250: 403 Client Error: Forbidden for url: https://my-tg-proxy.iwantbunnygirl.workers.dev/bot8603609103:AAENi9LYuF8bXjwK9E1oZIIpG21UNZeZW5s/sendMessage
[01:06:33] ▶ Раунд W-814 начался
[01:07:05] ✅ W-814   🔴6 vs 4🔵
[01:07:11] ▶ Раунд W-815 начался
[01:07:43] ✅ W-815   🔴3 vs 4🔵

  ──────────────────────────────────
  🔵 ПАТТЕРН!
  Синий — 4
  четыре подряд подряд
  ──────────────────────────────────
  ⬅️ [W-810]  🔴1  vs  1🔵
  ⬅️ [W-811]  🔴2  vs  1🔵
  🔥 [W-812]  🔴4  vs  4🔵
  🔥 [W-813]  🔴2  vs  4🔵
  🔥 [W-814]  🔴6  vs  4🔵
  🔥 [W-815]  🔴3  vs  4🔵
  ──────────────────────────────────

[01:07:49] ▶ Раунд W-816 начался
[01:08:21] ✅ W-816   🔴4 vs 1🔵
[01:08:27] ▶ Раунд W-817 начался
[01:08:59] ✅ W-817   🔴3 vs 1🔵

  ··································
  📊 СТАТИСТИКА!
  Синий — 4
  четыре подряд подряд
  ··································
  ⬅️ [W-810]  🔴1  vs  1🔵
  ⬅️ [W-811]  🔴2  vs  1🔵
  🔥 [W-812]  🔴4  vs  4🔵
  🔥 [W-813]  🔴2  vs  4🔵
  🔥 [W-814]  🔴6  vs  4🔵
  🔥 [W-815]  🔴3  vs  4🔵
  🆕 [W-816]  🔴4  vs  1🔵
  🆕 [W-817]  🔴3  vs  1🔵
  ··································


  ~~~~~~~~~~~~~~~~~~~~~~~~~~~~~~~~~~
  🎲 МНОГО ПОСЛЕДОВАТЕЛЬНОСТЕЙ!
  Найдено: 4
  🔵66, 🔵11, 🔵44, 🔵11
  ~~~~~~~~~~~~~~~~~~~~~~~~~~~~~~~~~~
  🔥 [W-808]  🔴1  vs  6🔵
  🔥 [W-809]  🔴6  vs  6🔵
  🔥 [W-810]  🔴1  vs  1🔵
  🔥 [W-811]  🔴2  vs  1🔵
  🔥 [W-812]  🔴4  vs  4🔵
  🔥 [W-813]  🔴2  vs  4🔵
     [W-814]  🔴6  vs  4🔵
     [W-815]  🔴3  vs  4🔵
  🔥 [W-816]  🔴4  vs  1🔵
  🔥 [W-817]  🔴3  vs  1🔵
  ~~~~~~~~~~~~~~~~~~~~~~~~~~~~~~~~~~

[Telegram] Ошибка отправки сообщения в чат 1477129493: 403 Client Error: Forbidden for url: https://my-tg-proxy.iwantbunnygirl.workers.dev/bot8603609103:AAENi9LYuF8bXjwK9E1oZIIpG21UNZeZW5s/sendMessage
[Telegram] Ошибка отправки сообщения в чат 1329987939: 403 Client Error: Forbidden for url: https://my-tg-proxy.iwantbunnygirl.workers.dev/bot8603609103:AAENi9LYuF8bXjwK9E1oZIIpG21UNZeZW5s/sendMessage
[Telegram] Ошибка отправки сообщения в чат 705506250: 403 Client Error: Forbidden for url: https://my-tg-proxy.iwantbunnygirl.workers.dev/bot8603609103:AAENi9LYuF8bXjwK9E1oZIIpG21UNZeZW5s/sendMessage

  ++++++++++++++++++++++++++++++++++
  🔵 НОВАЯ ПАРА!
  Синий — 1
  Длина цепочки: 6 раундов
  ++++++++++++++++++++++++++++++++++
     [W-812]  🔴4  vs  4🔵
     [W-813]  🔴2  vs  4🔵
     [W-814]  🔴6  vs  4🔵
     [W-815]  🔴3  vs  4🔵
     [W-816]  🔴4  vs  1🔵
     [W-817]  🔴3  vs  1🔵
  ++++++++++++++++++++++++++++++++++

[Telegram] Ошибка отправки сообщения в чат 1477129493: 403 Client Error: Forbidden for url: https://my-tg-proxy.iwantbunnygirl.workers.dev/bot8603609103:AAENi9LYuF8bXjwK9E1oZIIpG21UNZeZW5s/sendMessage
[Telegram] Ошибка отправки сообщения в чат 1329987939: 403 Client Error: Forbidden for url: https://my-tg-proxy.iwantbunnygirl.workers.dev/bot8603609103:AAENi9LYuF8bXjwK9E1oZIIpG21UNZeZW5s/sendMessage
[Telegram] Ошибка отправки сообщения в чат 705506250: 403 Client Error: Forbidden for url: https://my-tg-proxy.iwantbunnygirl.workers.dev/bot8603609103:AAENi9LYuF8bXjwK9E1oZIIpG21UNZeZW5s/sendMessage
[01:09:05] ▶ Раунд W-818 начался
[01:09:37] ✅ W-818   🔴3 vs 4🔵
[01:09:43] ▶ Раунд W-819 начался
[01:10:15] ✅ W-819   🔴2 vs 6🔵
[01:10:21] ▶ Раунд W-820 начался
[CommandListener] Сетевая ошибка: 502 Server Error: Bad Gateway for url: https://my-tg-proxy.iwantbunnygirl.workers.dev/bot8769592366:AAFoaIR9xs3gEnGhBlWBfdQYKS128Hf3rho/getUpdates?offset=0&timeout=25. Повтор через 15 сек.
[01:10:53] ✅ W-820   🔴4 vs 4🔵

  ##################################
  🔴 XOX-ПАТТЕРН!
  Красный — 4
  Шаблон: xoooxooox
  ##################################
  🎯 [W-812]  🔴4  vs  4🔵
     [W-813]  🔴2  vs  4🔵
     [W-814]  🔴6  vs  4🔵
     [W-815]  🔴3  vs  4🔵
  🎯 [W-816]  🔴4  vs  1🔵
     [W-817]  🔴3  vs  1🔵
     [W-818]  🔴3  vs  4🔵
     [W-819]  🔴2  vs  6🔵
  🎯 [W-820]  🔴4  vs  4🔵
  ##################################

[01:10:59] ▶ Раунд W-821 начался
[01:11:31] ✅ W-821   🔴5 vs 1🔵
[CommandListener] Сетевая ошибка: HTTPSConnectionPool(host='my-tg-proxy.iwantbunnygirl.workers.dev', port=443): Read timed out. (read timeout=35). Повтор через 15 сек.
[01:11:37] ▶ Раунд W-822 начался
[01:12:09] ✅ W-822   🔴3 vs 1🔵

  ++++++++++++++++++++++++++++++++++
  🔵 НОВАЯ ПАРА!
  Синий — 1
  Длина цепочки: 7 раундов
  ++++++++++++++++++++++++++++++++++
     [W-816]  🔴4  vs  1🔵
     [W-817]  🔴3  vs  1🔵
     [W-818]  🔴3  vs  4🔵
     [W-819]  🔴2  vs  6🔵
     [W-820]  🔴4  vs  4🔵
     [W-821]  🔴5  vs  1🔵
     [W-822]  🔴3  vs  1🔵
  ++++++++++++++++++++++++++++++++++

[Telegram] Ошибка отправки сообщения в чат 1477129493: 403 Client Error: Forbidden for url: https://my-tg-proxy.iwantbunnygirl.workers.dev/bot8603609103:AAENi9LYuF8bXjwK9E1oZIIpG21UNZeZW5s/sendMessage
[Telegram] Ошибка отправки сообщения в чат 1329987939: 403 Client Error: Forbidden for url: https://my-tg-proxy.iwantbunnygirl.workers.dev/bot8603609103:AAENi9LYuF8bXjwK9E1oZIIpG21UNZeZW5s/sendMessage
[Telegram] Ошибка отправки сообщения в чат 705506250: 403 Client Error: Forbidden for url: https://my-tg-proxy.iwantbunnygirl.workers.dev/bot8603609103:AAENi9LYuF8bXjwK9E1oZIIpG21UNZeZW5s/sendMessage
[01:12:15] ▶ Раунд W-823 начался
[01:12:47] ✅ W-823   🔴5 vs 2🔵
[01:12:53] ▶ Раунд W-824 начался
[01:13:25] ✅ W-824   🔴6 vs 4🔵
[01:13:31] ▶ Раунд W-825 начался
[01:14:03] ✅ W-825   🔴4 vs 4🔵

  ++++++++++++++++++++++++++++++++++
  🔵 НОВАЯ ПАРА!
  Синий — 4
  Длина цепочки: 5 раундов
  ++++++++++++++++++++++++++++++++++
     [W-821]  🔴5  vs  1🔵
     [W-822]  🔴3  vs  1🔵
     [W-823]  🔴5  vs  2🔵
     [W-824]  🔴6  vs  4🔵
     [W-825]  🔴4  vs  4🔵
  ++++++++++++++++++++++++++++++++++

[Telegram] Ошибка отправки сообщения в чат 1477129493: 403 Client Error: Forbidden for url: https://my-tg-proxy.iwantbunnygirl.workers.dev/bot8603609103:AAENi9LYuF8bXjwK9E1oZIIpG21UNZeZW5s/sendMessage
[Telegram] Ошибка отправки сообщения в чат 1329987939: 403 Client Error: Forbidden for url: https://my-tg-proxy.iwantbunnygirl.workers.dev/bot8603609103:AAENi9LYuF8bXjwK9E1oZIIpG21UNZeZW5s/sendMessage
[Telegram] Ошибка отправки сообщения в чат 705506250: 403 Client Error: Forbidden for url: https://my-tg-proxy.iwantbunnygirl.workers.dev/bot8603609103:AAENi9LYuF8bXjwK9E1oZIIpG21UNZeZW5s/sendMessage
[01:14:09] ▶ Раунд W-826 начался
[01:14:41] ✅ W-826   🔴1 vs 4🔵
[01:14:47] ▶ Раунд W-827 начался
[01:15:19] ✅ W-827   🔴1 vs 2🔵

  ~~~~~~~~~~~~~~~~~~~~~~~~~~~~~~~~~~
  🎲 МНОГО ПОСЛЕДОВАТЕЛЬНОСТЕЙ!
  Найдено: 4
  🔴33, 🔵11, 🔵44, 🔴11
  ~~~~~~~~~~~~~~~~~~~~~~~~~~~~~~~~~~
  🔥 [W-817]  🔴3  vs  1🔵
  🔥 [W-818]  🔴3  vs  4🔵
     [W-819]  🔴2  vs  6🔵
     [W-820]  🔴4  vs  4🔵
  🔥 [W-821]  🔴5  vs  1🔵
  🔥 [W-822]  🔴3  vs  1🔵
     [W-823]  🔴5  vs  2🔵
  🔥 [W-824]  🔴6  vs  4🔵
  🔥 [W-825]  🔴4  vs  4🔵
  🔥 [W-826]  🔴1  vs  4🔵
  🔥 [W-827]  🔴1  vs  2🔵
  ~~~~~~~~~~~~~~~~~~~~~~~~~~~~~~~~~~

[Telegram] Ошибка отправки сообщения в чат 1477129493: 403 Client Error: Forbidden for url: https://my-tg-proxy.iwantbunnygirl.workers.dev/bot8603609103:AAENi9LYuF8bXjwK9E1oZIIpG21UNZeZW5s/sendMessage
[Telegram] Ошибка отправки сообщения в чат 1329987939: 403 Client Error: Forbidden for url: https://my-tg-proxy.iwantbunnygirl.workers.dev/bot8603609103:AAENi9LYuF8bXjwK9E1oZIIpG21UNZeZW5s/sendMessage
[Telegram] Ошибка отправки сообщения в чат 705506250: 403 Client Error: Forbidden for url: https://my-tg-proxy.iwantbunnygirl.workers.dev/bot8603609103:AAENi9LYuF8bXjwK9E1oZIIpG21UNZeZW5s/sendMessage

  ++++++++++++++++++++++++++++++++++
  🔴 НОВАЯ ПАРА!
  Красный — 1
  Длина цепочки: 4 раундов
  ++++++++++++++++++++++++++++++++++
     [W-824]  🔴6  vs  4🔵
     [W-825]  🔴4  vs  4🔵
     [W-826]  🔴1  vs  4🔵
     [W-827]  🔴1  vs  2🔵
  ++++++++++++++++++++++++++++++++++

[Telegram] Ошибка отправки сообщения в чат 1477129493: 403 Client Error: Forbidden for url: https://my-tg-proxy.iwantbunnygirl.workers.dev/bot8603609103:AAENi9LYuF8bXjwK9E1oZIIpG21UNZeZW5s/sendMessage
[Telegram] Ошибка отправки сообщения в чат 1329987939: 403 Client Error: Forbidden for url: https://my-tg-proxy.iwantbunnygirl.workers.dev/bot8603609103:AAENi9LYuF8bXjwK9E1oZIIpG21UNZeZW5s/sendMessage
[Telegram] Ошибка отправки сообщения в чат 705506250: 403 Client Error: Forbidden for url: https://my-tg-proxy.iwantbunnygirl.workers.dev/bot8603609103:AAENi9LYuF8bXjwK9E1oZIIpG21UNZeZW5s/sendMessage
[01:15:25] ▶ Раунд W-828 начался
[01:15:57] ✅ W-828   🔴4 vs 3🔵
[01:16:03] ▶ Раунд W-829 начался
[01:16:35] ✅ W-829   🔴3 vs 4🔵
[01:16:41] ▶ Раунд W-830 начался
[01:17:13] ✅ W-830   🔴2 vs 6🔵
[01:17:19] ▶ Раунд W-831 начался
[01:17:51] ✅ W-831   🔴4 vs 6🔵

  ##################################
  🔴 XOX-ПАТТЕРН!
  Красный — 4
  Шаблон: xooxoox
  ##################################
  🎯 [W-825]  🔴4  vs  4🔵
     [W-826]  🔴1  vs  4🔵
     [W-827]  🔴1  vs  2🔵
  🎯 [W-828]  🔴4  vs  3🔵
     [W-829]  🔴3  vs  4🔵
     [W-830]  🔴2  vs  6🔵
  🎯 [W-831]  🔴4  vs  6🔵
  ##################################


  ++++++++++++++++++++++++++++++++++
  🔵 НОВАЯ ПАРА!
  Синий — 6
  Длина цепочки: 6 раундов
  ++++++++++++++++++++++++++++++++++
     [W-826]  🔴1  vs  4🔵
     [W-827]  🔴1  vs  2🔵
     [W-828]  🔴4  vs  3🔵
     [W-829]  🔴3  vs  4🔵
     [W-830]  🔴2  vs  6🔵
     [W-831]  🔴4  vs  6🔵
  ++++++++++++++++++++++++++++++++++

[Telegram] Ошибка отправки сообщения в чат 1477129493: 403 Client Error: Forbidden for url: https://my-tg-proxy.iwantbunnygirl.workers.dev/bot8603609103:AAENi9LYuF8bXjwK9E1oZIIpG21UNZeZW5s/sendMessage
[Telegram] Ошибка отправки сообщения в чат 1329987939: 403 Client Error: Forbidden for url: https://my-tg-proxy.iwantbunnygirl.workers.dev/bot8603609103:AAENi9LYuF8bXjwK9E1oZIIpG21UNZeZW5s/sendMessage
[Telegram] Ошибка отправки сообщения в чат 705506250: 403 Client Error: Forbidden for url: https://my-tg-proxy.iwantbunnygirl.workers.dev/bot8603609103:AAENi9LYuF8bXjwK9E1oZIIpG21UNZeZW5s/sendMessage
[01:17:57] ▶ Раунд W-832 начался
[01:18:29] ✅ W-832   🔴2 vs 2🔵
[01:18:35] ▶ Раунд W-833 начался
[01:19:07] ✅ W-833   🔴2 vs 1🔵

  ++++++++++++++++++++++++++++++++++
  🔴 НОВАЯ ПАРА!
  Красный — 2
  Длина цепочки: 4 раундов
  ++++++++++++++++++++++++++++++++++
     [W-830]  🔴2  vs  6🔵
     [W-831]  🔴4  vs  6🔵
     [W-832]  🔴2  vs  2🔵
     [W-833]  🔴2  vs  1🔵
  ++++++++++++++++++++++++++++++++++

[Telegram] Ошибка отправки сообщения в чат 1477129493: 403 Client Error: Forbidden for url: https://my-tg-proxy.iwantbunnygirl.workers.dev/bot8603609103:AAENi9LYuF8bXjwK9E1oZIIpG21UNZeZW5s/sendMessage
[Telegram] Ошибка отправки сообщения в чат 1329987939: 403 Client Error: Forbidden for url: https://my-tg-proxy.iwantbunnygirl.workers.dev/bot8603609103:AAENi9LYuF8bXjwK9E1oZIIpG21UNZeZW5s/sendMessage
[Telegram] Ошибка отправки сообщения в чат 705506250: 403 Client Error: Forbidden for url: https://my-tg-proxy.iwantbunnygirl.workers.dev/bot8603609103:AAENi9LYuF8bXjwK9E1oZIIpG21UNZeZW5s/sendMessage
[01:19:13] ▶ Раунд W-834 начался
[01:19:45] ✅ W-834   🔴3 vs 5🔵
[01:19:51] ▶ Раунд W-835 начался
[01:20:23] ✅ W-835   🔴2 vs 2🔵
[01:20:29] ▶ Раунд W-836 начался
[01:21:01] ✅ W-836   🔴6 vs 3🔵
[01:21:07] ▶ Раунд W-837 начался
[01:21:39] ✅ W-837   🔴4 vs 3🔵

  ++++++++++++++++++++++++++++++++++
  🔵 НОВАЯ ПАРА!
  Синий — 3
  Длина цепочки: 6 раундов
  ++++++++++++++++++++++++++++++++++
     [W-832]  🔴2  vs  2🔵
     [W-833]  🔴2  vs  1🔵
     [W-834]  🔴3  vs  5🔵
     [W-835]  🔴2  vs  2🔵
     [W-836]  🔴6  vs  3🔵
     [W-837]  🔴4  vs  3🔵
  ++++++++++++++++++++++++++++++++++

[Telegram] Ошибка отправки сообщения в чат 1477129493: 403 Client Error: Forbidden for url: https://my-tg-proxy.iwantbunnygirl.workers.dev/bot8603609103:AAENi9LYuF8bXjwK9E1oZIIpG21UNZeZW5s/sendMessage
[Telegram] Ошибка отправки сообщения в чат 1329987939: 403 Client Error: Forbidden for url: https://my-tg-proxy.iwantbunnygirl.workers.dev/bot8603609103:AAENi9LYuF8bXjwK9E1oZIIpG21UNZeZW5s/sendMessage
[Telegram] Ошибка отправки сообщения в чат 705506250: 403 Client Error: Forbidden for url: https://my-tg-proxy.iwantbunnygirl.workers.dev/bot8603609103:AAENi9LYuF8bXjwK9E1oZIIpG21UNZeZW5s/sendMessage
[01:21:45] ▶ Раунд W-838 начался
[01:22:17] ✅ W-838   🔴1 vs 1🔵
[01:22:23] ▶ Раунд W-839 начался
[01:22:55] ✅ W-839   🔴2 vs 1🔵

  ~~~~~~~~~~~~~~~~~~~~~~~~~~~~~~~~~~
  🎲 МНОГО ПОСЛЕДОВАТЕЛЬНОСТЕЙ!
  Найдено: 4
  🔵66, 🔴22, 🔵33, 🔵11
  ~~~~~~~~~~~~~~~~~~~~~~~~~~~~~~~~~~
  🔥 [W-830]  🔴2  vs  6🔵
  🔥 [W-831]  🔴4  vs  6🔵
  🔥 [W-832]  🔴2  vs  2🔵
  🔥 [W-833]  🔴2  vs  1🔵
     [W-834]  🔴3  vs  5🔵
     [W-835]  🔴2  vs  2🔵
  🔥 [W-836]  🔴6  vs  3🔵
  🔥 [W-837]  🔴4  vs  3🔵
  🔥 [W-838]  🔴1  vs  1🔵
  🔥 [W-839]  🔴2  vs  1🔵
  ~~~~~~~~~~~~~~~~~~~~~~~~~~~~~~~~~~

[Telegram] Ошибка отправки сообщения в чат 1477129493: 403 Client Error: Forbidden for url: https://my-tg-proxy.iwantbunnygirl.workers.dev/bot8603609103:AAENi9LYuF8bXjwK9E1oZIIpG21UNZeZW5s/sendMessage
[Telegram] Ошибка отправки сообщения в чат 1329987939: 403 Client Error: Forbidden for url: https://my-tg-proxy.iwantbunnygirl.workers.dev/bot8603609103:AAENi9LYuF8bXjwK9E1oZIIpG21UNZeZW5s/sendMessage
[Telegram] Ошибка отправки сообщения в чат 705506250: 403 Client Error: Forbidden for url: https://my-tg-proxy.iwantbunnygirl.workers.dev/bot8603609103:AAENi9LYuF8bXjwK9E1oZIIpG21UNZeZW5s/sendMessage

  ++++++++++++++++++++++++++++++++++
  🔵 НОВАЯ ПАРА!
  Синий — 1
  Длина цепочки: 4 раундов
  ++++++++++++++++++++++++++++++++++
     [W-836]  🔴6  vs  3🔵
     [W-837]  🔴4  vs  3🔵
     [W-838]  🔴1  vs  1🔵
     [W-839]  🔴2  vs  1🔵
  ++++++++++++++++++++++++++++++++++

[Telegram] Ошибка отправки сообщения в чат 1477129493: 403 Client Error: Forbidden for url: https://my-tg-proxy.iwantbunnygirl.workers.dev/bot8603609103:AAENi9LYuF8bXjwK9E1oZIIpG21UNZeZW5s/sendMessage
[Telegram] Ошибка отправки сообщения в чат 1329987939: 403 Client Error: Forbidden for url: https://my-tg-proxy.iwantbunnygirl.workers.dev/bot8603609103:AAENi9LYuF8bXjwK9E1oZIIpG21UNZeZW5s/sendMessage
[Telegram] Ошибка отправки сообщения в чат 705506250: 403 Client Error: Forbidden for url: https://my-tg-proxy.iwantbunnygirl.workers.dev/bot8603609103:AAENi9LYuF8bXjwK9E1oZIIpG21UNZeZW5s/sendMessage
[01:23:01] ▶ Раунд W-840 начался
[01:23:33] ✅ W-840   🔴2 vs 2🔵
[01:23:39] ▶ Раунд W-841 начался
[01:24:11] ✅ W-841   🔴6 vs 2🔵

  ++++++++++++++++++++++++++++++++++
  🔵 НОВАЯ ПАРА!
  Синий — 2
  Длина цепочки: 4 раундов
  ++++++++++++++++++++++++++++++++++
     [W-838]  🔴1  vs  1🔵
     [W-839]  🔴2  vs  1🔵
     [W-840]  🔴2  vs  2🔵
     [W-841]  🔴6  vs  2🔵
  ++++++++++++++++++++++++++++++++++

[Telegram] Ошибка отправки сообщения в чат 1477129493: 403 Client Error: Forbidden for url: https://my-tg-proxy.iwantbunnygirl.workers.dev/bot8603609103:AAENi9LYuF8bXjwK9E1oZIIpG21UNZeZW5s/sendMessage
[Telegram] Ошибка отправки сообщения в чат 1329987939: 403 Client Error: Forbidden for url: https://my-tg-proxy.iwantbunnygirl.workers.dev/bot8603609103:AAENi9LYuF8bXjwK9E1oZIIpG21UNZeZW5s/sendMessage
[Telegram] Ошибка отправки сообщения в чат 705506250: 403 Client Error: Forbidden for url: https://my-tg-proxy.iwantbunnygirl.workers.dev/bot8603609103:AAENi9LYuF8bXjwK9E1oZIIpG21UNZeZW5s/sendMessage
[01:24:17] ▶ Раунд W-842 начался
[01:24:49] ✅ W-842   🔴2 vs 1🔵
[01:24:55] ▶ Раунд W-843 начался
[01:25:27] ✅ W-843   🔴5 vs 3🔵
[01:25:33] ▶ Раунд W-844 начался
[01:26:05] ✅ W-844   🔴3 vs 5🔵
[01:26:11] ▶ Раунд W-845 начался
[01:26:43] ✅ W-845   🔴2 vs 2🔵
[01:26:49] ▶ Раунд W-846 начался
[01:27:21] ✅ W-846   🔴3 vs 6🔵
[01:27:27] ▶ Раунд W-847 начался
[01:27:59] ✅ W-847   🔴1 vs 4🔵
[01:28:05] ▶ Раунд W-848 начался
[01:28:37] ✅ W-848   🔴1 vs 4🔵

  ~~~~~~~~~~~~~~~~~~~~~~~~~~~~~~~~~~
  🎲 МНОГО ПОСЛЕДОВАТЕЛЬНОСТЕЙ!
  Найдено: 4
  🔴22, 🔵22, 🔴11, 🔵44
  ~~~~~~~~~~~~~~~~~~~~~~~~~~~~~~~~~~
  🔥 [W-839]  🔴2  vs  1🔵
  🔥 [W-840]  🔴2  vs  2🔵
  🔥 [W-841]  🔴6  vs  2🔵
     [W-842]  🔴2  vs  1🔵
     [W-843]  🔴5  vs  3🔵
     [W-844]  🔴3  vs  5🔵
     [W-845]  🔴2  vs  2🔵
     [W-846]  🔴3  vs  6🔵
  🔥 [W-847]  🔴1  vs  4🔵
  🔥 [W-848]  🔴1  vs  4🔵
  ~~~~~~~~~~~~~~~~~~~~~~~~~~~~~~~~~~

[Telegram] Ошибка отправки сообщения в чат 1477129493: 403 Client Error: Forbidden for url: https://my-tg-proxy.iwantbunnygirl.workers.dev/bot8603609103:AAENi9LYuF8bXjwK9E1oZIIpG21UNZeZW5s/sendMessage
[Telegram] Ошибка отправки сообщения в чат 1329987939: 403 Client Error: Forbidden for url: https://my-tg-proxy.iwantbunnygirl.workers.dev/bot8603609103:AAENi9LYuF8bXjwK9E1oZIIpG21UNZeZW5s/sendMessage
[Telegram] Ошибка отправки сообщения в чат 705506250: 403 Client Error: Forbidden for url: https://my-tg-proxy.iwantbunnygirl.workers.dev/bot8603609103:AAENi9LYuF8bXjwK9E1oZIIpG21UNZeZW5s/sendMessage

  ++++++++++++++++++++++++++++++++++
  🔴 НОВАЯ ПАРА!
  Красный — 1
  Длина цепочки: 9 раундов
  ++++++++++++++++++++++++++++++++++
     [W-840]  🔴2  vs  2🔵
     [W-841]  🔴6  vs  2🔵
     [W-842]  🔴2  vs  1🔵
     [W-843]  🔴5  vs  3🔵
     [W-844]  🔴3  vs  5🔵
     [W-845]  🔴2  vs  2🔵
     [W-846]  🔴3  vs  6🔵
     [W-847]  🔴1  vs  4🔵
     [W-848]  🔴1  vs  4🔵
  ++++++++++++++++++++++++++++++++++

[Telegram] Ошибка отправки сообщения в чат 1477129493: 403 Client Error: Forbidden for url: https://my-tg-proxy.iwantbunnygirl.workers.dev/bot8603609103:AAENi9LYuF8bXjwK9E1oZIIpG21UNZeZW5s/sendMessage
[Telegram] Ошибка отправки сообщения в чат 1329987939: 403 Client Error: Forbidden for url: https://my-tg-proxy.iwantbunnygirl.workers.dev/bot8603609103:AAENi9LYuF8bXjwK9E1oZIIpG21UNZeZW5s/sendMessage
[Telegram] Ошибка отправки сообщения в чат 705506250: 403 Client Error: Forbidden for url: https://my-tg-proxy.iwantbunnygirl.workers.dev/bot8603609103:AAENi9LYuF8bXjwK9E1oZIIpG21UNZeZW5s/sendMessage
[01:28:43] ▶ Раунд W-849 начался
[01:29:15] ✅ W-849   🔴5 vs 2🔵

  ##################################
  🔵 XOX-ПАТТЕРН!
  Синий — 2
  Шаблон: xoooxooox
  ##################################
  🎯 [W-841]  🔴6  vs  2🔵
     [W-842]  🔴2  vs  1🔵
     [W-843]  🔴5  vs  3🔵
     [W-844]  🔴3  vs  5🔵
  🎯 [W-845]  🔴2  vs  2🔵
     [W-846]  🔴3  vs  6🔵
     [W-847]  🔴1  vs  4🔵
     [W-848]  🔴1  vs  4🔵
  🎯 [W-849]  🔴5  vs  2🔵
  ##################################

[01:29:21] ▶ Раунд W-850 начался
[01:29:53] ✅ W-850   🔴1 vs 1🔵
[01:29:59] ▶ Раунд W-851 начался
[01:30:31] ✅ W-851   🔴1 vs 4🔵

  ++++++++++++++++++++++++++++++++++
  🔴 НОВАЯ ПАРА!
  Красный — 1
  Длина цепочки: 5 раундов
  ++++++++++++++++++++++++++++++++++
     [W-847]  🔴1  vs  4🔵
     [W-848]  🔴1  vs  4🔵
     [W-849]  🔴5  vs  2🔵
     [W-850]  🔴1  vs  1🔵
     [W-851]  🔴1  vs  4🔵
  ++++++++++++++++++++++++++++++++++

[Telegram] Ошибка отправки сообщения в чат 1477129493: 403 Client Error: Forbidden for url: https://my-tg-proxy.iwantbunnygirl.workers.dev/bot8603609103:AAENi9LYuF8bXjwK9E1oZIIpG21UNZeZW5s/sendMessage
[Telegram] Ошибка отправки сообщения в чат 1329987939: 403 Client Error: Forbidden for url: https://my-tg-proxy.iwantbunnygirl.workers.dev/bot8603609103:AAENi9LYuF8bXjwK9E1oZIIpG21UNZeZW5s/sendMessage
[Telegram] Ошибка отправки сообщения в чат 705506250: 403 Client Error: Forbidden for url: https://my-tg-proxy.iwantbunnygirl.workers.dev/bot8603609103:AAENi9LYuF8bXjwK9E1oZIIpG21UNZeZW5s/sendMessage
[01:30:37] ▶ Раунд W-852 начался
[01:31:09] ✅ W-852   🔴3 vs 6🔵
[01:31:15] ▶ Раунд W-853 начался
[01:31:47] ✅ W-853   🔴4 vs 4🔵
[01:31:53] ▶ Раунд W-854 начался
[01:32:25] ✅ W-854   🔴1 vs 1🔵
[01:32:31] ▶ Раунд W-855 начался
[01:33:03] ✅ W-855   🔴2 vs 6🔵
[01:33:09] ▶ Раунд W-856 начался
[01:33:41] ✅ W-856   🔴6 vs 2🔵
[01:33:47] ▶ Раунд W-857 начался
[01:34:19] ✅ W-857   🔴6 vs 2🔵

  ++++++++++++++++++++++++++++++++++
  🔴 НОВАЯ ПАРА!
  Красный — 6
  Длина цепочки: 8 раундов
  ++++++++++++++++++++++++++++++++++
     [W-850]  🔴1  vs  1🔵
     [W-851]  🔴1  vs  4🔵
     [W-852]  🔴3  vs  6🔵
     [W-853]  🔴4  vs  4🔵
     [W-854]  🔴1  vs  1🔵
     [W-855]  🔴2  vs  6🔵
     [W-856]  🔴6  vs  2🔵
     [W-857]  🔴6  vs  2🔵
  ++++++++++++++++++++++++++++++++++

[Telegram] Ошибка отправки сообщения в чат 1477129493: 403 Client Error: Forbidden for url: https://my-tg-proxy.iwantbunnygirl.workers.dev/bot8603609103:AAENi9LYuF8bXjwK9E1oZIIpG21UNZeZW5s/sendMessage
[Telegram] Ошибка отправки сообщения в чат 1329987939: 403 Client Error: Forbidden for url: https://my-tg-proxy.iwantbunnygirl.workers.dev/bot8603609103:AAENi9LYuF8bXjwK9E1oZIIpG21UNZeZW5s/sendMessage
[Telegram] Ошибка отправки сообщения в чат 705506250: 403 Client Error: Forbidden for url: https://my-tg-proxy.iwantbunnygirl.workers.dev/bot8603609103:AAENi9LYuF8bXjwK9E1oZIIpG21UNZeZW5s/sendMessage
[01:34:25] ▶ Раунд W-858 начался
[01:34:57] ✅ W-858   🔴3 vs 3🔵

  ##################################
  🔴 XOX-ПАТТЕРН!
  Красный — 3
  Шаблон: xoooooxooooox
  ##################################
  🎯 [W-846]  🔴3  vs  6🔵
     [W-847]  🔴1  vs  4🔵
     [W-848]  🔴1  vs  4🔵
     [W-849]  🔴5  vs  2🔵
     [W-850]  🔴1  vs  1🔵
     [W-851]  🔴1  vs  4🔵
  🎯 [W-852]  🔴3  vs  6🔵
     [W-853]  🔴4  vs  4🔵
     [W-854]  🔴1  vs  1🔵
     [W-855]  🔴2  vs  6🔵
     [W-856]  🔴6  vs  2🔵
     [W-857]  🔴6  vs  2🔵
  🎯 [W-858]  🔴3  vs  3🔵
  ##################################

[01:35:03] ▶ Раунд W-859 начался
[01:35:35] ✅ W-859   🔴5 vs 2🔵
[01:35:41] ▶ Раунд W-860 начался
[01:36:13] ✅ W-860   🔴6 vs 3🔵
[01:36:19] ▶ Раунд W-861 начался
[01:36:51] ✅ W-861   🔴3 vs 2🔵

  ##################################
  🔵 XOX-ПАТТЕРН!
  Синий — 2
  Шаблон: xoxox
  ##################################
  🎯 [W-857]  🔴6  vs  2🔵
     [W-858]  🔴3  vs  3🔵
  🎯 [W-859]  🔴5  vs  2🔵
     [W-860]  🔴6  vs  3🔵
  🎯 [W-861]  🔴3  vs  2🔵
  ##################################

[01:36:57] ▶ Раунд W-862 начался
[01:37:29] ✅ W-862   🔴3 vs 6🔵

  ~~~~~~~~~~~~~~~~~~~~~~~~~~~~~~~~~~
  🎲 МНОГО ПОСЛЕДОВАТЕЛЬНОСТЕЙ!
  Найдено: 4
  🔴11, 🔴66, 🔵22, 🔴33
  ~~~~~~~~~~~~~~~~~~~~~~~~~~~~~~~~~~
  🔥 [W-850]  🔴1  vs  1🔵
  🔥 [W-851]  🔴1  vs  4🔵
     [W-852]  🔴3  vs  6🔵
     [W-853]  🔴4  vs  4🔵
     [W-854]  🔴1  vs  1🔵
     [W-855]  🔴2  vs  6🔵
  🔥 [W-856]  🔴6  vs  2🔵
  🔥 [W-857]  🔴6  vs  2🔵
     [W-858]  🔴3  vs  3🔵
     [W-859]  🔴5  vs  2🔵
     [W-860]  🔴6  vs  3🔵
  🔥 [W-861]  🔴3  vs  2🔵
  🔥 [W-862]  🔴3  vs  6🔵
  ~~~~~~~~~~~~~~~~~~~~~~~~~~~~~~~~~~

[Telegram] Ошибка отправки сообщения в чат 1477129493: 403 Client Error: Forbidden for url: https://my-tg-proxy.iwantbunnygirl.workers.dev/bot8603609103:AAENi9LYuF8bXjwK9E1oZIIpG21UNZeZW5s/sendMessage
[Telegram] Ошибка отправки сообщения в чат 1329987939: 403 Client Error: Forbidden for url: https://my-tg-proxy.iwantbunnygirl.workers.dev/bot8603609103:AAENi9LYuF8bXjwK9E1oZIIpG21UNZeZW5s/sendMessage
[Telegram] Ошибка отправки сообщения в чат 705506250: 403 Client Error: Forbidden for url: https://my-tg-proxy.iwantbunnygirl.workers.dev/bot8603609103:AAENi9LYuF8bXjwK9E1oZIIpG21UNZeZW5s/sendMessage

  ++++++++++++++++++++++++++++++++++
  🔴 НОВАЯ ПАРА!
  Красный — 3
  Длина цепочки: 7 раундов
  ++++++++++++++++++++++++++++++++++
     [W-856]  🔴6  vs  2🔵
     [W-857]  🔴6  vs  2🔵
     [W-858]  🔴3  vs  3🔵
     [W-859]  🔴5  vs  2🔵
     [W-860]  🔴6  vs  3🔵
     [W-861]  🔴3  vs  2🔵
     [W-862]  🔴3  vs  6🔵
  ++++++++++++++++++++++++++++++++++

[Telegram] Ошибка отправки сообщения в чат 1477129493: 403 Client Error: Forbidden for url: https://my-tg-proxy.iwantbunnygirl.workers.dev/bot8603609103:AAENi9LYuF8bXjwK9E1oZIIpG21UNZeZW5s/sendMessage
[Telegram] Ошибка отправки сообщения в чат 1329987939: 403 Client Error: Forbidden for url: https://my-tg-proxy.iwantbunnygirl.workers.dev/bot8603609103:AAENi9LYuF8bXjwK9E1oZIIpG21UNZeZW5s/sendMessage
[Telegram] Ошибка отправки сообщения в чат 705506250: 403 Client Error: Forbidden for url: https://my-tg-proxy.iwantbunnygirl.workers.dev/bot8603609103:AAENi9LYuF8bXjwK9E1oZIIpG21UNZeZW5s/sendMessage
[01:37:35] ▶ Раунд W-863 начался
[01:38:07] ✅ W-863   🔴2 vs 5🔵
[01:38:13] ▶ Раунд W-864 начался
[01:38:45] ✅ W-864   🔴2 vs 5🔵

  ++++++++++++++++++++++++++++++++++
  🔴 НОВАЯ ПАРА!
  Красный — 2
  Длина цепочки: 4 раундов
  ++++++++++++++++++++++++++++++++++
     [W-861]  🔴3  vs  2🔵
     [W-862]  🔴3  vs  6🔵
     [W-863]  🔴2  vs  5🔵
     [W-864]  🔴2  vs  5🔵
  ++++++++++++++++++++++++++++++++++

[Telegram] Ошибка отправки сообщения в чат 1477129493: 403 Client Error: Forbidden for url: https://my-tg-proxy.iwantbunnygirl.workers.dev/bot8603609103:AAENi9LYuF8bXjwK9E1oZIIpG21UNZeZW5s/sendMessage
[Telegram] Ошибка отправки сообщения в чат 1329987939: 403 Client Error: Forbidden for url: https://my-tg-proxy.iwantbunnygirl.workers.dev/bot8603609103:AAENi9LYuF8bXjwK9E1oZIIpG21UNZeZW5s/sendMessage
[Telegram] Ошибка отправки сообщения в чат 705506250: 403 Client Error: Forbidden for url: https://my-tg-proxy.iwantbunnygirl.workers.dev/bot8603609103:AAENi9LYuF8bXjwK9E1oZIIpG21UNZeZW5s/sendMessage
[01:38:51] ▶ Раунд W-865 начался
[01:39:23] ✅ W-865   🔴2 vs 1🔵
[01:39:29] ▶ Раунд W-866 начался
[01:40:01] ✅ W-866   🔴1 vs 2🔵
[01:40:07] ▶ Раунд W-867 начался
[01:40:39] ✅ W-867   🔴2 vs 6🔵
[01:40:45] ▶ Раунд W-868 начался
[01:41:17] ✅ W-868   🔴2 vs 6🔵

  ~~~~~~~~~~~~~~~~~~~~~~~~~~~~~~~~~~
  🎲 МНОГО ПОСЛЕДОВАТЕЛЬНОСТЕЙ!
  Найдено: 4
  🔴22, 🔵55, 🔴22, 🔵66
  ~~~~~~~~~~~~~~~~~~~~~~~~~~~~~~~~~~
  🔥 [W-863]  🔴2  vs  5🔵
  🔥 [W-864]  🔴2  vs  5🔵
     [W-865]  🔴2  vs  1🔵
     [W-866]  🔴1  vs  2🔵
  🔥 [W-867]  🔴2  vs  6🔵
  🔥 [W-868]  🔴2  vs  6🔵
  ~~~~~~~~~~~~~~~~~~~~~~~~~~~~~~~~~~

[Telegram] Ошибка отправки сообщения в чат 1477129493: 403 Client Error: Forbidden for url: https://my-tg-proxy.iwantbunnygirl.workers.dev/bot8603609103:AAENi9LYuF8bXjwK9E1oZIIpG21UNZeZW5s/sendMessage
[Telegram] Ошибка отправки сообщения в чат 1329987939: 403 Client Error: Forbidden for url: https://my-tg-proxy.iwantbunnygirl.workers.dev/bot8603609103:AAENi9LYuF8bXjwK9E1oZIIpG21UNZeZW5s/sendMessage
[Telegram] Ошибка отправки сообщения в чат 705506250: 403 Client Error: Forbidden for url: https://my-tg-proxy.iwantbunnygirl.workers.dev/bot8603609103:AAENi9LYuF8bXjwK9E1oZIIpG21UNZeZW5s/sendMessage

  ++++++++++++++++++++++++++++++++++
  🔴 НОВАЯ ПАРА!
  Красный — 2
  Длина цепочки: 6 раундов
  ++++++++++++++++++++++++++++++++++
     [W-863]  🔴2  vs  5🔵
     [W-864]  🔴2  vs  5🔵
     [W-865]  🔴2  vs  1🔵
     [W-866]  🔴1  vs  2🔵
     [W-867]  🔴2  vs  6🔵
     [W-868]  🔴2  vs  6🔵
  ++++++++++++++++++++++++++++++++++

[Telegram] Ошибка отправки сообщения в чат 1477129493: 403 Client Error: Forbidden for url: https://my-tg-proxy.iwantbunnygirl.workers.dev/bot8603609103:AAENi9LYuF8bXjwK9E1oZIIpG21UNZeZW5s/sendMessage
[Telegram] Ошибка отправки сообщения в чат 1329987939: 403 Client Error: Forbidden for url: https://my-tg-proxy.iwantbunnygirl.workers.dev/bot8603609103:AAENi9LYuF8bXjwK9E1oZIIpG21UNZeZW5s/sendMessage
[Telegram] Ошибка отправки сообщения в чат 705506250: 403 Client Error: Forbidden for url: https://my-tg-proxy.iwantbunnygirl.workers.dev/bot8603609103:AAENi9LYuF8bXjwK9E1oZIIpG21UNZeZW5s/sendMessage
[01:41:23] ▶ Раунд W-869 начался
[01:41:55] ✅ W-869   🔴2 vs 6🔵
[01:42:01] ▶ Раунд W-870 начался
[01:42:33] ✅ W-870   🔴1 vs 2🔵
[01:42:39] ▶ Раунд W-871 начался
[01:43:11] ✅ W-871   🔴5 vs 5🔵
[01:43:17] ▶ Раунд W-872 начался
[01:43:49] ✅ W-872   🔴5 vs 3🔵

  ++++++++++++++++++++++++++++++++++
  🔴 НОВАЯ ПАРА!
  Красный — 5
  Длина цепочки: 6 раундов
  ++++++++++++++++++++++++++++++++++
     [W-867]  🔴2  vs  6🔵
     [W-868]  🔴2  vs  6🔵
     [W-869]  🔴2  vs  6🔵
     [W-870]  🔴1  vs  2🔵
     [W-871]  🔴5  vs  5🔵
     [W-872]  🔴5  vs  3🔵
  ++++++++++++++++++++++++++++++++++

[Telegram] Ошибка отправки сообщения в чат 1477129493: 403 Client Error: Forbidden for url: https://my-tg-proxy.iwantbunnygirl.workers.dev/bot8603609103:AAENi9LYuF8bXjwK9E1oZIIpG21UNZeZW5s/sendMessage
[Telegram] Ошибка отправки сообщения в чат 1329987939: 403 Client Error: Forbidden for url: https://my-tg-proxy.iwantbunnygirl.workers.dev/bot8603609103:AAENi9LYuF8bXjwK9E1oZIIpG21UNZeZW5s/sendMessage
[Telegram] Ошибка отправки сообщения в чат 705506250: 403 Client Error: Forbidden for url: https://my-tg-proxy.iwantbunnygirl.workers.dev/bot8603609103:AAENi9LYuF8bXjwK9E1oZIIpG21UNZeZW5s/sendMessage
[01:43:55] ▶ Раунд W-873 начался
[01:44:27] ✅ W-873   🔴6 vs 6🔵
[01:44:33] ▶ Раунд W-874 начался
[01:45:05] ✅ W-874   🔴6 vs 4🔵

  ++++++++++++++++++++++++++++++++++
  🔴 НОВАЯ ПАРА!
  Красный — 6
  Длина цепочки: 4 раундов
  ++++++++++++++++++++++++++++++++++
     [W-871]  🔴5  vs  5🔵
     [W-872]  🔴5  vs  3🔵
     [W-873]  🔴6  vs  6🔵
     [W-874]  🔴6  vs  4🔵
  ++++++++++++++++++++++++++++++++++

[Telegram] Ошибка отправки сообщения в чат 1477129493: 403 Client Error: Forbidden for url: https://my-tg-proxy.iwantbunnygirl.workers.dev/bot8603609103:AAENi9LYuF8bXjwK9E1oZIIpG21UNZeZW5s/sendMessage
[Telegram] Ошибка отправки сообщения в чат 1329987939: 403 Client Error: Forbidden for url: https://my-tg-proxy.iwantbunnygirl.workers.dev/bot8603609103:AAENi9LYuF8bXjwK9E1oZIIpG21UNZeZW5s/sendMessage
[Telegram] Ошибка отправки сообщения в чат 705506250: 403 Client Error: Forbidden for url: https://my-tg-proxy.iwantbunnygirl.workers.dev/bot8603609103:AAENi9LYuF8bXjwK9E1oZIIpG21UNZeZW5s/sendMessage
[01:45:11] ▶ Раунд W-875 начался
[01:45:43] ✅ W-875   🔴6 vs 4🔵
[01:45:49] ▶ Раунд W-876 начался
[01:46:21] ✅ W-876   🔴5 vs 4🔵
[01:46:27] ▶ Раунд W-877 начался
[01:46:59] ✅ W-877   🔴3 vs 5🔵
[01:47:05] ▶ Раунд W-878 начался
[01:47:37] ✅ W-878   🔴6 vs 6🔵
[01:47:43] ▶ Раунд W-879 начался
[01:48:15] ✅ W-879   🔴4 vs 4🔵
[01:48:19] ▶ Раунд W-880 начался
[01:48:51] ✅ W-880   🔴6 vs 6🔵
[01:48:57] ▶ Раунд W-881 начался
[01:49:29] ✅ W-881   🔴6 vs 3🔵

  ~~~~~~~~~~~~~~~~~~~~~~~~~~~~~~~~~~
  🎲 МНОГО ПОСЛЕДОВАТЕЛЬНОСТЕЙ!
  Найдено: 4
  🔴55, 🔴66, 🔵44, 🔴66
  ~~~~~~~~~~~~~~~~~~~~~~~~~~~~~~~~~~
  🔥 [W-871]  🔴5  vs  5🔵
  🔥 [W-872]  🔴5  vs  3🔵
  🔥 [W-873]  🔴6  vs  6🔵
  🔥 [W-874]  🔴6  vs  4🔵
  🔥 [W-875]  🔴6  vs  4🔵
     [W-876]  🔴5  vs  4🔵
     [W-877]  🔴3  vs  5🔵
     [W-878]  🔴6  vs  6🔵
     [W-879]  🔴4  vs  4🔵
  🔥 [W-880]  🔴6  vs  6🔵
  🔥 [W-881]  🔴6  vs  3🔵
  ~~~~~~~~~~~~~~~~~~~~~~~~~~~~~~~~~~

[Telegram] Ошибка отправки сообщения в чат 1477129493: 403 Client Error: Forbidden for url: https://my-tg-proxy.iwantbunnygirl.workers.dev/bot8603609103:AAENi9LYuF8bXjwK9E1oZIIpG21UNZeZW5s/sendMessage
[Telegram] Ошибка отправки сообщения в чат 1329987939: 403 Client Error: Forbidden for url: https://my-tg-proxy.iwantbunnygirl.workers.dev/bot8603609103:AAENi9LYuF8bXjwK9E1oZIIpG21UNZeZW5s/sendMessage
[Telegram] Ошибка отправки сообщения в чат 705506250: 403 Client Error: Forbidden for url: https://my-tg-proxy.iwantbunnygirl.workers.dev/bot8603609103:AAENi9LYuF8bXjwK9E1oZIIpG21UNZeZW5s/sendMessage

  ++++++++++++++++++++++++++++++++++
  🔴 НОВАЯ ПАРА!
  Красный — 6
  Длина цепочки: 9 раундов
  ++++++++++++++++++++++++++++++++++
     [W-873]  🔴6  vs  6🔵
     [W-874]  🔴6  vs  4🔵
     [W-875]  🔴6  vs  4🔵
     [W-876]  🔴5  vs  4🔵
     [W-877]  🔴3  vs  5🔵
     [W-878]  🔴6  vs  6🔵
     [W-879]  🔴4  vs  4🔵
     [W-880]  🔴6  vs  6🔵
     [W-881]  🔴6  vs  3🔵
  ++++++++++++++++++++++++++++++++++

[Telegram] Ошибка отправки сообщения в чат 1477129493: 403 Client Error: Forbidden for url: https://my-tg-proxy.iwantbunnygirl.workers.dev/bot8603609103:AAENi9LYuF8bXjwK9E1oZIIpG21UNZeZW5s/sendMessage
[Telegram] Ошибка отправки сообщения в чат 1329987939: 403 Client Error: Forbidden for url: https://my-tg-proxy.iwantbunnygirl.workers.dev/bot8603609103:AAENi9LYuF8bXjwK9E1oZIIpG21UNZeZW5s/sendMessage
[Telegram] Ошибка отправки сообщения в чат 705506250: 403 Client Error: Forbidden for url: https://my-tg-proxy.iwantbunnygirl.workers.dev/bot8603609103:AAENi9LYuF8bXjwK9E1oZIIpG21UNZeZW5s/sendMessage
[01:49:35] ▶ Раунд W-882 начался
[01:50:07] ✅ W-882   🔴1 vs 1🔵
[01:50:13] ▶ Раунд W-883 начался
[01:50:45] ✅ W-883   🔴6 vs 6🔵
[01:50:51] ▶ Раунд W-884 начался
[01:51:23] ✅ W-884   🔴4 vs 2🔵
[01:51:29] ▶ Раунд W-885 начался
[01:52:01] ✅ W-885   🔴2 vs 6🔵
[01:52:07] ▶ Раунд W-886 начался
[01:52:39] ✅ W-886   🔴6 vs 4🔵
[01:52:45] ▶ Раунд W-887 начался
[01:53:17] ✅ W-887   🔴2 vs 6🔵

  ##################################
  🔵 XOX-ПАТТЕРН!
  Синий — 6
  Шаблон: xoxox
  ##################################
  🎯 [W-883]  🔴6  vs  6🔵
     [W-884]  🔴4  vs  2🔵
  🎯 [W-885]  🔴2  vs  6🔵
     [W-886]  🔴6  vs  4🔵
  🎯 [W-887]  🔴2  vs  6🔵
  ##################################

[01:53:23] ▶ Раунд W-888 начался
[01:53:55] ✅ W-888   🔴1 vs 1🔵
[01:54:01] ▶ Раунд W-889 начался
[01:54:33] ✅ W-889   🔴5 vs 6🔵

  ##################################
  🔵 XOX-ПАТТЕРН!
  Синий — 6
  Шаблон: xoxox
  ##################################
  🎯 [W-885]  🔴2  vs  6🔵
     [W-886]  🔴6  vs  4🔵
  🎯 [W-887]  🔴2  vs  6🔵
     [W-888]  🔴1  vs  1🔵
  🎯 [W-889]  🔴5  vs  6🔵
  ##################################

[01:54:39] ▶ Раунд W-890 начался
[01:55:11] ✅ W-890   🔴4 vs 1🔵
[01:55:17] ▶ Раунд W-891 начался
[01:55:49] ✅ W-891   🔴1 vs 2🔵
[01:55:55] ▶ Раунд W-892 начался
[01:56:27] ✅ W-892   🔴6 vs 5🔵
[01:56:33] ▶ Раунд W-893 начался
[01:57:05] ✅ W-893   🔴3 vs 2🔵
[01:57:11] ▶ Раунд W-894 начался
[01:57:43] ✅ W-894   🔴4 vs 4🔵
[01:57:49] ▶ Раунд W-895 начался
[01:58:21] ✅ W-895   🔴4 vs 3🔵

  ++++++++++++++++++++++++++++++++++
  🔴 НОВАЯ ПАРА!
  Красный — 4
  Длина цепочки: 16 раундов
  ++++++++++++++++++++++++++++++++++
     [W-880]  🔴6  vs  6🔵
     [W-881]  🔴6  vs  3🔵
     [W-882]  🔴1  vs  1🔵
     [W-883]  🔴6  vs  6🔵
     [W-884]  🔴4  vs  2🔵
     [W-885]  🔴2  vs  6🔵
     [W-886]  🔴6  vs  4🔵
     [W-887]  🔴2  vs  6🔵
     [W-888]  🔴1  vs  1🔵
     [W-889]  🔴5  vs  6🔵
     [W-890]  🔴4  vs  1🔵
     [W-891]  🔴1  vs  2🔵
     [W-892]  🔴6  vs  5🔵
     [W-893]  🔴3  vs  2🔵
     [W-894]  🔴4  vs  4🔵
     [W-895]  🔴4  vs  3🔵
  ++++++++++++++++++++++++++++++++++

[Telegram] Ошибка отправки сообщения в чат 1477129493: 403 Client Error: Forbidden for url: https://my-tg-proxy.iwantbunnygirl.workers.dev/bot8603609103:AAENi9LYuF8bXjwK9E1oZIIpG21UNZeZW5s/sendMessage
[Telegram] Ошибка отправки сообщения в чат 1329987939: 403 Client Error: Forbidden for url: https://my-tg-proxy.iwantbunnygirl.workers.dev/bot8603609103:AAENi9LYuF8bXjwK9E1oZIIpG21UNZeZW5s/sendMessage
[Telegram] Ошибка отправки сообщения в чат 705506250: 403 Client Error: Forbidden for url: https://my-tg-proxy.iwantbunnygirl.workers.dev/bot8603609103:AAENi9LYuF8bXjwK9E1oZIIpG21UNZeZW5s/sendMessage
[01:58:27] ▶ Раунд W-896 начался
[01:58:59] ✅ W-896   🔴5 vs 5🔵
[01:59:05] ▶ Раунд W-897 начался
[01:59:37] ✅ W-897   🔴2 vs 6🔵
[01:59:43] ▶ Раунд W-898 начался
[02:00:15] ✅ W-898   🔴5 vs 2🔵
[02:00:21] ▶ Раунд W-899 начался
[02:00:53] ✅ W-899   🔴6 vs 5🔵
[02:00:59] ▶ Раунд W-900 начался
[02:01:31] ✅ W-900   🔴4 vs 4🔵
[02:01:37] ▶ Раунд W-901 начался
[02:02:09] ✅ W-901   🔴1 vs 6🔵
[02:02:15] ▶ Раунд W-902 начался
[02:02:47] ✅ W-902   🔴6 vs 3🔵
[02:02:53] ▶ Раунд W-903 начался
[02:03:25] ✅ W-903   🔴1 vs 4🔵
[02:03:31] ▶ Раунд W-904 начался
[02:04:03] ✅ W-904   🔴5 vs 3🔵
[02:04:09] ▶ Раунд W-905 начался
[02:04:41] ✅ W-905   🔴4 vs 2🔵

  ##################################
  🔴 XOX-ПАТТЕРН!
  Красный — 4
  Шаблон: xooooxoooox
  ##################################
  🎯 [W-895]  🔴4  vs  3🔵
     [W-896]  🔴5  vs  5🔵
     [W-897]  🔴2  vs  6🔵
     [W-898]  🔴5  vs  2🔵
     [W-899]  🔴6  vs  5🔵
  🎯 [W-900]  🔴4  vs  4🔵
     [W-901]  🔴1  vs  6🔵
     [W-902]  🔴6  vs  3🔵
     [W-903]  🔴1  vs  4🔵
     [W-904]  🔴5  vs  3🔵
  🎯 [W-905]  🔴4  vs  2🔵
  ##################################

[02:04:47] ▶ Раунд W-906 начался
[02:05:19] ✅ W-906   🔴2 vs 3🔵

  ##################################
  🔵 XOX-ПАТТЕРН!
  Синий — 3
  Шаблон: xoxox
  ##################################
  🎯 [W-902]  🔴6  vs  3🔵
     [W-903]  🔴1  vs  4🔵
  🎯 [W-904]  🔴5  vs  3🔵
     [W-905]  🔴4  vs  2🔵
  🎯 [W-906]  🔴2  vs  3🔵
  ##################################

[02:05:25] ▶ Раунд W-907 начался
[02:05:57] ✅ W-907   🔴4 vs 4🔵
[02:06:03] ▶ Раунд W-908 начался
[02:06:35] ✅ W-908   🔴1 vs 5🔵
[02:06:41] ▶ Раунд W-909 начался
[02:07:13] ✅ W-909   🔴1 vs 1🔵

  ++++++++++++++++++++++++++++++++++
  🔴 НОВАЯ ПАРА!
  Красный — 1
  Длина цепочки: 16 раундов
  ++++++++++++++++++++++++++++++++++
     [W-894]  🔴4  vs  4🔵
     [W-895]  🔴4  vs  3🔵
     [W-896]  🔴5  vs  5🔵
     [W-897]  🔴2  vs  6🔵
     [W-898]  🔴5  vs  2🔵
     [W-899]  🔴6  vs  5🔵
     [W-900]  🔴4  vs  4🔵
     [W-901]  🔴1  vs  6🔵
     [W-902]  🔴6  vs  3🔵
     [W-903]  🔴1  vs  4🔵
     [W-904]  🔴5  vs  3🔵
     [W-905]  🔴4  vs  2🔵
     [W-906]  🔴2  vs  3🔵
     [W-907]  🔴4  vs  4🔵
     [W-908]  🔴1  vs  5🔵
     [W-909]  🔴1  vs  1🔵
  ++++++++++++++++++++++++++++++++++

[Telegram] Ошибка отправки сообщения в чат 1477129493: 403 Client Error: Forbidden for url: https://my-tg-proxy.iwantbunnygirl.workers.dev/bot8603609103:AAENi9LYuF8bXjwK9E1oZIIpG21UNZeZW5s/sendMessage
[Telegram] Ошибка отправки сообщения в чат 1329987939: 403 Client Error: Forbidden for url: https://my-tg-proxy.iwantbunnygirl.workers.dev/bot8603609103:AAENi9LYuF8bXjwK9E1oZIIpG21UNZeZW5s/sendMessage
[Telegram] Ошибка отправки сообщения в чат 705506250: 403 Client Error: Forbidden for url: https://my-tg-proxy.iwantbunnygirl.workers.dev/bot8603609103:AAENi9LYuF8bXjwK9E1oZIIpG21UNZeZW5s/sendMessage
[02:07:19] ▶ Раунд W-910 начался
[02:07:51] ✅ W-910   🔴6 vs 1🔵
[02:07:57] ▶ Раунд W-911 начался
[02:08:29] ✅ W-911   🔴2 vs 5🔵
[02:08:35] ▶ Раунд W-912 начался
[02:09:07] ✅ W-912   🔴5 vs 2🔵

  ##################################
  🔵 XOX-ПАТТЕРН!
  Синий — 2
  Шаблон: xooooooxoooooox
  ##################################
  🎯 [W-898]  🔴5  vs  2🔵
     [W-899]  🔴6  vs  5🔵
     [W-900]  🔴4  vs  4🔵
     [W-901]  🔴1  vs  6🔵
     [W-902]  🔴6  vs  3🔵
     [W-903]  🔴1  vs  4🔵
     [W-904]  🔴5  vs  3🔵
  🎯 [W-905]  🔴4  vs  2🔵
     [W-906]  🔴2  vs  3🔵
     [W-907]  🔴4  vs  4🔵
     [W-908]  🔴1  vs  5🔵
     [W-909]  🔴1  vs  1🔵
     [W-910]  🔴6  vs  1🔵
     [W-911]  🔴2  vs  5🔵
  🎯 [W-912]  🔴5  vs  2🔵
  ##################################

[02:09:13] ▶ Раунд W-913 начался
[02:09:45] ✅ W-913   🔴6 vs 6🔵
[02:09:51] ▶ Раунд W-914 начался
[02:10:23] ✅ W-914   🔴1 vs 3🔵
[02:10:29] ▶ Раунд W-915 начался
[02:11:01] ✅ W-915   🔴3 vs 3🔵

  ~~~~~~~~~~~~~~~~~~~~~~~~~~~~~~~~~~
  🎲 МНОГО ПОСЛЕДОВАТЕЛЬНОСТЕЙ!
  Найдено: 4
  🔴44, 🔴11, 🔵11, 🔵33
  ~~~~~~~~~~~~~~~~~~~~~~~~~~~~~~~~~~
  🔥 [W-894]  🔴4  vs  4🔵
  🔥 [W-895]  🔴4  vs  3🔵
     [W-896]  🔴5  vs  5🔵
     [W-897]  🔴2  vs  6🔵
     [W-898]  🔴5  vs  2🔵
     [W-899]  🔴6  vs  5🔵
     [W-900]  🔴4  vs  4🔵
     [W-901]  🔴1  vs  6🔵
     [W-902]  🔴6  vs  3🔵
     [W-903]  🔴1  vs  4🔵
     [W-904]  🔴5  vs  3🔵
     [W-905]  🔴4  vs  2🔵
     [W-906]  🔴2  vs  3🔵
     [W-907]  🔴4  vs  4🔵
  🔥 [W-908]  🔴1  vs  5🔵
  🔥 [W-909]  🔴1  vs  1🔵
  🔥 [W-910]  🔴6  vs  1🔵
     [W-911]  🔴2  vs  5🔵
     [W-912]  🔴5  vs  2🔵
     [W-913]  🔴6  vs  6🔵
  🔥 [W-914]  🔴1  vs  3🔵
  🔥 [W-915]  🔴3  vs  3🔵
  ~~~~~~~~~~~~~~~~~~~~~~~~~~~~~~~~~~

[Telegram] Ошибка отправки сообщения в чат 1477129493: 403 Client Error: Forbidden for url: https://my-tg-proxy.iwantbunnygirl.workers.dev/bot8603609103:AAENi9LYuF8bXjwK9E1oZIIpG21UNZeZW5s/sendMessage
[Telegram] Ошибка отправки сообщения в чат 1329987939: 403 Client Error: Forbidden for url: https://my-tg-proxy.iwantbunnygirl.workers.dev/bot8603609103:AAENi9LYuF8bXjwK9E1oZIIpG21UNZeZW5s/sendMessage
[Telegram] Ошибка отправки сообщения в чат 705506250: 403 Client Error: Forbidden for url: https://my-tg-proxy.iwantbunnygirl.workers.dev/bot8603609103:AAENi9LYuF8bXjwK9E1oZIIpG21UNZeZW5s/sendMessage

  ++++++++++++++++++++++++++++++++++
  🔵 НОВАЯ ПАРА!
  Синий — 3
  Длина цепочки: 8 раундов
  ++++++++++++++++++++++++++++++++++
     [W-908]  🔴1  vs  5🔵
     [W-909]  🔴1  vs  1🔵
     [W-910]  🔴6  vs  1🔵
     [W-911]  🔴2  vs  5🔵
     [W-912]  🔴5  vs  2🔵
     [W-913]  🔴6  vs  6🔵
     [W-914]  🔴1  vs  3🔵
     [W-915]  🔴3  vs  3🔵
  ++++++++++++++++++++++++++++++++++

[Telegram] Ошибка отправки сообщения в чат 1477129493: 403 Client Error: Forbidden for url: https://my-tg-proxy.iwantbunnygirl.workers.dev/bot8603609103:AAENi9LYuF8bXjwK9E1oZIIpG21UNZeZW5s/sendMessage
[Telegram] Ошибка отправки сообщения в чат 1329987939: 403 Client Error: Forbidden for url: https://my-tg-proxy.iwantbunnygirl.workers.dev/bot8603609103:AAENi9LYuF8bXjwK9E1oZIIpG21UNZeZW5s/sendMessage
[Telegram] Ошибка отправки сообщения в чат 705506250: 403 Client Error: Forbidden for url: https://my-tg-proxy.iwantbunnygirl.workers.dev/bot8603609103:AAENi9LYuF8bXjwK9E1oZIIpG21UNZeZW5s/sendMessage
[02:11:07] ▶ Раунд W-916 начался
[02:11:39] ✅ W-916   🔴4 vs 4🔵
[02:11:45] ▶ Раунд W-917 начался
[02:12:17] ✅ W-917   🔴1 vs 3🔵
[02:12:23] ▶ Раунд W-918 начался
[02:12:55] ✅ W-918   🔴4 vs 1🔵
[02:13:01] ▶ Раунд W-919 начался
[02:13:33] ✅ W-919   🔴1 vs 4🔵
[02:13:39] ▶ Раунд W-920 начался
[02:14:11] ✅ W-920   🔴6 vs 5🔵
[02:14:17] ▶ Раунд W-921 начался
[02:14:49] ✅ W-921   🔴1 vs 4🔵

  ##################################
  🔴 XOX-ПАТТЕРН!
  Красный — 1
  Шаблон: xoxox
  ##################################
  🎯 [W-917]  🔴1  vs  3🔵
     [W-918]  🔴4  vs  1🔵
  🎯 [W-919]  🔴1  vs  4🔵
     [W-920]  🔴6  vs  5🔵
  🎯 [W-921]  🔴1  vs  4🔵
  ##################################

[02:14:55] ▶ Раунд W-922 начался
[02:15:27] ✅ W-922   🔴6 vs 4🔵

  ++++++++++++++++++++++++++++++++++
  🔵 НОВАЯ ПАРА!
  Синий — 4
  Длина цепочки: 9 раундов
  ++++++++++++++++++++++++++++++++++
     [W-914]  🔴1  vs  3🔵
     [W-915]  🔴3  vs  3🔵
     [W-916]  🔴4  vs  4🔵
     [W-917]  🔴1  vs  3🔵
     [W-918]  🔴4  vs  1🔵
     [W-919]  🔴1  vs  4🔵
     [W-920]  🔴6  vs  5🔵
     [W-921]  🔴1  vs  4🔵
     [W-922]  🔴6  vs  4🔵
  ++++++++++++++++++++++++++++++++++

[Telegram] Ошибка отправки сообщения в чат 1477129493: 403 Client Error: Forbidden for url: https://my-tg-proxy.iwantbunnygirl.workers.dev/bot8603609103:AAENi9LYuF8bXjwK9E1oZIIpG21UNZeZW5s/sendMessage
[Telegram] Ошибка отправки сообщения в чат 1329987939: 403 Client Error: Forbidden for url: https://my-tg-proxy.iwantbunnygirl.workers.dev/bot8603609103:AAENi9LYuF8bXjwK9E1oZIIpG21UNZeZW5s/sendMessage
[Telegram] Ошибка отправки сообщения в чат 705506250: 403 Client Error: Forbidden for url: https://my-tg-proxy.iwantbunnygirl.workers.dev/bot8603609103:AAENi9LYuF8bXjwK9E1oZIIpG21UNZeZW5s/sendMessage
[02:15:33] ▶ Раунд W-923 начался
[02:16:05] ✅ W-923   🔴6 vs 3🔵
[02:16:11] ▶ Раунд W-924 начался
[02:16:43] ✅ W-924   🔴1 vs 6🔵
[02:16:49] ▶ Раунд W-925 начался
[02:17:21] ✅ W-925   🔴1 vs 5🔵

  ++++++++++++++++++++++++++++++++++
  🔴 НОВАЯ ПАРА!
  Красный — 1
  Длина цепочки: 5 раундов
  ++++++++++++++++++++++++++++++++++
     [W-921]  🔴1  vs  4🔵
     [W-922]  🔴6  vs  4🔵
     [W-923]  🔴6  vs  3🔵
     [W-924]  🔴1  vs  6🔵
     [W-925]  🔴1  vs  5🔵
  ++++++++++++++++++++++++++++++++++

[Telegram] Ошибка отправки сообщения в чат 1477129493: 403 Client Error: Forbidden for url: https://my-tg-proxy.iwantbunnygirl.workers.dev/bot8603609103:AAENi9LYuF8bXjwK9E1oZIIpG21UNZeZW5s/sendMessage
[Telegram] Ошибка отправки сообщения в чат 1329987939: 403 Client Error: Forbidden for url: https://my-tg-proxy.iwantbunnygirl.workers.dev/bot8603609103:AAENi9LYuF8bXjwK9E1oZIIpG21UNZeZW5s/sendMessage
[Telegram] Ошибка отправки сообщения в чат 705506250: 403 Client Error: Forbidden for url: https://my-tg-proxy.iwantbunnygirl.workers.dev/bot8603609103:AAENi9LYuF8bXjwK9E1oZIIpG21UNZeZW5s/sendMessage
[02:17:27] ▶ Раунд W-926 начался
[02:17:59] ✅ W-926   🔴5 vs 3🔵
[02:18:05] ▶ Раунд W-927 начался
[02:18:37] ✅ W-927   🔴5 vs 3🔵

  ~~~~~~~~~~~~~~~~~~~~~~~~~~~~~~~~~~
  🎲 МНОГО ПОСЛЕДОВАТЕЛЬНОСТЕЙ!
  Найдено: 4
  🔵44, 🔴66, 🔴11, 🔴55
  ~~~~~~~~~~~~~~~~~~~~~~~~~~~~~~~~~~
  🔥 [W-921]  🔴1  vs  4🔵
  🔥 [W-922]  🔴6  vs  4🔵
  🔥 [W-923]  🔴6  vs  3🔵
  🔥 [W-924]  🔴1  vs  6🔵
  🔥 [W-925]  🔴1  vs  5🔵
  🔥 [W-926]  🔴5  vs  3🔵
  🔥 [W-927]  🔴5  vs  3🔵
  ~~~~~~~~~~~~~~~~~~~~~~~~~~~~~~~~~~

[Telegram] Ошибка отправки сообщения в чат 1477129493: 403 Client Error: Forbidden for url: https://my-tg-proxy.iwantbunnygirl.workers.dev/bot8603609103:AAENi9LYuF8bXjwK9E1oZIIpG21UNZeZW5s/sendMessage
[Telegram] Ошибка отправки сообщения в чат 1329987939: 403 Client Error: Forbidden for url: https://my-tg-proxy.iwantbunnygirl.workers.dev/bot8603609103:AAENi9LYuF8bXjwK9E1oZIIpG21UNZeZW5s/sendMessage
[Telegram] Ошибка отправки сообщения в чат 705506250: 403 Client Error: Forbidden for url: https://my-tg-proxy.iwantbunnygirl.workers.dev/bot8603609103:AAENi9LYuF8bXjwK9E1oZIIpG21UNZeZW5s/sendMessage

  ++++++++++++++++++++++++++++++++++
  🔴 НОВАЯ ПАРА!
  Красный — 5
  Длина цепочки: 4 раундов
  ++++++++++++++++++++++++++++++++++
     [W-924]  🔴1  vs  6🔵
     [W-925]  🔴1  vs  5🔵
     [W-926]  🔴5  vs  3🔵
     [W-927]  🔴5  vs  3🔵
  ++++++++++++++++++++++++++++++++++

[Telegram] Ошибка отправки сообщения в чат 1477129493: 403 Client Error: Forbidden for url: https://my-tg-proxy.iwantbunnygirl.workers.dev/bot8603609103:AAENi9LYuF8bXjwK9E1oZIIpG21UNZeZW5s/sendMessage
[Telegram] Ошибка отправки сообщения в чат 1329987939: 403 Client Error: Forbidden for url: https://my-tg-proxy.iwantbunnygirl.workers.dev/bot8603609103:AAENi9LYuF8bXjwK9E1oZIIpG21UNZeZW5s/sendMessage
[Telegram] Ошибка отправки сообщения в чат 705506250: 403 Client Error: Forbidden for url: https://my-tg-proxy.iwantbunnygirl.workers.dev/bot8603609103:AAENi9LYuF8bXjwK9E1oZIIpG21UNZeZW5s/sendMessage
[02:18:43] ▶ Раунд W-928 начался
[02:19:15] ✅ W-928   🔴5 vs 4🔵
[02:19:21] ▶ Раунд W-929 начался
[02:19:53] ✅ W-929   🔴3 vs 2🔵
[02:19:59] ▶ Раунд W-930 начался
[02:20:31] ✅ W-930   🔴5 vs 3🔵
[02:20:37] ▶ Раунд W-931 начался
[02:21:09] ✅ W-931   🔴2 vs 5🔵
[02:21:15] ▶ Раунд W-932 начался
[02:21:47] ✅ W-932   🔴5 vs 1🔵

  ##################################
  🔴 XOX-ПАТТЕРН!
  Красный — 5
  Шаблон: xoxox
  ##################################
  🎯 [W-928]  🔴5  vs  4🔵
     [W-929]  🔴3  vs  2🔵
  🎯 [W-930]  🔴5  vs  3🔵
     [W-931]  🔴2  vs  5🔵
  🎯 [W-932]  🔴5  vs  1🔵
  ##################################

[02:21:53] ▶ Раунд W-933 начался
[02:22:25] ✅ W-933   🔴2 vs 1🔵

  ++++++++++++++++++++++++++++++++++
  🔵 НОВАЯ ПАРА!
  Синий — 1
  Длина цепочки: 8 раундов
  ++++++++++++++++++++++++++++++++++
     [W-926]  🔴5  vs  3🔵
     [W-927]  🔴5  vs  3🔵
     [W-928]  🔴5  vs  4🔵
     [W-929]  🔴3  vs  2🔵
     [W-930]  🔴5  vs  3🔵
     [W-931]  🔴2  vs  5🔵
     [W-932]  🔴5  vs  1🔵
     [W-933]  🔴2  vs  1🔵
  ++++++++++++++++++++++++++++++++++

[Telegram] Ошибка отправки сообщения в чат 1477129493: 403 Client Error: Forbidden for url: https://my-tg-proxy.iwantbunnygirl.workers.dev/bot8603609103:AAENi9LYuF8bXjwK9E1oZIIpG21UNZeZW5s/sendMessage
[Telegram] Ошибка отправки сообщения в чат 1329987939: 403 Client Error: Forbidden for url: https://my-tg-proxy.iwantbunnygirl.workers.dev/bot8603609103:AAENi9LYuF8bXjwK9E1oZIIpG21UNZeZW5s/sendMessage
[Telegram] Ошибка отправки сообщения в чат 705506250: 403 Client Error: Forbidden for url: https://my-tg-proxy.iwantbunnygirl.workers.dev/bot8603609103:AAENi9LYuF8bXjwK9E1oZIIpG21UNZeZW5s/sendMessage
[02:22:31] ▶ Раунд W-934 начался
[02:23:03] ✅ W-934   🔴4 vs 3🔵
[02:23:09] ▶ Раунд W-935 начался
[02:23:47] ▶ Раунд W-936 начался
[02:24:19] ✅ W-936   🔴1 vs 1🔵
[02:24:25] ▶ Раунд W-937 начался
[02:24:57] ✅ W-937   🔴3 vs 2🔵
[02:25:03] ▶ Раунд W-938 начался
[02:25:35] ✅ W-938   🔴1 vs 2🔵

  ++++++++++++++++++++++++++++++++++
  🔵 НОВАЯ ПАРА!
  Синий — 2
  Длина цепочки: 6 раундов
  ++++++++++++++++++++++++++++++++++
     [W-932]  🔴5  vs  1🔵
     [W-933]  🔴2  vs  1🔵
     [W-934]  🔴4  vs  3🔵
     [W-936]  🔴1  vs  1🔵
     [W-937]  🔴3  vs  2🔵
     [W-938]  🔴1  vs  2🔵
  ++++++++++++++++++++++++++++++++++

[Telegram] Ошибка отправки сообщения в чат 1477129493: 403 Client Error: Forbidden for url: https://my-tg-proxy.iwantbunnygirl.workers.dev/bot8603609103:AAENi9LYuF8bXjwK9E1oZIIpG21UNZeZW5s/sendMessage
[Telegram] Ошибка отправки сообщения в чат 1329987939: 403 Client Error: Forbidden for url: https://my-tg-proxy.iwantbunnygirl.workers.dev/bot8603609103:AAENi9LYuF8bXjwK9E1oZIIpG21UNZeZW5s/sendMessage
[Telegram] Ошибка отправки сообщения в чат 705506250: 403 Client Error: Forbidden for url: https://my-tg-proxy.iwantbunnygirl.workers.dev/bot8603609103:AAENi9LYuF8bXjwK9E1oZIIpG21UNZeZW5s/sendMessage
[02:25:41] ▶ Раунд W-939 начался
[02:26:13] ✅ W-939   🔴6 vs 2🔵
[02:26:19] ▶ Раунд W-940 начался
[02:26:51] ✅ W-940   🔴4 vs 3🔵
[02:26:57] ▶ Раунд W-941 начался
[02:27:29] ✅ W-941   🔴1 vs 2🔵
[02:27:35] ▶ Раунд W-942 начался
[02:28:07] ✅ W-942   🔴4 vs 1🔵
[02:28:13] ▶ Раунд W-943 начался
[02:28:45] ✅ W-943   🔴5 vs 3🔵
[02:28:51] ▶ Раунд W-944 начался
[02:29:23] ✅ W-944   🔴4 vs 6🔵

  ##################################
  🔴 XOX-ПАТТЕРН!
  Красный — 4
  Шаблон: xoxox
  ##################################
  🎯 [W-940]  🔴4  vs  3🔵
     [W-941]  🔴1  vs  2🔵
  🎯 [W-942]  🔴4  vs  1🔵
     [W-943]  🔴5  vs  3🔵
  🎯 [W-944]  🔴4  vs  6🔵
  ##################################

[02:29:29] ▶ Раунд W-945 начался
[02:30:01] ✅ W-945   🔴4 vs 2🔵

  ~~~~~~~~~~~~~~~~~~~~~~~~~~~~~~~~~~
  🎲 МНОГО ПОСЛЕДОВАТЕЛЬНОСТЕЙ!
  Найдено: 4
  🔵33, 🔵11, 🔵22, 🔴44
  ~~~~~~~~~~~~~~~~~~~~~~~~~~~~~~~~~~
  🔥 [W-926]  🔴5  vs  3🔵
  🔥 [W-927]  🔴5  vs  3🔵
     [W-928]  🔴5  vs  4🔵
     [W-929]  🔴3  vs  2🔵
     [W-930]  🔴5  vs  3🔵
     [W-931]  🔴2  vs  5🔵
  🔥 [W-932]  🔴5  vs  1🔵
  🔥 [W-933]  🔴2  vs  1🔵
     [W-934]  🔴4  vs  3🔵
     [W-936]  🔴1  vs  1🔵
  🔥 [W-937]  🔴3  vs  2🔵
  🔥 [W-938]  🔴1  vs  2🔵
     [W-939]  🔴6  vs  2🔵
     [W-940]  🔴4  vs  3🔵
     [W-941]  🔴1  vs  2🔵
     [W-942]  🔴4  vs  1🔵
     [W-943]  🔴5  vs  3🔵
  🔥 [W-944]  🔴4  vs  6🔵
  🔥 [W-945]  🔴4  vs  2🔵
  ~~~~~~~~~~~~~~~~~~~~~~~~~~~~~~~~~~

[Telegram] Ошибка отправки сообщения в чат 1477129493: 403 Client Error: Forbidden for url: https://my-tg-proxy.iwantbunnygirl.workers.dev/bot8603609103:AAENi9LYuF8bXjwK9E1oZIIpG21UNZeZW5s/sendMessage
[Telegram] Ошибка отправки сообщения в чат 1329987939: 403 Client Error: Forbidden for url: https://my-tg-proxy.iwantbunnygirl.workers.dev/bot8603609103:AAENi9LYuF8bXjwK9E1oZIIpG21UNZeZW5s/sendMessage
[Telegram] Ошибка отправки сообщения в чат 705506250: 403 Client Error: Forbidden for url: https://my-tg-proxy.iwantbunnygirl.workers.dev/bot8603609103:AAENi9LYuF8bXjwK9E1oZIIpG21UNZeZW5s/sendMessage

  ++++++++++++++++++++++++++++++++++
  🔴 НОВАЯ ПАРА!
  Красный — 4
  Длина цепочки: 9 раундов
  ++++++++++++++++++++++++++++++++++
     [W-937]  🔴3  vs  2🔵
     [W-938]  🔴1  vs  2🔵
     [W-939]  🔴6  vs  2🔵
     [W-940]  🔴4  vs  3🔵
     [W-941]  🔴1  vs  2🔵
     [W-942]  🔴4  vs  1🔵
     [W-943]  🔴5  vs  3🔵
     [W-944]  🔴4  vs  6🔵
     [W-945]  🔴4  vs  2🔵
  ++++++++++++++++++++++++++++++++++

[Telegram] Ошибка отправки сообщения в чат 1477129493: 403 Client Error: Forbidden for url: https://my-tg-proxy.iwantbunnygirl.workers.dev/bot8603609103:AAENi9LYuF8bXjwK9E1oZIIpG21UNZeZW5s/sendMessage
[Telegram] Ошибка отправки сообщения в чат 1329987939: 403 Client Error: Forbidden for url: https://my-tg-proxy.iwantbunnygirl.workers.dev/bot8603609103:AAENi9LYuF8bXjwK9E1oZIIpG21UNZeZW5s/sendMessage
[Telegram] Ошибка отправки сообщения в чат 705506250: 403 Client Error: Forbidden for url: https://my-tg-proxy.iwantbunnygirl.workers.dev/bot8603609103:AAENi9LYuF8bXjwK9E1oZIIpG21UNZeZW5s/sendMessage
[02:30:07] ▶ Раунд W-946 начался
[02:30:39] ✅ W-946   🔴2 vs 4🔵
[02:30:45] ▶ Раунд W-947 начался
[02:31:17] ✅ W-947   🔴6 vs 4🔵

  ++++++++++++++++++++++++++++++++++
  🔵 НОВАЯ ПАРА!
  Синий — 4
  Длина цепочки: 4 раундов
  ++++++++++++++++++++++++++++++++++
     [W-944]  🔴4  vs  6🔵
     [W-945]  🔴4  vs  2🔵
     [W-946]  🔴2  vs  4🔵
     [W-947]  🔴6  vs  4🔵
  ++++++++++++++++++++++++++++++++++

[Telegram] Ошибка отправки сообщения в чат 1477129493: 403 Client Error: Forbidden for url: https://my-tg-proxy.iwantbunnygirl.workers.dev/bot8603609103:AAENi9LYuF8bXjwK9E1oZIIpG21UNZeZW5s/sendMessage
[Telegram] Ошибка отправки сообщения в чат 1329987939: 403 Client Error: Forbidden for url: https://my-tg-proxy.iwantbunnygirl.workers.dev/bot8603609103:AAENi9LYuF8bXjwK9E1oZIIpG21UNZeZW5s/sendMessage
[Telegram] Ошибка отправки сообщения в чат 705506250: 403 Client Error: Forbidden for url: https://my-tg-proxy.iwantbunnygirl.workers.dev/bot8603609103:AAENi9LYuF8bXjwK9E1oZIIpG21UNZeZW5s/sendMessage
[02:31:23] ▶ Раунд W-948 начался
[02:31:55] ✅ W-948   🔴3 vs 4🔵
[02:32:01] ▶ Раунд W-949 начался
[02:32:33] ✅ W-949   🔴4 vs 2🔵

  ##################################
  🔵 XOX-ПАТТЕРН!
  Синий — 2
  Шаблон: xoooxooox
  ##################################
  🎯 [W-941]  🔴1  vs  2🔵
     [W-942]  🔴4  vs  1🔵
     [W-943]  🔴5  vs  3🔵
     [W-944]  🔴4  vs  6🔵
  🎯 [W-945]  🔴4  vs  2🔵
     [W-946]  🔴2  vs  4🔵
     [W-947]  🔴6  vs  4🔵
     [W-948]  🔴3  vs  4🔵
  🎯 [W-949]  🔴4  vs  2🔵
  ##################################

[02:32:39] ▶ Раунд W-950 начался
[02:33:11] ✅ W-950   🔴5 vs 4🔵
[02:33:17] ▶ Раунд W-951 начался
[02:33:49] ✅ W-951   🔴2 vs 3🔵
[02:33:55] ▶ Раунд W-952 начался
[02:34:27] ✅ W-952   🔴2 vs 1🔵

  ++++++++++++++++++++++++++++++++++
  🔴 НОВАЯ ПАРА!
  Красный — 2
  Длина цепочки: 7 раундов
  ++++++++++++++++++++++++++++++++++
     [W-946]  🔴2  vs  4🔵
     [W-947]  🔴6  vs  4🔵
     [W-948]  🔴3  vs  4🔵
     [W-949]  🔴4  vs  2🔵
     [W-950]  🔴5  vs  4🔵
     [W-951]  🔴2  vs  3🔵
     [W-952]  🔴2  vs  1🔵
  ++++++++++++++++++++++++++++++++++

[Telegram] Ошибка отправки сообщения в чат 1477129493: 403 Client Error: Forbidden for url: https://my-tg-proxy.iwantbunnygirl.workers.dev/bot8603609103:AAENi9LYuF8bXjwK9E1oZIIpG21UNZeZW5s/sendMessage
[Telegram] Ошибка отправки сообщения в чат 1329987939: 403 Client Error: Forbidden for url: https://my-tg-proxy.iwantbunnygirl.workers.dev/bot8603609103:AAENi9LYuF8bXjwK9E1oZIIpG21UNZeZW5s/sendMessage
[Telegram] Ошибка отправки сообщения в чат 705506250: 403 Client Error: Forbidden for url: https://my-tg-proxy.iwantbunnygirl.workers.dev/bot8603609103:AAENi9LYuF8bXjwK9E1oZIIpG21UNZeZW5s/sendMessage
[02:34:33] ▶ Раунд W-953 начался
[02:35:05] ✅ W-953   🔴1 vs 1🔵
[02:35:11] ▶ Раунд W-954 начался
[02:35:43] ✅ W-954   🔴2 vs 5🔵
[02:35:49] ▶ Раунд W-955 начался
[02:36:21] ✅ W-955   🔴5 vs 3🔵
[02:36:27] ▶ Раунд W-956 начался
[02:36:59] ✅ W-956   🔴1 vs 5🔵
[02:37:05] ▶ Раунд W-957 начался
[02:37:37] ✅ W-957   🔴6 vs 1🔵
[02:37:43] ▶ Раунд W-958 начался
[02:38:15] ✅ W-958   🔴4 vs 1🔵

  ==================================
  🔵 ПОВТОР ПАРЫ!
  Синий — 1
  Длина серии: 7 раундов
  ==================================
     [W-952]  🔴2  vs  1🔵
     [W-953]  🔴1  vs  1🔵
     [W-954]  🔴2  vs  5🔵
     [W-955]  🔴5  vs  3🔵
     [W-956]  🔴1  vs  5🔵
     [W-957]  🔴6  vs  1🔵
     [W-958]  🔴4  vs  1🔵
  ==================================


  ~~~~~~~~~~~~~~~~~~~~~~~~~~~~~~~~~~
  🎲 МНОГО ПОСЛЕДОВАТЕЛЬНОСТЕЙ!
  Найдено: 4
  🔵44, 🔴22, 🔵11, 🔵11
  ~~~~~~~~~~~~~~~~~~~~~~~~~~~~~~~~~~
  🔥 [W-946]  🔴2  vs  4🔵
  🔥 [W-947]  🔴6  vs  4🔵
     [W-948]  🔴3  vs  4🔵
     [W-949]  🔴4  vs  2🔵
     [W-950]  🔴5  vs  4🔵
  🔥 [W-951]  🔴2  vs  3🔵
  🔥 [W-952]  🔴2  vs  1🔵
  🔥 [W-953]  🔴1  vs  1🔵
     [W-954]  🔴2  vs  5🔵
     [W-955]  🔴5  vs  3🔵
     [W-956]  🔴1  vs  5🔵
  🔥 [W-957]  🔴6  vs  1🔵
  🔥 [W-958]  🔴4  vs  1🔵
  ~~~~~~~~~~~~~~~~~~~~~~~~~~~~~~~~~~

[Telegram] Ошибка отправки сообщения в чат 1477129493: 403 Client Error: Forbidden for url: https://my-tg-proxy.iwantbunnygirl.workers.dev/bot8603609103:AAENi9LYuF8bXjwK9E1oZIIpG21UNZeZW5s/sendMessage
[Telegram] Ошибка отправки сообщения в чат 1329987939: 403 Client Error: Forbidden for url: https://my-tg-proxy.iwantbunnygirl.workers.dev/bot8603609103:AAENi9LYuF8bXjwK9E1oZIIpG21UNZeZW5s/sendMessage
[Telegram] Ошибка отправки сообщения в чат 705506250: 403 Client Error: Forbidden for url: https://my-tg-proxy.iwantbunnygirl.workers.dev/bot8603609103:AAENi9LYuF8bXjwK9E1oZIIpG21UNZeZW5s/sendMessage

  ++++++++++++++++++++++++++++++++++
  🔵 НОВАЯ ПАРА!
  Синий — 1
  Длина цепочки: 8 раундов
  ++++++++++++++++++++++++++++++++++
     [W-951]  🔴2  vs  3🔵
     [W-952]  🔴2  vs  1🔵
     [W-953]  🔴1  vs  1🔵
     [W-954]  🔴2  vs  5🔵
     [W-955]  🔴5  vs  3🔵
     [W-956]  🔴1  vs  5🔵
     [W-957]  🔴6  vs  1🔵
     [W-958]  🔴4  vs  1🔵
  ++++++++++++++++++++++++++++++++++

[Telegram] Ошибка отправки сообщения в чат 1477129493: 403 Client Error: Forbidden for url: https://my-tg-proxy.iwantbunnygirl.workers.dev/bot8603609103:AAENi9LYuF8bXjwK9E1oZIIpG21UNZeZW5s/sendMessage
[Telegram] Ошибка отправки сообщения в чат 1329987939: 403 Client Error: Forbidden for url: https://my-tg-proxy.iwantbunnygirl.workers.dev/bot8603609103:AAENi9LYuF8bXjwK9E1oZIIpG21UNZeZW5s/sendMessage
[Telegram] Ошибка отправки сообщения в чат 705506250: 403 Client Error: Forbidden for url: https://my-tg-proxy.iwantbunnygirl.workers.dev/bot8603609103:AAENi9LYuF8bXjwK9E1oZIIpG21UNZeZW5s/sendMessage
[02:38:21] ▶ Раунд W-959 начался
[02:38:53] ✅ W-959   🔴6 vs 4🔵
[02:38:59] ▶ Раунд W-960 начался
[02:39:31] ✅ W-960   🔴2 vs 5🔵
[02:39:37] ▶ Раунд W-961 начался
[02:40:09] ✅ W-961   🔴4 vs 3🔵
[02:40:15] ▶ Раунд W-962 начался
[02:40:47] ✅ W-962   🔴2 vs 1🔵
[02:40:53] ▶ Раунд W-963 начался
[02:41:25] ✅ W-963   🔴2 vs 2🔵

  ++++++++++++++++++++++++++++++++++
  🔴 НОВАЯ ПАРА!
  Красный — 2
  Длина цепочки: 7 раундов
  ++++++++++++++++++++++++++++++++++
     [W-957]  🔴6  vs  1🔵
     [W-958]  🔴4  vs  1🔵
     [W-959]  🔴6  vs  4🔵
     [W-960]  🔴2  vs  5🔵
     [W-961]  🔴4  vs  3🔵
     [W-962]  🔴2  vs  1🔵
     [W-963]  🔴2  vs  2🔵
  ++++++++++++++++++++++++++++++++++

[Telegram] Ошибка отправки сообщения в чат 1477129493: 403 Client Error: Forbidden for url: https://my-tg-proxy.iwantbunnygirl.workers.dev/bot8603609103:AAENi9LYuF8bXjwK9E1oZIIpG21UNZeZW5s/sendMessage
[Telegram] Ошибка отправки сообщения в чат 1329987939: 403 Client Error: Forbidden for url: https://my-tg-proxy.iwantbunnygirl.workers.dev/bot8603609103:AAENi9LYuF8bXjwK9E1oZIIpG21UNZeZW5s/sendMessage
[Telegram] Ошибка отправки сообщения в чат 705506250: 403 Client Error: Forbidden for url: https://my-tg-proxy.iwantbunnygirl.workers.dev/bot8603609103:AAENi9LYuF8bXjwK9E1oZIIpG21UNZeZW5s/sendMessage
[02:41:31] ▶ Раунд W-964 начался
[02:42:03] ✅ W-964   🔴4 vs 1🔵

  ##################################
  🔴 XOX-ПАТТЕРН!
  Красный — 4
  Шаблон: xooxoox
  ##################################
  🎯 [W-958]  🔴4  vs  1🔵
     [W-959]  🔴6  vs  4🔵
     [W-960]  🔴2  vs  5🔵
  🎯 [W-961]  🔴4  vs  3🔵
     [W-962]  🔴2  vs  1🔵
     [W-963]  🔴2  vs  2🔵
  🎯 [W-964]  🔴4  vs  1🔵
  ##################################

[02:42:09] ▶ Раунд W-965 начался
[02:42:41] ✅ W-965   🔴3 vs 1🔵

  ++++++++++++++++++++++++++++++++++
  🔵 НОВАЯ ПАРА!
  Синий — 1
  Длина цепочки: 4 раундов
  ++++++++++++++++++++++++++++++++++
     [W-962]  🔴2  vs  1🔵
     [W-963]  🔴2  vs  2🔵
     [W-964]  🔴4  vs  1🔵
     [W-965]  🔴3  vs  1🔵
  ++++++++++++++++++++++++++++++++++

[Telegram] Ошибка отправки сообщения в чат 1477129493: 403 Client Error: Forbidden for url: https://my-tg-proxy.iwantbunnygirl.workers.dev/bot8603609103:AAENi9LYuF8bXjwK9E1oZIIpG21UNZeZW5s/sendMessage
[Telegram] Ошибка отправки сообщения в чат 1329987939: 403 Client Error: Forbidden for url: https://my-tg-proxy.iwantbunnygirl.workers.dev/bot8603609103:AAENi9LYuF8bXjwK9E1oZIIpG21UNZeZW5s/sendMessage
[Telegram] Ошибка отправки сообщения в чат 705506250: 403 Client Error: Forbidden for url: https://my-tg-proxy.iwantbunnygirl.workers.dev/bot8603609103:AAENi9LYuF8bXjwK9E1oZIIpG21UNZeZW5s/sendMessage
[02:42:47] ▶ Раунд W-966 начался
[02:43:19] ✅ W-966   🔴3 vs 6🔵
[02:43:25] ▶ Раунд W-967 начался
[02:43:57] ✅ W-967   🔴2 vs 1🔵
[02:44:03] ▶ Раунд W-968 начался
[02:44:35] ✅ W-968   🔴3 vs 5🔵
[02:44:41] ▶ Раунд W-969 начался
[02:45:13] ✅ W-969   🔴3 vs 1🔵

  ==================================
  🔴 ПОВТОР ПАРЫ!
  Красный — 3
  Длина серии: 5 раундов
  ==================================
     [W-965]  🔴3  vs  1🔵
     [W-966]  🔴3  vs  6🔵
     [W-967]  🔴2  vs  1🔵
     [W-968]  🔴3  vs  5🔵
     [W-969]  🔴3  vs  1🔵
  ==================================


  ##################################
  🔵 XOX-ПАТТЕРН!
  Синий — 1
  Шаблон: xoxox
  ##################################
  🎯 [W-965]  🔴3  vs  1🔵
     [W-966]  🔴3  vs  6🔵
  🎯 [W-967]  🔴2  vs  1🔵
     [W-968]  🔴3  vs  5🔵
  🎯 [W-969]  🔴3  vs  1🔵
  ##################################


  ~~~~~~~~~~~~~~~~~~~~~~~~~~~~~~~~~~
  🎲 МНОГО ПОСЛЕДОВАТЕЛЬНОСТЕЙ!
  Найдено: 4
  🔴22, 🔵11, 🔴33, 🔴33
  ~~~~~~~~~~~~~~~~~~~~~~~~~~~~~~~~~~
  🔥 [W-962]  🔴2  vs  1🔵
  🔥 [W-963]  🔴2  vs  2🔵
  🔥 [W-964]  🔴4  vs  1🔵
  🔥 [W-965]  🔴3  vs  1🔵
  🔥 [W-966]  🔴3  vs  6🔵
     [W-967]  🔴2  vs  1🔵
  🔥 [W-968]  🔴3  vs  5🔵
  🔥 [W-969]  🔴3  vs  1🔵
  ~~~~~~~~~~~~~~~~~~~~~~~~~~~~~~~~~~

[Telegram] Ошибка отправки сообщения в чат 1477129493: 403 Client Error: Forbidden for url: https://my-tg-proxy.iwantbunnygirl.workers.dev/bot8603609103:AAENi9LYuF8bXjwK9E1oZIIpG21UNZeZW5s/sendMessage
[Telegram] Ошибка отправки сообщения в чат 1329987939: 403 Client Error: Forbidden for url: https://my-tg-proxy.iwantbunnygirl.workers.dev/bot8603609103:AAENi9LYuF8bXjwK9E1oZIIpG21UNZeZW5s/sendMessage
[Telegram] Ошибка отправки сообщения в чат 705506250: 403 Client Error: Forbidden for url: https://my-tg-proxy.iwantbunnygirl.workers.dev/bot8603609103:AAENi9LYuF8bXjwK9E1oZIIpG21UNZeZW5s/sendMessage

  ++++++++++++++++++++++++++++++++++
  🔴 НОВАЯ ПАРА!
  Красный — 3
  Длина цепочки: 6 раундов
  ++++++++++++++++++++++++++++++++++
     [W-964]  🔴4  vs  1🔵
     [W-965]  🔴3  vs  1🔵
     [W-966]  🔴3  vs  6🔵
     [W-967]  🔴2  vs  1🔵
     [W-968]  🔴3  vs  5🔵
     [W-969]  🔴3  vs  1🔵
  ++++++++++++++++++++++++++++++++++

[Telegram] Ошибка отправки сообщения в чат 1477129493: 403 Client Error: Forbidden for url: https://my-tg-proxy.iwantbunnygirl.workers.dev/bot8603609103:AAENi9LYuF8bXjwK9E1oZIIpG21UNZeZW5s/sendMessage
[Telegram] Ошибка отправки сообщения в чат 1329987939: 403 Client Error: Forbidden for url: https://my-tg-proxy.iwantbunnygirl.workers.dev/bot8603609103:AAENi9LYuF8bXjwK9E1oZIIpG21UNZeZW5s/sendMessage
[Telegram] Ошибка отправки сообщения в чат 705506250: 403 Client Error: Forbidden for url: https://my-tg-proxy.iwantbunnygirl.workers.dev/bot8603609103:AAENi9LYuF8bXjwK9E1oZIIpG21UNZeZW5s/sendMessage
[02:45:19] ▶ Раунд W-970 начался
[02:45:51] ✅ W-970   🔴2 vs 4🔵
[02:45:57] ▶ Раунд W-971 начался
[02:46:29] ✅ W-971   🔴6 vs 1🔵

  ##################################
  🔵 XOX-ПАТТЕРН!
  Синий — 1
  Шаблон: xoxox
  ##################################
  🎯 [W-967]  🔴2  vs  1🔵
     [W-968]  🔴3  vs  5🔵
  🎯 [W-969]  🔴3  vs  1🔵
     [W-970]  🔴2  vs  4🔵
  🎯 [W-971]  🔴6  vs  1🔵
  ##################################

[02:46:35] ▶ Раунд W-972 начался
[02:47:07] ✅ W-972   🔴3 vs 2🔵
[02:47:13] ▶ Раунд W-973 начался
[02:47:45] ✅ W-973   🔴3 vs 4🔵

  ==================================
  🔴 ПОВТОР ПАРЫ!
  Красный — 3
  Длина серии: 6 раундов
  ==================================
     [W-968]  🔴3  vs  5🔵
     [W-969]  🔴3  vs  1🔵
     [W-970]  🔴2  vs  4🔵
     [W-971]  🔴6  vs  1🔵
     [W-972]  🔴3  vs  2🔵
     [W-973]  🔴3  vs  4🔵
  ==================================


  ++++++++++++++++++++++++++++++++++
  🔴 НОВАЯ ПАРА!
  Красный — 3
  Длина цепочки: 6 раундов
  ++++++++++++++++++++++++++++++++++
     [W-968]  🔴3  vs  5🔵
     [W-969]  🔴3  vs  1🔵
     [W-970]  🔴2  vs  4🔵
     [W-971]  🔴6  vs  1🔵
     [W-972]  🔴3  vs  2🔵
     [W-973]  🔴3  vs  4🔵
  ++++++++++++++++++++++++++++++++++

[Telegram] Ошибка отправки сообщения в чат 1477129493: 403 Client Error: Forbidden for url: https://my-tg-proxy.iwantbunnygirl.workers.dev/bot8603609103:AAENi9LYuF8bXjwK9E1oZIIpG21UNZeZW5s/sendMessage
[Telegram] Ошибка отправки сообщения в чат 1329987939: 403 Client Error: Forbidden for url: https://my-tg-proxy.iwantbunnygirl.workers.dev/bot8603609103:AAENi9LYuF8bXjwK9E1oZIIpG21UNZeZW5s/sendMessage
[Telegram] Ошибка отправки сообщения в чат 705506250: 403 Client Error: Forbidden for url: https://my-tg-proxy.iwantbunnygirl.workers.dev/bot8603609103:AAENi9LYuF8bXjwK9E1oZIIpG21UNZeZW5s/sendMessage
[02:47:51] ▶ Раунд W-974 начался
[02:48:23] ✅ W-974   🔴4 vs 6🔵
[02:48:29] ▶ Раунд W-975 начался
[02:49:01] ✅ W-975   🔴4 vs 6🔵

  ++++++++++++++++++++++++++++++++++
  🔴 НОВАЯ ПАРА!
  Красный — 4
  Длина цепочки: 4 раундов
  ++++++++++++++++++++++++++++++++++
     [W-972]  🔴3  vs  2🔵
     [W-973]  🔴3  vs  4🔵
     [W-974]  🔴4  vs  6🔵
     [W-975]  🔴4  vs  6🔵
  ++++++++++++++++++++++++++++++++++

[Telegram] Ошибка отправки сообщения в чат 1477129493: 403 Client Error: Forbidden for url: https://my-tg-proxy.iwantbunnygirl.workers.dev/bot8603609103:AAENi9LYuF8bXjwK9E1oZIIpG21UNZeZW5s/sendMessage
[Telegram] Ошибка отправки сообщения в чат 1329987939: 403 Client Error: Forbidden for url: https://my-tg-proxy.iwantbunnygirl.workers.dev/bot8603609103:AAENi9LYuF8bXjwK9E1oZIIpG21UNZeZW5s/sendMessage
[Telegram] Ошибка отправки сообщения в чат 705506250: 403 Client Error: Forbidden for url: https://my-tg-proxy.iwantbunnygirl.workers.dev/bot8603609103:AAENi9LYuF8bXjwK9E1oZIIpG21UNZeZW5s/sendMessage
[02:49:07] ▶ Раунд W-976 начался
[02:49:39] ✅ W-976   🔴4 vs 1🔵
[02:49:45] ▶ Раунд W-977 начался
[02:50:17] ✅ W-977   🔴2 vs 1🔵

  ~~~~~~~~~~~~~~~~~~~~~~~~~~~~~~~~~~
  🎲 МНОГО ПОСЛЕДОВАТЕЛЬНОСТЕЙ!
  Найдено: 4
  🔴33, 🔴44, 🔵66, 🔵11
  ~~~~~~~~~~~~~~~~~~~~~~~~~~~~~~~~~~
  🔥 [W-972]  🔴3  vs  2🔵
  🔥 [W-973]  🔴3  vs  4🔵
  🔥 [W-974]  🔴4  vs  6🔵
  🔥 [W-975]  🔴4  vs  6🔵
  🔥 [W-976]  🔴4  vs  1🔵
  🔥 [W-977]  🔴2  vs  1🔵
  ~~~~~~~~~~~~~~~~~~~~~~~~~~~~~~~~~~

[Telegram] Ошибка отправки сообщения в чат 1477129493: 403 Client Error: Forbidden for url: https://my-tg-proxy.iwantbunnygirl.workers.dev/bot8603609103:AAENi9LYuF8bXjwK9E1oZIIpG21UNZeZW5s/sendMessage
[Telegram] Ошибка отправки сообщения в чат 1329987939: 403 Client Error: Forbidden for url: https://my-tg-proxy.iwantbunnygirl.workers.dev/bot8603609103:AAENi9LYuF8bXjwK9E1oZIIpG21UNZeZW5s/sendMessage
[Telegram] Ошибка отправки сообщения в чат 705506250: 403 Client Error: Forbidden for url: https://my-tg-proxy.iwantbunnygirl.workers.dev/bot8603609103:AAENi9LYuF8bXjwK9E1oZIIpG21UNZeZW5s/sendMessage

  ++++++++++++++++++++++++++++++++++
  🔵 НОВАЯ ПАРА!
  Синий — 1
  Длина цепочки: 4 раундов
  ++++++++++++++++++++++++++++++++++
     [W-974]  🔴4  vs  6🔵
     [W-975]  🔴4  vs  6🔵
     [W-976]  🔴4  vs  1🔵
     [W-977]  🔴2  vs  1🔵
  ++++++++++++++++++++++++++++++++++

[Telegram] Ошибка отправки сообщения в чат 1477129493: 403 Client Error: Forbidden for url: https://my-tg-proxy.iwantbunnygirl.workers.dev/bot8603609103:AAENi9LYuF8bXjwK9E1oZIIpG21UNZeZW5s/sendMessage
[Telegram] Ошибка отправки сообщения в чат 1329987939: 403 Client Error: Forbidden for url: https://my-tg-proxy.iwantbunnygirl.workers.dev/bot8603609103:AAENi9LYuF8bXjwK9E1oZIIpG21UNZeZW5s/sendMessage
[Telegram] Ошибка отправки сообщения в чат 705506250: 403 Client Error: Forbidden for url: https://my-tg-proxy.iwantbunnygirl.workers.dev/bot8603609103:AAENi9LYuF8bXjwK9E1oZIIpG21UNZeZW5s/sendMessage
[02:50:23] ▶ Раунд W-978 начался
[02:50:55] ✅ W-978   🔴4 vs 3🔵
[02:51:01] ▶ Раунд W-979 начался
[02:51:33] ✅ W-979   🔴4 vs 5🔵

  ++++++++++++++++++++++++++++++++++
  🔴 НОВАЯ ПАРА!
  Красный — 4
  Длина цепочки: 4 раундов
  ++++++++++++++++++++++++++++++++++
     [W-976]  🔴4  vs  1🔵
     [W-977]  🔴2  vs  1🔵
     [W-978]  🔴4  vs  3🔵
     [W-979]  🔴4  vs  5🔵
  ++++++++++++++++++++++++++++++++++

[Telegram] Ошибка отправки сообщения в чат 1477129493: 403 Client Error: Forbidden for url: https://my-tg-proxy.iwantbunnygirl.workers.dev/bot8603609103:AAENi9LYuF8bXjwK9E1oZIIpG21UNZeZW5s/sendMessage
[Telegram] Ошибка отправки сообщения в чат 1329987939: 403 Client Error: Forbidden for url: https://my-tg-proxy.iwantbunnygirl.workers.dev/bot8603609103:AAENi9LYuF8bXjwK9E1oZIIpG21UNZeZW5s/sendMessage
[Telegram] Ошибка отправки сообщения в чат 705506250: 403 Client Error: Forbidden for url: https://my-tg-proxy.iwantbunnygirl.workers.dev/bot8603609103:AAENi9LYuF8bXjwK9E1oZIIpG21UNZeZW5s/sendMessage
[02:51:37] ▶ Раунд W-980 начался
[02:52:09] ✅ W-980   🔴2 vs 6🔵
[02:52:15] ▶ Раунд W-981 начался
[02:52:47] ✅ W-981   🔴3 vs 3🔵
[02:52:53] ▶ Раунд W-982 начался
[02:53:25] ✅ W-982   🔴5 vs 2🔵
[02:53:31] ▶ Раунд W-983 начался
[02:54:03] ✅ W-983   🔴5 vs 4🔵

  ++++++++++++++++++++++++++++++++++
  🔴 НОВАЯ ПАРА!
  Красный — 5
  Длина цепочки: 6 раундов
  ++++++++++++++++++++++++++++++++++
     [W-978]  🔴4  vs  3🔵
     [W-979]  🔴4  vs  5🔵
     [W-980]  🔴2  vs  6🔵
     [W-981]  🔴3  vs  3🔵
     [W-982]  🔴5  vs  2🔵
     [W-983]  🔴5  vs  4🔵
  ++++++++++++++++++++++++++++++++++

[Telegram] Ошибка отправки сообщения в чат 1477129493: 403 Client Error: Forbidden for url: https://my-tg-proxy.iwantbunnygirl.workers.dev/bot8603609103:AAENi9LYuF8bXjwK9E1oZIIpG21UNZeZW5s/sendMessage
[Telegram] Ошибка отправки сообщения в чат 1329987939: 403 Client Error: Forbidden for url: https://my-tg-proxy.iwantbunnygirl.workers.dev/bot8603609103:AAENi9LYuF8bXjwK9E1oZIIpG21UNZeZW5s/sendMessage
[Telegram] Ошибка отправки сообщения в чат 705506250: 403 Client Error: Forbidden for url: https://my-tg-proxy.iwantbunnygirl.workers.dev/bot8603609103:AAENi9LYuF8bXjwK9E1oZIIpG21UNZeZW5s/sendMessage
[02:54:09] ▶ Раунд W-984 начался
[02:54:41] ✅ W-984   🔴5 vs 6🔵
[02:54:47] ▶ Раунд W-985 начался
[02:55:18] ✅ W-985   🔴2 vs 6🔵

  ++++++++++++++++++++++++++++++++++
  🔵 НОВАЯ ПАРА!
  Синий — 6
  Длина цепочки: 4 раундов
  ++++++++++++++++++++++++++++++++++
     [W-982]  🔴5  vs  2🔵
     [W-983]  🔴5  vs  4🔵
     [W-984]  🔴5  vs  6🔵
     [W-985]  🔴2  vs  6🔵
  ++++++++++++++++++++++++++++++++++

[Telegram] Ошибка отправки сообщения в чат 1477129493: 403 Client Error: Forbidden for url: https://my-tg-proxy.iwantbunnygirl.workers.dev/bot8603609103:AAENi9LYuF8bXjwK9E1oZIIpG21UNZeZW5s/sendMessage
[Telegram] Ошибка отправки сообщения в чат 1329987939: 403 Client Error: Forbidden for url: https://my-tg-proxy.iwantbunnygirl.workers.dev/bot8603609103:AAENi9LYuF8bXjwK9E1oZIIpG21UNZeZW5s/sendMessage
[Telegram] Ошибка отправки сообщения в чат 705506250: 403 Client Error: Forbidden for url: https://my-tg-proxy.iwantbunnygirl.workers.dev/bot8603609103:AAENi9LYuF8bXjwK9E1oZIIpG21UNZeZW5s/sendMessage
[02:55:25] ▶ Раунд W-986 начался
[02:55:57] ✅ W-986   🔴5 vs 5🔵
[02:56:03] ▶ Раунд W-987 начался
[02:56:34] ✅ W-987   🔴2 vs 6🔵
[02:56:41] ▶ Раунд W-988 начался
[02:57:13] ✅ W-988   🔴2 vs 2🔵

  ~~~~~~~~~~~~~~~~~~~~~~~~~~~~~~~~~~
  🎲 МНОГО ПОСЛЕДОВАТЕЛЬНОСТЕЙ!
  Найдено: 4
  🔴44, 🔴55, 🔵66, 🔴22
  ~~~~~~~~~~~~~~~~~~~~~~~~~~~~~~~~~~
  🔥 [W-978]  🔴4  vs  3🔵
  🔥 [W-979]  🔴4  vs  5🔵
     [W-980]  🔴2  vs  6🔵
     [W-981]  🔴3  vs  3🔵
  🔥 [W-982]  🔴5  vs  2🔵
  🔥 [W-983]  🔴5  vs  4🔵
  🔥 [W-984]  🔴5  vs  6🔵
  🔥 [W-985]  🔴2  vs  6🔵
     [W-986]  🔴5  vs  5🔵
  🔥 [W-987]  🔴2  vs  6🔵
  🔥 [W-988]  🔴2  vs  2🔵
  ~~~~~~~~~~~~~~~~~~~~~~~~~~~~~~~~~~

[Telegram] Ошибка отправки сообщения в чат 1477129493: 403 Client Error: Forbidden for url: https://my-tg-proxy.iwantbunnygirl.workers.dev/bot8603609103:AAENi9LYuF8bXjwK9E1oZIIpG21UNZeZW5s/sendMessage
[Telegram] Ошибка отправки сообщения в чат 1329987939: 403 Client Error: Forbidden for url: https://my-tg-proxy.iwantbunnygirl.workers.dev/bot8603609103:AAENi9LYuF8bXjwK9E1oZIIpG21UNZeZW5s/sendMessage
[Telegram] Ошибка отправки сообщения в чат 705506250: 403 Client Error: Forbidden for url: https://my-tg-proxy.iwantbunnygirl.workers.dev/bot8603609103:AAENi9LYuF8bXjwK9E1oZIIpG21UNZeZW5s/sendMessage

  ++++++++++++++++++++++++++++++++++
  🔴 НОВАЯ ПАРА!
  Красный — 2
  Длина цепочки: 5 раундов
  ++++++++++++++++++++++++++++++++++
     [W-984]  🔴5  vs  6🔵
     [W-985]  🔴2  vs  6🔵
     [W-986]  🔴5  vs  5🔵
     [W-987]  🔴2  vs  6🔵
     [W-988]  🔴2  vs  2🔵
  ++++++++++++++++++++++++++++++++++

[Telegram] Ошибка отправки сообщения в чат 1477129493: 403 Client Error: Forbidden for url: https://my-tg-proxy.iwantbunnygirl.workers.dev/bot8603609103:AAENi9LYuF8bXjwK9E1oZIIpG21UNZeZW5s/sendMessage
[Telegram] Ошибка отправки сообщения в чат 1329987939: 403 Client Error: Forbidden for url: https://my-tg-proxy.iwantbunnygirl.workers.dev/bot8603609103:AAENi9LYuF8bXjwK9E1oZIIpG21UNZeZW5s/sendMessage
[Telegram] Ошибка отправки сообщения в чат 705506250: 403 Client Error: Forbidden for url: https://my-tg-proxy.iwantbunnygirl.workers.dev/bot8603609103:AAENi9LYuF8bXjwK9E1oZIIpG21UNZeZW5s/sendMessage
[02:57:19] ▶ Раунд W-989 начался
[02:57:51] ✅ W-989   🔴5 vs 3🔵
[02:57:57] ▶ Раунд W-990 начался
[02:58:29] ✅ W-990   🔴4 vs 2🔵
[02:58:35] ▶ Раунд W-991 начался
[02:59:07] ✅ W-991   🔴6 vs 1🔵
[02:59:13] ▶ Раунд W-992 начался
[02:59:45] ✅ W-992   🔴4 vs 5🔵
[02:59:51] ▶ Раунд W-993 начался
[03:00:22] ✅ W-993   🔴1 vs 4🔵
[03:00:29] ▶ Раунд W-994 начался
[03:01:01] ✅ W-994   🔴5 vs 6🔵
[03:01:07] ▶ Раунд W-995 начался
[03:01:39] ✅ W-995   🔴3 vs 1🔵
[03:01:45] ▶ Раунд W-996 начался
[03:02:17] ✅ W-996   🔴5 vs 5🔵
[03:02:23] ▶ Раунд W-997 начался
[03:02:55] ✅ W-997   🔴2 vs 2🔵
[03:03:01] ▶ Раунд W-998 начался
[03:03:33] ✅ W-998   🔴1 vs 5🔵
[03:03:39] ▶ Раунд W-999 начался
[03:04:11] ✅ W-999   🔴4 vs 6🔵
[03:04:17] ▶ Раунд X-001 начался
[03:04:49] ✅ X-001   🔴4 vs 6🔵

  ++++++++++++++++++++++++++++++++++
  🔴 НОВАЯ ПАРА!
  Красный — 4
  Длина цепочки: 14 раундов
  ++++++++++++++++++++++++++++++++++
     [W-987]  🔴2  vs  6🔵
     [W-988]  🔴2  vs  2🔵
     [W-989]  🔴5  vs  3🔵
     [W-990]  🔴4  vs  2🔵
     [W-991]  🔴6  vs  1🔵
     [W-992]  🔴4  vs  5🔵
     [W-993]  🔴1  vs  4🔵
     [W-994]  🔴5  vs  6🔵
     [W-995]  🔴3  vs  1🔵
     [W-996]  🔴5  vs  5🔵
     [W-997]  🔴2  vs  2🔵
     [W-998]  🔴1  vs  5🔵
     [W-999]  🔴4  vs  6🔵
     [X-001]  🔴4  vs  6🔵
  ++++++++++++++++++++++++++++++++++

[Telegram] Ошибка отправки сообщения в чат 1477129493: 403 Client Error: Forbidden for url: https://my-tg-proxy.iwantbunnygirl.workers.dev/bot8603609103:AAENi9LYuF8bXjwK9E1oZIIpG21UNZeZW5s/sendMessage
[Telegram] Ошибка отправки сообщения в чат 1329987939: 403 Client Error: Forbidden for url: https://my-tg-proxy.iwantbunnygirl.workers.dev/bot8603609103:AAENi9LYuF8bXjwK9E1oZIIpG21UNZeZW5s/sendMessage
[Telegram] Ошибка отправки сообщения в чат 705506250: 403 Client Error: Forbidden for url: https://my-tg-proxy.iwantbunnygirl.workers.dev/bot8603609103:AAENi9LYuF8bXjwK9E1oZIIpG21UNZeZW5s/sendMessage
[03:04:55] ▶ Раунд X-002 начался
[03:05:27] ✅ X-002   🔴1 vs 5🔵
[03:05:33] ▶ Раунд X-003 начался
[03:06:05] ✅ X-003   🔴6 vs 6🔵
[03:06:11] ▶ Раунд X-004 начался
[03:06:43] ✅ X-004   🔴6 vs 5🔵

  ++++++++++++++++++++++++++++++++++
  🔴 НОВАЯ ПАРА!
  Красный — 6
  Длина цепочки: 5 раундов
  ++++++++++++++++++++++++++++++++++
     [W-999]  🔴4  vs  6🔵
     [X-001]  🔴4  vs  6🔵
     [X-002]  🔴1  vs  5🔵
     [X-003]  🔴6  vs  6🔵
     [X-004]  🔴6  vs  5🔵
  ++++++++++++++++++++++++++++++++++

[Telegram] Ошибка отправки сообщения в чат 1477129493: 403 Client Error: Forbidden for url: https://my-tg-proxy.iwantbunnygirl.workers.dev/bot8603609103:AAENi9LYuF8bXjwK9E1oZIIpG21UNZeZW5s/sendMessage
[Telegram] Ошибка отправки сообщения в чат 1329987939: 403 Client Error: Forbidden for url: https://my-tg-proxy.iwantbunnygirl.workers.dev/bot8603609103:AAENi9LYuF8bXjwK9E1oZIIpG21UNZeZW5s/sendMessage
[Telegram] Ошибка отправки сообщения в чат 705506250: 403 Client Error: Forbidden for url: https://my-tg-proxy.iwantbunnygirl.workers.dev/bot8603609103:AAENi9LYuF8bXjwK9E1oZIIpG21UNZeZW5s/sendMessage
[03:06:49] ▶ Раунд X-005 начался
[03:07:21] ✅ X-005   🔴2 vs 5🔵

  ~~~~~~~~~~~~~~~~~~~~~~~~~~~~~~~~~~
  🎲 МНОГО ПОСЛЕДОВАТЕЛЬНОСТЕЙ!
  Найдено: 4
  🔴44, 🔵66, 🔴66, 🔵55
  ~~~~~~~~~~~~~~~~~~~~~~~~~~~~~~~~~~
  🔥 [W-999]  🔴4  vs  6🔵
  🔥 [X-001]  🔴4  vs  6🔵
     [X-002]  🔴1  vs  5🔵
  🔥 [X-003]  🔴6  vs  6🔵
  🔥 [X-004]  🔴6  vs  5🔵
  🔥 [X-005]  🔴2  vs  5🔵
  ~~~~~~~~~~~~~~~~~~~~~~~~~~~~~~~~~~

[Telegram] Ошибка отправки сообщения в чат 1477129493: 403 Client Error: Forbidden for url: https://my-tg-proxy.iwantbunnygirl.workers.dev/bot8603609103:AAENi9LYuF8bXjwK9E1oZIIpG21UNZeZW5s/sendMessage
[Telegram] Ошибка отправки сообщения в чат 1329987939: 403 Client Error: Forbidden for url: https://my-tg-proxy.iwantbunnygirl.workers.dev/bot8603609103:AAENi9LYuF8bXjwK9E1oZIIpG21UNZeZW5s/sendMessage
[Telegram] Ошибка отправки сообщения в чат 705506250: 403 Client Error: Forbidden for url: https://my-tg-proxy.iwantbunnygirl.workers.dev/bot8603609103:AAENi9LYuF8bXjwK9E1oZIIpG21UNZeZW5s/sendMessage
[03:07:27] ▶ Раунд X-006 начался
[03:07:59] ✅ X-006   🔴2 vs 3🔵

  ++++++++++++++++++++++++++++++++++
  🔴 НОВАЯ ПАРА!
  Красный — 2
  Длина цепочки: 4 раундов
  ++++++++++++++++++++++++++++++++++
     [X-003]  🔴6  vs  6🔵
     [X-004]  🔴6  vs  5🔵
     [X-005]  🔴2  vs  5🔵
     [X-006]  🔴2  vs  3🔵
  ++++++++++++++++++++++++++++++++++

[Telegram] Ошибка отправки сообщения в чат 1477129493: 403 Client Error: Forbidden for url: https://my-tg-proxy.iwantbunnygirl.workers.dev/bot8603609103:AAENi9LYuF8bXjwK9E1oZIIpG21UNZeZW5s/sendMessage
[Telegram] Ошибка отправки сообщения в чат 1329987939: 403 Client Error: Forbidden for url: https://my-tg-proxy.iwantbunnygirl.workers.dev/bot8603609103:AAENi9LYuF8bXjwK9E1oZIIpG21UNZeZW5s/sendMessage
[Telegram] Ошибка отправки сообщения в чат 705506250: 403 Client Error: Forbidden for url: https://my-tg-proxy.iwantbunnygirl.workers.dev/bot8603609103:AAENi9LYuF8bXjwK9E1oZIIpG21UNZeZW5s/sendMessage
[03:08:05] ▶ Раунд X-007 начался
[03:08:37] ✅ X-007   🔴5 vs 4🔵
[03:08:43] ▶ Раунд X-008 начался
[03:09:15] ✅ X-008   🔴5 vs 1🔵

  ++++++++++++++++++++++++++++++++++
  🔴 НОВАЯ ПАРА!
  Красный — 5
  Длина цепочки: 4 раундов
  ++++++++++++++++++++++++++++++++++
     [X-005]  🔴2  vs  5🔵
     [X-006]  🔴2  vs  3🔵
     [X-007]  🔴5  vs  4🔵
     [X-008]  🔴5  vs  1🔵
  ++++++++++++++++++++++++++++++++++

[Telegram] Ошибка отправки сообщения в чат 1477129493: 403 Client Error: Forbidden for url: https://my-tg-proxy.iwantbunnygirl.workers.dev/bot8603609103:AAENi9LYuF8bXjwK9E1oZIIpG21UNZeZW5s/sendMessage
[Telegram] Ошибка отправки сообщения в чат 1329987939: 403 Client Error: Forbidden for url: https://my-tg-proxy.iwantbunnygirl.workers.dev/bot8603609103:AAENi9LYuF8bXjwK9E1oZIIpG21UNZeZW5s/sendMessage
[Telegram] Ошибка отправки сообщения в чат 705506250: 403 Client Error: Forbidden for url: https://my-tg-proxy.iwantbunnygirl.workers.dev/bot8603609103:AAENi9LYuF8bXjwK9E1oZIIpG21UNZeZW5s/sendMessage
[03:09:21] ▶ Раунд X-009 начался
[03:09:53] ✅ X-009   🔴3 vs 6🔵
[03:09:59] ▶ Раунд X-010 начался
[03:10:31] ✅ X-010   🔴4 vs 2🔵
[03:10:37] ▶ Раунд X-011 начался
[03:11:09] ✅ X-011   🔴6 vs 1🔵
[03:11:15] ▶ Раунд X-012 начался
[03:11:47] ✅ X-012   🔴1 vs 3🔵
[03:11:53] ▶ Раунд X-013 начался
[03:12:25] ✅ X-013   🔴2 vs 4🔵
[03:12:31] ▶ Раунд X-014 начался
[03:13:03] ✅ X-014   🔴5 vs 5🔵
[03:13:09] ▶ Раунд X-015 начался
[03:13:41] ✅ X-015   🔴1 vs 1🔵
[03:13:47] ▶ Раунд X-016 начался
[03:14:19] ✅ X-016   🔴4 vs 1🔵

  ++++++++++++++++++++++++++++++++++
  🔵 НОВАЯ ПАРА!
  Синий — 1
  Длина цепочки: 10 раундов
  ++++++++++++++++++++++++++++++++++
     [X-007]  🔴5  vs  4🔵
     [X-008]  🔴5  vs  1🔵
     [X-009]  🔴3  vs  6🔵
     [X-010]  🔴4  vs  2🔵
     [X-011]  🔴6  vs  1🔵
     [X-012]  🔴1  vs  3🔵
     [X-013]  🔴2  vs  4🔵
     [X-014]  🔴5  vs  5🔵
     [X-015]  🔴1  vs  1🔵
     [X-016]  🔴4  vs  1🔵
  ++++++++++++++++++++++++++++++++++

[Telegram] Ошибка отправки сообщения в чат 1477129493: 403 Client Error: Forbidden for url: https://my-tg-proxy.iwantbunnygirl.workers.dev/bot8603609103:AAENi9LYuF8bXjwK9E1oZIIpG21UNZeZW5s/sendMessage
[Telegram] Ошибка отправки сообщения в чат 1329987939: 403 Client Error: Forbidden for url: https://my-tg-proxy.iwantbunnygirl.workers.dev/bot8603609103:AAENi9LYuF8bXjwK9E1oZIIpG21UNZeZW5s/sendMessage
[Telegram] Ошибка отправки сообщения в чат 705506250: 403 Client Error: Forbidden for url: https://my-tg-proxy.iwantbunnygirl.workers.dev/bot8603609103:AAENi9LYuF8bXjwK9E1oZIIpG21UNZeZW5s/sendMessage
[03:14:25] ▶ Раунд X-017 начался
[03:14:57] ✅ X-017   🔴1 vs 2🔵
[03:15:03] ▶ Раунд X-018 начался
[03:15:35] ✅ X-018   🔴6 vs 6🔵

  ##################################
  🔴 XOX-ПАТТЕРН!
  Красный — 6
  Шаблон: xooooooxoooooox
  ##################################
  🎯 [X-004]  🔴6  vs  5🔵
     [X-005]  🔴2  vs  5🔵
     [X-006]  🔴2  vs  3🔵
     [X-007]  🔴5  vs  4🔵
     [X-008]  🔴5  vs  1🔵
     [X-009]  🔴3  vs  6🔵
     [X-010]  🔴4  vs  2🔵
  🎯 [X-011]  🔴6  vs  1🔵
     [X-012]  🔴1  vs  3🔵
     [X-013]  🔴2  vs  4🔵
     [X-014]  🔴5  vs  5🔵
     [X-015]  🔴1  vs  1🔵
     [X-016]  🔴4  vs  1🔵
     [X-017]  🔴1  vs  2🔵
  🎯 [X-018]  🔴6  vs  6🔵
  ##################################

[03:15:41] ▶ Раунд X-019 начался
[03:16:13] ✅ X-019   🔴5 vs 3🔵
[03:16:19] ▶ Раунд X-020 начался
[03:16:50] ✅ X-020   🔴2 vs 4🔵

  ##################################
  🔴 XOX-ПАТТЕРН!
  Красный — 2
  Шаблон: xooooooxoooooox
  ##################################
  🎯 [X-006]  🔴2  vs  3🔵
     [X-007]  🔴5  vs  4🔵
     [X-008]  🔴5  vs  1🔵
     [X-009]  🔴3  vs  6🔵
     [X-010]  🔴4  vs  2🔵
     [X-011]  🔴6  vs  1🔵
     [X-012]  🔴1  vs  3🔵
  🎯 [X-013]  🔴2  vs  4🔵
     [X-014]  🔴5  vs  5🔵
     [X-015]  🔴1  vs  1🔵
     [X-016]  🔴4  vs  1🔵
     [X-017]  🔴1  vs  2🔵
     [X-018]  🔴6  vs  6🔵
     [X-019]  🔴5  vs  3🔵
  🎯 [X-020]  🔴2  vs  4🔵
  ##################################

[03:16:57] ▶ Раунд X-021 начался
[03:17:29] ✅ X-021   🔴3 vs 1🔵
[03:17:35] ▶ Раунд X-022 начался
[03:18:07] ✅ X-022   🔴6 vs 6🔵
[03:18:13] ▶ Раунд X-023 начался
[03:18:45] ✅ X-023   🔴6 vs 3🔵

  ~~~~~~~~~~~~~~~~~~~~~~~~~~~~~~~~~~
  🎲 МНОГО ПОСЛЕДОВАТЕЛЬНОСТЕЙ!
  Найдено: 4
  🔴22, 🔴55, 🔵11, 🔴66
  ~~~~~~~~~~~~~~~~~~~~~~~~~~~~~~~~~~
  🔥 [X-005]  🔴2  vs  5🔵
  🔥 [X-006]  🔴2  vs  3🔵
  🔥 [X-007]  🔴5  vs  4🔵
  🔥 [X-008]  🔴5  vs  1🔵
     [X-009]  🔴3  vs  6🔵
     [X-010]  🔴4  vs  2🔵
     [X-011]  🔴6  vs  1🔵
     [X-012]  🔴1  vs  3🔵
     [X-013]  🔴2  vs  4🔵
     [X-014]  🔴5  vs  5🔵
  🔥 [X-015]  🔴1  vs  1🔵
  🔥 [X-016]  🔴4  vs  1🔵
     [X-017]  🔴1  vs  2🔵
     [X-018]  🔴6  vs  6🔵
     [X-019]  🔴5  vs  3🔵
     [X-020]  🔴2  vs  4🔵
     [X-021]  🔴3  vs  1🔵
  🔥 [X-022]  🔴6  vs  6🔵
  🔥 [X-023]  🔴6  vs  3🔵
  ~~~~~~~~~~~~~~~~~~~~~~~~~~~~~~~~~~

[Telegram] Ошибка отправки сообщения в чат 1477129493: 403 Client Error: Forbidden for url: https://my-tg-proxy.iwantbunnygirl.workers.dev/bot8603609103:AAENi9LYuF8bXjwK9E1oZIIpG21UNZeZW5s/sendMessage
[Telegram] Ошибка отправки сообщения в чат 1329987939: 403 Client Error: Forbidden for url: https://my-tg-proxy.iwantbunnygirl.workers.dev/bot8603609103:AAENi9LYuF8bXjwK9E1oZIIpG21UNZeZW5s/sendMessage
[Telegram] Ошибка отправки сообщения в чат 705506250: 403 Client Error: Forbidden for url: https://my-tg-proxy.iwantbunnygirl.workers.dev/bot8603609103:AAENi9LYuF8bXjwK9E1oZIIpG21UNZeZW5s/sendMessage

  ++++++++++++++++++++++++++++++++++
  🔴 НОВАЯ ПАРА!
  Красный — 6
  Длина цепочки: 9 раундов
  ++++++++++++++++++++++++++++++++++
     [X-015]  🔴1  vs  1🔵
     [X-016]  🔴4  vs  1🔵
     [X-017]  🔴1  vs  2🔵
     [X-018]  🔴6  vs  6🔵
     [X-019]  🔴5  vs  3🔵
     [X-020]  🔴2  vs  4🔵
     [X-021]  🔴3  vs  1🔵
     [X-022]  🔴6  vs  6🔵
     [X-023]  🔴6  vs  3🔵
  ++++++++++++++++++++++++++++++++++

[Telegram] Ошибка отправки сообщения в чат 1477129493: 403 Client Error: Forbidden for url: https://my-tg-proxy.iwantbunnygirl.workers.dev/bot8603609103:AAENi9LYuF8bXjwK9E1oZIIpG21UNZeZW5s/sendMessage
[Telegram] Ошибка отправки сообщения в чат 1329987939: 403 Client Error: Forbidden for url: https://my-tg-proxy.iwantbunnygirl.workers.dev/bot8603609103:AAENi9LYuF8bXjwK9E1oZIIpG21UNZeZW5s/sendMessage
[Telegram] Ошибка отправки сообщения в чат 705506250: 403 Client Error: Forbidden for url: https://my-tg-proxy.iwantbunnygirl.workers.dev/bot8603609103:AAENi9LYuF8bXjwK9E1oZIIpG21UNZeZW5s/sendMessage
[03:18:51] ▶ Раунд X-024 начался
[03:19:23] ✅ X-024   🔴3 vs 5🔵
[03:19:29] ▶ Раунд X-025 начался
[03:20:01] ✅ X-025   🔴4 vs 5🔵

  ++++++++++++++++++++++++++++++++++
  🔵 НОВАЯ ПАРА!
  Синий — 5
  Длина цепочки: 4 раундов
  ++++++++++++++++++++++++++++++++++
     [X-022]  🔴6  vs  6🔵
     [X-023]  🔴6  vs  3🔵
     [X-024]  🔴3  vs  5🔵
     [X-025]  🔴4  vs  5🔵
  ++++++++++++++++++++++++++++++++++

[Telegram] Ошибка отправки сообщения в чат 1477129493: 403 Client Error: Forbidden for url: https://my-tg-proxy.iwantbunnygirl.workers.dev/bot8603609103:AAENi9LYuF8bXjwK9E1oZIIpG21UNZeZW5s/sendMessage
[Telegram] Ошибка отправки сообщения в чат 1329987939: 403 Client Error: Forbidden for url: https://my-tg-proxy.iwantbunnygirl.workers.dev/bot8603609103:AAENi9LYuF8bXjwK9E1oZIIpG21UNZeZW5s/sendMessage
[Telegram] Ошибка отправки сообщения в чат 705506250: 403 Client Error: Forbidden for url: https://my-tg-proxy.iwantbunnygirl.workers.dev/bot8603609103:AAENi9LYuF8bXjwK9E1oZIIpG21UNZeZW5s/sendMessage
[03:20:07] ▶ Раунд X-026 начался
[03:20:39] ✅ X-026   🔴6 vs 6🔵

  ##################################
  🔵 XOX-ПАТТЕРН!
  Синий — 6
  Шаблон: xoooxooox
  ##################################
  🎯 [X-018]  🔴6  vs  6🔵
     [X-019]  🔴5  vs  3🔵
     [X-020]  🔴2  vs  4🔵
     [X-021]  🔴3  vs  1🔵
  🎯 [X-022]  🔴6  vs  6🔵
     [X-023]  🔴6  vs  3🔵
     [X-024]  🔴3  vs  5🔵
     [X-025]  🔴4  vs  5🔵
  🎯 [X-026]  🔴6  vs  6🔵
  ##################################

[03:20:45] ▶ Раунд X-027 начался
[03:21:17] ✅ X-027   🔴5 vs 6🔵

  ++++++++++++++++++++++++++++++++++
  🔵 НОВАЯ ПАРА!
  Синий — 6
  Длина цепочки: 4 раундов
  ++++++++++++++++++++++++++++++++++
     [X-024]  🔴3  vs  5🔵
     [X-025]  🔴4  vs  5🔵
     [X-026]  🔴6  vs  6🔵
     [X-027]  🔴5  vs  6🔵
  ++++++++++++++++++++++++++++++++++

[Telegram] Ошибка отправки сообщения в чат 1477129493: 403 Client Error: Forbidden for url: https://my-tg-proxy.iwantbunnygirl.workers.dev/bot8603609103:AAENi9LYuF8bXjwK9E1oZIIpG21UNZeZW5s/sendMessage
[Telegram] Ошибка отправки сообщения в чат 1329987939: 403 Client Error: Forbidden for url: https://my-tg-proxy.iwantbunnygirl.workers.dev/bot8603609103:AAENi9LYuF8bXjwK9E1oZIIpG21UNZeZW5s/sendMessage
[Telegram] Ошибка отправки сообщения в чат 705506250: 403 Client Error: Forbidden for url: https://my-tg-proxy.iwantbunnygirl.workers.dev/bot8603609103:AAENi9LYuF8bXjwK9E1oZIIpG21UNZeZW5s/sendMessage
[03:21:23] ▶ Раунд X-028 начался
[03:21:55] ✅ X-028   🔴1 vs 2🔵
[03:22:01] ▶ Раунд X-029 начался
[03:22:33] ✅ X-029   🔴4 vs 4🔵
[03:22:39] ▶ Раунд X-030 начался
[03:23:11] ✅ X-030   🔴4 vs 4🔵

  ~~~~~~~~~~~~~~~~~~~~~~~~~~~~~~~~~~
  🎲 МНОГО ПОСЛЕДОВАТЕЛЬНОСТЕЙ!
  Найдено: 4
  🔵55, 🔵66, 🔴44, 🔵44
  ~~~~~~~~~~~~~~~~~~~~~~~~~~~~~~~~~~
  🔥 [X-024]  🔴3  vs  5🔵
  🔥 [X-025]  🔴4  vs  5🔵
  🔥 [X-026]  🔴6  vs  6🔵
  🔥 [X-027]  🔴5  vs  6🔵
     [X-028]  🔴1  vs  2🔵
  🔥 [X-029]  🔴4  vs  4🔵
  🔥 [X-030]  🔴4  vs  4🔵
  ~~~~~~~~~~~~~~~~~~~~~~~~~~~~~~~~~~

[Telegram] Ошибка отправки сообщения в чат 1477129493: 403 Client Error: Forbidden for url: https://my-tg-proxy.iwantbunnygirl.workers.dev/bot8603609103:AAENi9LYuF8bXjwK9E1oZIIpG21UNZeZW5s/sendMessage
[Telegram] Ошибка отправки сообщения в чат 1329987939: 403 Client Error: Forbidden for url: https://my-tg-proxy.iwantbunnygirl.workers.dev/bot8603609103:AAENi9LYuF8bXjwK9E1oZIIpG21UNZeZW5s/sendMessage
[Telegram] Ошибка отправки сообщения в чат 705506250: 403 Client Error: Forbidden for url: https://my-tg-proxy.iwantbunnygirl.workers.dev/bot8603609103:AAENi9LYuF8bXjwK9E1oZIIpG21UNZeZW5s/sendMessage

  ++++++++++++++++++++++++++++++++++
  🔴 НОВАЯ ПАРА!
  Красный — 4
  Длина цепочки: 5 раундов
  ++++++++++++++++++++++++++++++++++
     [X-026]  🔴6  vs  6🔵
     [X-027]  🔴5  vs  6🔵
     [X-028]  🔴1  vs  2🔵
     [X-029]  🔴4  vs  4🔵
     [X-030]  🔴4  vs  4🔵
  ++++++++++++++++++++++++++++++++++

[Telegram] Ошибка отправки сообщения в чат 1477129493: 403 Client Error: Forbidden for url: https://my-tg-proxy.iwantbunnygirl.workers.dev/bot8603609103:AAENi9LYuF8bXjwK9E1oZIIpG21UNZeZW5s/sendMessage
[Telegram] Ошибка отправки сообщения в чат 1329987939: 403 Client Error: Forbidden for url: https://my-tg-proxy.iwantbunnygirl.workers.dev/bot8603609103:AAENi9LYuF8bXjwK9E1oZIIpG21UNZeZW5s/sendMessage
[Telegram] Ошибка отправки сообщения в чат 705506250: 403 Client Error: Forbidden for url: https://my-tg-proxy.iwantbunnygirl.workers.dev/bot8603609103:AAENi9LYuF8bXjwK9E1oZIIpG21UNZeZW5s/sendMessage
[03:23:17] ▶ Раунд X-031 начался
[03:23:49] ✅ X-031   🔴3 vs 4🔵
[03:23:55] ▶ Раунд X-032 начался
[03:24:27] ✅ X-032   🔴6 vs 5🔵
[03:24:33] ▶ Раунд X-033 начался
[03:25:05] ✅ X-033   🔴2 vs 5🔵

  ++++++++++++++++++++++++++++++++++
  🔵 НОВАЯ ПАРА!
  Синий — 5
  Длина цепочки: 5 раундов
  ++++++++++++++++++++++++++++++++++
     [X-029]  🔴4  vs  4🔵
     [X-030]  🔴4  vs  4🔵
     [X-031]  🔴3  vs  4🔵
     [X-032]  🔴6  vs  5🔵
     [X-033]  🔴2  vs  5🔵
  ++++++++++++++++++++++++++++++++++

[Telegram] Ошибка отправки сообщения в чат 1477129493: 403 Client Error: Forbidden for url: https://my-tg-proxy.iwantbunnygirl.workers.dev/bot8603609103:AAENi9LYuF8bXjwK9E1oZIIpG21UNZeZW5s/sendMessage
[Telegram] Ошибка отправки сообщения в чат 1329987939: 403 Client Error: Forbidden for url: https://my-tg-proxy.iwantbunnygirl.workers.dev/bot8603609103:AAENi9LYuF8bXjwK9E1oZIIpG21UNZeZW5s/sendMessage
[Telegram] Ошибка отправки сообщения в чат 705506250: 403 Client Error: Forbidden for url: https://my-tg-proxy.iwantbunnygirl.workers.dev/bot8603609103:AAENi9LYuF8bXjwK9E1oZIIpG21UNZeZW5s/sendMessage
[03:25:11] ▶ Раунд X-034 начался
[03:25:43] ✅ X-034   🔴4 vs 4🔵
[03:25:49] ▶ Раунд X-035 начался
[03:26:21] ✅ X-035   🔴1 vs 3🔵
[03:26:27] ▶ Раунд X-036 начался
[03:26:59] ✅ X-036   🔴6 vs 4🔵
[03:27:05] ▶ Раунд X-037 начался
[03:27:37] ✅ X-037   🔴2 vs 4🔵

  ++++++++++++++++++++++++++++++++++
  🔵 НОВАЯ ПАРА!
  Синий — 4
  Длина цепочки: 6 раундов
  ++++++++++++++++++++++++++++++++++
     [X-032]  🔴6  vs  5🔵
     [X-033]  🔴2  vs  5🔵
     [X-034]  🔴4  vs  4🔵
     [X-035]  🔴1  vs  3🔵
     [X-036]  🔴6  vs  4🔵
     [X-037]  🔴2  vs  4🔵
  ++++++++++++++++++++++++++++++++++

[Telegram] Ошибка отправки сообщения в чат 1477129493: 403 Client Error: Forbidden for url: https://my-tg-proxy.iwantbunnygirl.workers.dev/bot8603609103:AAENi9LYuF8bXjwK9E1oZIIpG21UNZeZW5s/sendMessage
[Telegram] Ошибка отправки сообщения в чат 1329987939: 403 Client Error: Forbidden for url: https://my-tg-proxy.iwantbunnygirl.workers.dev/bot8603609103:AAENi9LYuF8bXjwK9E1oZIIpG21UNZeZW5s/sendMessage
[Telegram] Ошибка отправки сообщения в чат 705506250: 403 Client Error: Forbidden for url: https://my-tg-proxy.iwantbunnygirl.workers.dev/bot8603609103:AAENi9LYuF8bXjwK9E1oZIIpG21UNZeZW5s/sendMessage
[03:27:43] ▶ Раунд X-038 начался
[03:28:14] ✅ X-038   🔴1 vs 5🔵
[03:28:21] ▶ Раунд X-039 начался
[03:28:53] ✅ X-039   🔴3 vs 4🔵
[03:28:59] ▶ Раунд X-040 начался
[03:29:31] ✅ X-040   🔴6 vs 1🔵

  ##################################
  🔴 XOX-ПАТТЕРН!
  Красный — 6
  Шаблон: xoooxooox
  ##################################
  🎯 [X-032]  🔴6  vs  5🔵
     [X-033]  🔴2  vs  5🔵
     [X-034]  🔴4  vs  4🔵
     [X-035]  🔴1  vs  3🔵
  🎯 [X-036]  🔴6  vs  4🔵
     [X-037]  🔴2  vs  4🔵
     [X-038]  🔴1  vs  5🔵
     [X-039]  🔴3  vs  4🔵
  🎯 [X-040]  🔴6  vs  1🔵
  ##################################

[03:29:37] ▶ Раунд X-041 начался
[03:30:09] ✅ X-041   🔴5 vs 3🔵
[03:30:15] ▶ Раунд X-042 начался
[03:30:47] ✅ X-042   🔴5 vs 1🔵

  ++++++++++++++++++++++++++++++++++
  🔴 НОВАЯ ПАРА!
  Красный — 5
  Длина цепочки: 7 раундов
  ++++++++++++++++++++++++++++++++++
     [X-036]  🔴6  vs  4🔵
     [X-037]  🔴2  vs  4🔵
     [X-038]  🔴1  vs  5🔵
     [X-039]  🔴3  vs  4🔵
     [X-040]  🔴6  vs  1🔵
     [X-041]  🔴5  vs  3🔵
     [X-042]  🔴5  vs  1🔵
  ++++++++++++++++++++++++++++++++++

[Telegram] Ошибка отправки сообщения в чат 1477129493: 403 Client Error: Forbidden for url: https://my-tg-proxy.iwantbunnygirl.workers.dev/bot8603609103:AAENi9LYuF8bXjwK9E1oZIIpG21UNZeZW5s/sendMessage
[Telegram] Ошибка отправки сообщения в чат 1329987939: 403 Client Error: Forbidden for url: https://my-tg-proxy.iwantbunnygirl.workers.dev/bot8603609103:AAENi9LYuF8bXjwK9E1oZIIpG21UNZeZW5s/sendMessage
[Telegram] Ошибка отправки сообщения в чат 705506250: 403 Client Error: Forbidden for url: https://my-tg-proxy.iwantbunnygirl.workers.dev/bot8603609103:AAENi9LYuF8bXjwK9E1oZIIpG21UNZeZW5s/sendMessage
[03:30:53] ▶ Раунд X-043 начался
[03:31:25] ✅ X-043   🔴6 vs 6🔵
[03:31:31] ▶ Раунд X-044 начался
[03:32:03] ✅ X-044   🔴1 vs 5🔵
[03:32:09] ▶ Раунд X-045 начался
[03:32:41] ✅ X-045   🔴6 vs 5🔵

  ~~~~~~~~~~~~~~~~~~~~~~~~~~~~~~~~~~
  🎲 МНОГО ПОСЛЕДОВАТЕЛЬНОСТЕЙ!
  Найдено: 4
  🔵55, 🔵44, 🔴55, 🔵55
  ~~~~~~~~~~~~~~~~~~~~~~~~~~~~~~~~~~
  🔥 [X-032]  🔴6  vs  5🔵
  🔥 [X-033]  🔴2  vs  5🔵
     [X-034]  🔴4  vs  4🔵
     [X-035]  🔴1  vs  3🔵
  🔥 [X-036]  🔴6  vs  4🔵
  🔥 [X-037]  🔴2  vs  4🔵
     [X-038]  🔴1  vs  5🔵
     [X-039]  🔴3  vs  4🔵
     [X-040]  🔴6  vs  1🔵
  🔥 [X-041]  🔴5  vs  3🔵
  🔥 [X-042]  🔴5  vs  1🔵
     [X-043]  🔴6  vs  6🔵
  🔥 [X-044]  🔴1  vs  5🔵
  🔥 [X-045]  🔴6  vs  5🔵
  ~~~~~~~~~~~~~~~~~~~~~~~~~~~~~~~~~~

[Telegram] Ошибка отправки сообщения в чат 1477129493: 403 Client Error: Forbidden for url: https://my-tg-proxy.iwantbunnygirl.workers.dev/bot8603609103:AAENi9LYuF8bXjwK9E1oZIIpG21UNZeZW5s/sendMessage
[Telegram] Ошибка отправки сообщения в чат 1329987939: 403 Client Error: Forbidden for url: https://my-tg-proxy.iwantbunnygirl.workers.dev/bot8603609103:AAENi9LYuF8bXjwK9E1oZIIpG21UNZeZW5s/sendMessage
[Telegram] Ошибка отправки сообщения в чат 705506250: 403 Client Error: Forbidden for url: https://my-tg-proxy.iwantbunnygirl.workers.dev/bot8603609103:AAENi9LYuF8bXjwK9E1oZIIpG21UNZeZW5s/sendMessage

  ++++++++++++++++++++++++++++++++++
  🔵 НОВАЯ ПАРА!
  Синий — 5
  Длина цепочки: 5 раундов
  ++++++++++++++++++++++++++++++++++
     [X-041]  🔴5  vs  3🔵
     [X-042]  🔴5  vs  1🔵
     [X-043]  🔴6  vs  6🔵
     [X-044]  🔴1  vs  5🔵
     [X-045]  🔴6  vs  5🔵
  ++++++++++++++++++++++++++++++++++

[Telegram] Ошибка отправки сообщения в чат 1477129493: 403 Client Error: Forbidden for url: https://my-tg-proxy.iwantbunnygirl.workers.dev/bot8603609103:AAENi9LYuF8bXjwK9E1oZIIpG21UNZeZW5s/sendMessage
[Telegram] Ошибка отправки сообщения в чат 1329987939: 403 Client Error: Forbidden for url: https://my-tg-proxy.iwantbunnygirl.workers.dev/bot8603609103:AAENi9LYuF8bXjwK9E1oZIIpG21UNZeZW5s/sendMessage
[Telegram] Ошибка отправки сообщения в чат 705506250: 403 Client Error: Forbidden for url: https://my-tg-proxy.iwantbunnygirl.workers.dev/bot8603609103:AAENi9LYuF8bXjwK9E1oZIIpG21UNZeZW5s/sendMessage
[03:32:47] ▶ Раунд X-046 начался
[03:33:19] ✅ X-046   🔴2 vs 6🔵
[03:33:25] ▶ Раунд X-047 начался
[03:33:57] ✅ X-047   🔴3 vs 2🔵
[03:34:03] ▶ Раунд X-048 начался
[03:34:35] ✅ X-048   🔴1 vs 6🔵
[03:34:41] ▶ Раунд X-049 начался
[03:35:13] ✅ X-049   🔴4 vs 4🔵
[03:35:19] ▶ Раунд X-050 начался
[03:35:50] ✅ X-050   🔴2 vs 2🔵
[03:35:57] ▶ Раунд X-051 начался
[03:36:29] ✅ X-051   🔴3 vs 3🔵
[03:36:35] ▶ Раунд X-052 начался
[03:37:06] ✅ X-052   🔴4 vs 1🔵
[03:37:13] ▶ Раунд X-053 начался
[03:37:45] ✅ X-053   🔴4 vs 4🔵

  ++++++++++++++++++++++++++++++++++
  🔴 НОВАЯ ПАРА!
  Красный — 4
  Длина цепочки: 10 раундов
  ++++++++++++++++++++++++++++++++++
     [X-044]  🔴1  vs  5🔵
     [X-045]  🔴6  vs  5🔵
     [X-046]  🔴2  vs  6🔵
     [X-047]  🔴3  vs  2🔵
     [X-048]  🔴1  vs  6🔵
     [X-049]  🔴4  vs  4🔵
     [X-050]  🔴2  vs  2🔵
     [X-051]  🔴3  vs  3🔵
     [X-052]  🔴4  vs  1🔵
     [X-053]  🔴4  vs  4🔵
  ++++++++++++++++++++++++++++++++++

[Telegram] Ошибка отправки сообщения в чат 1477129493: 403 Client Error: Forbidden for url: https://my-tg-proxy.iwantbunnygirl.workers.dev/bot8603609103:AAENi9LYuF8bXjwK9E1oZIIpG21UNZeZW5s/sendMessage
[Telegram] Ошибка отправки сообщения в чат 1329987939: 403 Client Error: Forbidden for url: https://my-tg-proxy.iwantbunnygirl.workers.dev/bot8603609103:AAENi9LYuF8bXjwK9E1oZIIpG21UNZeZW5s/sendMessage
[Telegram] Ошибка отправки сообщения в чат 705506250: 403 Client Error: Forbidden for url: https://my-tg-proxy.iwantbunnygirl.workers.dev/bot8603609103:AAENi9LYuF8bXjwK9E1oZIIpG21UNZeZW5s/sendMessage
[03:37:51] ▶ Раунд X-054 начался
[03:38:23] ✅ X-054   🔴5 vs 1🔵
[03:38:29] ▶ Раунд X-055 начался
[03:39:01] ✅ X-055   🔴1 vs 1🔵

  ++++++++++++++++++++++++++++++++++
  🔵 НОВАЯ ПАРА!
  Синий — 1
  Длина цепочки: 4 раундов
  ++++++++++++++++++++++++++++++++++
     [X-052]  🔴4  vs  1🔵
     [X-053]  🔴4  vs  4🔵
     [X-054]  🔴5  vs  1🔵
     [X-055]  🔴1  vs  1🔵
  ++++++++++++++++++++++++++++++++++

[Telegram] Ошибка отправки сообщения в чат 1477129493: 403 Client Error: Forbidden for url: https://my-tg-proxy.iwantbunnygirl.workers.dev/bot8603609103:AAENi9LYuF8bXjwK9E1oZIIpG21UNZeZW5s/sendMessage
[Telegram] Ошибка отправки сообщения в чат 1329987939: 403 Client Error: Forbidden for url: https://my-tg-proxy.iwantbunnygirl.workers.dev/bot8603609103:AAENi9LYuF8bXjwK9E1oZIIpG21UNZeZW5s/sendMessage
[Telegram] Ошибка отправки сообщения в чат 705506250: 403 Client Error: Forbidden for url: https://my-tg-proxy.iwantbunnygirl.workers.dev/bot8603609103:AAENi9LYuF8bXjwK9E1oZIIpG21UNZeZW5s/sendMessage
[03:39:07] ▶ Раунд X-056 начался
[03:39:39] ✅ X-056   🔴5 vs 2🔵
[03:39:45] ▶ Раунд X-057 начался
[03:40:17] ✅ X-057   🔴3 vs 4🔵

  ##################################
  🔵 XOX-ПАТТЕРН!
  Синий — 4
  Шаблон: xoooxooox
  ##################################
  🎯 [X-049]  🔴4  vs  4🔵
     [X-050]  🔴2  vs  2🔵
     [X-051]  🔴3  vs  3🔵
     [X-052]  🔴4  vs  1🔵
  🎯 [X-053]  🔴4  vs  4🔵
     [X-054]  🔴5  vs  1🔵
     [X-055]  🔴1  vs  1🔵
     [X-056]  🔴5  vs  2🔵
  🎯 [X-057]  🔴3  vs  4🔵
  ##################################

[03:40:23] ▶ Раунд X-058 начался
[03:40:55] ✅ X-058   🔴6 vs 1🔵
[03:41:01] ▶ Раунд X-059 начался
[03:41:33] ✅ X-059   🔴5 vs 4🔵
[03:41:39] ▶ Раунд X-060 начался
[03:42:11] ✅ X-060   🔴6 vs 5🔵
[03:42:17] ▶ Раунд X-061 начался
[03:42:49] ✅ X-061   🔴1 vs 3🔵
[03:42:52] ▶ Раунд X-062 начался
[03:43:24] ✅ X-062   🔴4 vs 5🔵
[03:43:30] ▶ Раунд X-063 начался
[03:44:02] ✅ X-063   🔴3 vs 6🔵

  ##################################
  🔴 XOX-ПАТТЕРН!
  Красный — 3
  Шаблон: xoooooxooooox
  ##################################
  🎯 [X-051]  🔴3  vs  3🔵
     [X-052]  🔴4  vs  1🔵
     [X-053]  🔴4  vs  4🔵
     [X-054]  🔴5  vs  1🔵
     [X-055]  🔴1  vs  1🔵
     [X-056]  🔴5  vs  2🔵
  🎯 [X-057]  🔴3  vs  4🔵
     [X-058]  🔴6  vs  1🔵
     [X-059]  🔴5  vs  4🔵
     [X-060]  🔴6  vs  5🔵
     [X-061]  🔴1  vs  3🔵
     [X-062]  🔴4  vs  5🔵
  🎯 [X-063]  🔴3  vs  6🔵
  ##################################

[03:44:08] ▶ Раунд X-064 начался
[03:44:40] ✅ X-064   🔴1 vs 6🔵

  ++++++++++++++++++++++++++++++++++
  🔵 НОВАЯ ПАРА!
  Синий — 6
  Длина цепочки: 11 раундов
  ++++++++++++++++++++++++++++++++++
     [X-054]  🔴5  vs  1🔵
     [X-055]  🔴1  vs  1🔵
     [X-056]  🔴5  vs  2🔵
     [X-057]  🔴3  vs  4🔵
     [X-058]  🔴6  vs  1🔵
     [X-059]  🔴5  vs  4🔵
     [X-060]  🔴6  vs  5🔵
     [X-061]  🔴1  vs  3🔵
     [X-062]  🔴4  vs  5🔵
     [X-063]  🔴3  vs  6🔵
     [X-064]  🔴1  vs  6🔵
  ++++++++++++++++++++++++++++++++++

[Telegram] Ошибка отправки сообщения в чат 1477129493: 403 Client Error: Forbidden for url: https://my-tg-proxy.iwantbunnygirl.workers.dev/bot8603609103:AAENi9LYuF8bXjwK9E1oZIIpG21UNZeZW5s/sendMessage
[Telegram] Ошибка отправки сообщения в чат 1329987939: 403 Client Error: Forbidden for url: https://my-tg-proxy.iwantbunnygirl.workers.dev/bot8603609103:AAENi9LYuF8bXjwK9E1oZIIpG21UNZeZW5s/sendMessage
[Telegram] Ошибка отправки сообщения в чат 705506250: 403 Client Error: Forbidden for url: https://my-tg-proxy.iwantbunnygirl.workers.dev/bot8603609103:AAENi9LYuF8bXjwK9E1oZIIpG21UNZeZW5s/sendMessage
[03:44:46] ▶ Раунд X-065 начался
[03:45:18] ✅ X-065   🔴2 vs 5🔵
[03:45:24] ▶ Раунд X-066 начался
[03:45:56] ✅ X-066   🔴4 vs 1🔵
[03:46:02] ▶ Раунд X-067 начался
[03:46:34] ✅ X-067   🔴5 vs 4🔵
[03:46:40] ▶ Раунд X-068 начался
[03:47:12] ✅ X-068   🔴5 vs 6🔵

  ~~~~~~~~~~~~~~~~~~~~~~~~~~~~~~~~~~
  🎲 МНОГО ПОСЛЕДОВАТЕЛЬНОСТЕЙ!
  Найдено: 4
  🔴44, 🔵11, 🔵66, 🔴55
  ~~~~~~~~~~~~~~~~~~~~~~~~~~~~~~~~~~
  🔥 [X-052]  🔴4  vs  1🔵
  🔥 [X-053]  🔴4  vs  4🔵
  🔥 [X-054]  🔴5  vs  1🔵
  🔥 [X-055]  🔴1  vs  1🔵
     [X-056]  🔴5  vs  2🔵
     [X-057]  🔴3  vs  4🔵
     [X-058]  🔴6  vs  1🔵
     [X-059]  🔴5  vs  4🔵
     [X-060]  🔴6  vs  5🔵
     [X-061]  🔴1  vs  3🔵
     [X-062]  🔴4  vs  5🔵
  🔥 [X-063]  🔴3  vs  6🔵
  🔥 [X-064]  🔴1  vs  6🔵
     [X-065]  🔴2  vs  5🔵
     [X-066]  🔴4  vs  1🔵
  🔥 [X-067]  🔴5  vs  4🔵
  🔥 [X-068]  🔴5  vs  6🔵
  ~~~~~~~~~~~~~~~~~~~~~~~~~~~~~~~~~~

[Telegram] Ошибка отправки сообщения в чат 1477129493: 403 Client Error: Forbidden for url: https://my-tg-proxy.iwantbunnygirl.workers.dev/bot8603609103:AAENi9LYuF8bXjwK9E1oZIIpG21UNZeZW5s/sendMessage
[Telegram] Ошибка отправки сообщения в чат 1329987939: 403 Client Error: Forbidden for url: https://my-tg-proxy.iwantbunnygirl.workers.dev/bot8603609103:AAENi9LYuF8bXjwK9E1oZIIpG21UNZeZW5s/sendMessage
[Telegram] Ошибка отправки сообщения в чат 705506250: 403 Client Error: Forbidden for url: https://my-tg-proxy.iwantbunnygirl.workers.dev/bot8603609103:AAENi9LYuF8bXjwK9E1oZIIpG21UNZeZW5s/sendMessage

  ++++++++++++++++++++++++++++++++++
  🔴 НОВАЯ ПАРА!
  Красный — 5
  Длина цепочки: 6 раундов
  ++++++++++++++++++++++++++++++++++
     [X-063]  🔴3  vs  6🔵
     [X-064]  🔴1  vs  6🔵
     [X-065]  🔴2  vs  5🔵
     [X-066]  🔴4  vs  1🔵
     [X-067]  🔴5  vs  4🔵
     [X-068]  🔴5  vs  6🔵
  ++++++++++++++++++++++++++++++++++

[Telegram] Ошибка отправки сообщения в чат 1477129493: 403 Client Error: Forbidden for url: https://my-tg-proxy.iwantbunnygirl.workers.dev/bot8603609103:AAENi9LYuF8bXjwK9E1oZIIpG21UNZeZW5s/sendMessage
[Telegram] Ошибка отправки сообщения в чат 1329987939: 403 Client Error: Forbidden for url: https://my-tg-proxy.iwantbunnygirl.workers.dev/bot8603609103:AAENi9LYuF8bXjwK9E1oZIIpG21UNZeZW5s/sendMessage
[Telegram] Ошибка отправки сообщения в чат 705506250: 403 Client Error: Forbidden for url: https://my-tg-proxy.iwantbunnygirl.workers.dev/bot8603609103:AAENi9LYuF8bXjwK9E1oZIIpG21UNZeZW5s/sendMessage
[03:47:18] ▶ Раунд X-069 начался
[03:47:50] ✅ X-069   🔴2 vs 6🔵
[03:47:56] ▶ Раунд X-070 начался
[03:48:28] ✅ X-070   🔴1 vs 1🔵
[03:48:34] ▶ Раунд X-071 начался
[03:49:06] ✅ X-071   🔴3 vs 1🔵

  ++++++++++++++++++++++++++++++++++
  🔵 НОВАЯ ПАРА!
  Синий — 1
  Длина цепочки: 5 раундов
  ++++++++++++++++++++++++++++++++++
     [X-067]  🔴5  vs  4🔵
     [X-068]  🔴5  vs  6🔵
     [X-069]  🔴2  vs  6🔵
     [X-070]  🔴1  vs  1🔵
     [X-071]  🔴3  vs  1🔵
  ++++++++++++++++++++++++++++++++++

[Telegram] Ошибка отправки сообщения в чат 1477129493: 403 Client Error: Forbidden for url: https://my-tg-proxy.iwantbunnygirl.workers.dev/bot8603609103:AAENi9LYuF8bXjwK9E1oZIIpG21UNZeZW5s/sendMessage
[Telegram] Ошибка отправки сообщения в чат 1329987939: 403 Client Error: Forbidden for url: https://my-tg-proxy.iwantbunnygirl.workers.dev/bot8603609103:AAENi9LYuF8bXjwK9E1oZIIpG21UNZeZW5s/sendMessage
[Telegram] Ошибка отправки сообщения в чат 705506250: 403 Client Error: Forbidden for url: https://my-tg-proxy.iwantbunnygirl.workers.dev/bot8603609103:AAENi9LYuF8bXjwK9E1oZIIpG21UNZeZW5s/sendMessage
[03:49:12] ▶ Раунд X-072 начался
[03:49:44] ✅ X-072   🔴1 vs 1🔵
[03:49:50] ▶ Раунд X-073 начался
[03:50:22] ✅ X-073   🔴5 vs 1🔵

  ──────────────────────────────────
  🔵 ПАТТЕРН!
  Синий — 1
  четыре подряд подряд
  ──────────────────────────────────
  ⬅️ [X-068]  🔴5  vs  6🔵
  ⬅️ [X-069]  🔴2  vs  6🔵
  🔥 [X-070]  🔴1  vs  1🔵
  🔥 [X-071]  🔴3  vs  1🔵
  🔥 [X-072]  🔴1  vs  1🔵
  🔥 [X-073]  🔴5  vs  1🔵
  ──────────────────────────────────

[03:50:28] ▶ Раунд X-074 начался
[03:51:00] ✅ X-074   🔴4 vs 2🔵
[03:51:06] ▶ Раунд X-075 начался
[03:51:38] ✅ X-075   🔴3 vs 5🔵

  ··································
  📊 СТАТИСТИКА!
  Синий — 1
  четыре подряд подряд
  ··································
  ⬅️ [X-068]  🔴5  vs  6🔵
  ⬅️ [X-069]  🔴2  vs  6🔵
  🔥 [X-070]  🔴1  vs  1🔵
  🔥 [X-071]  🔴3  vs  1🔵
  🔥 [X-072]  🔴1  vs  1🔵
  🔥 [X-073]  🔴5  vs  1🔵
  🆕 [X-074]  🔴4  vs  2🔵
  🆕 [X-075]  🔴3  vs  5🔵
  ··································

[03:51:44] ▶ Раунд X-076 начался
[03:52:16] ✅ X-076   🔴6 vs 3🔵
[03:52:22] ▶ Раунд X-077 начался
[03:52:54] ✅ X-077   🔴2 vs 6🔵
[03:53:00] ▶ Раунд X-078 начался
[03:53:32] ✅ X-078   🔴6 vs 3🔵
[03:53:38] ▶ Раунд X-079 начался
[03:54:10] ✅ X-079   🔴2 vs 2🔵
[03:54:16] ▶ Раунд X-080 начался
[03:54:48] ✅ X-080   🔴2 vs 3🔵

  ##################################
  🔵 XOX-ПАТТЕРН!
  Синий — 3
  Шаблон: xoxox
  ##################################
  🎯 [X-076]  🔴6  vs  3🔵
     [X-077]  🔴2  vs  6🔵
  🎯 [X-078]  🔴6  vs  3🔵
     [X-079]  🔴2  vs  2🔵
  🎯 [X-080]  🔴2  vs  3🔵
  ##################################


  ++++++++++++++++++++++++++++++++++
  🔴 НОВАЯ ПАРА!
  Красный — 2
  Длина цепочки: 11 раундов
  ++++++++++++++++++++++++++++++++++
     [X-070]  🔴1  vs  1🔵
     [X-071]  🔴3  vs  1🔵
     [X-072]  🔴1  vs  1🔵
     [X-073]  🔴5  vs  1🔵
     [X-074]  🔴4  vs  2🔵
     [X-075]  🔴3  vs  5🔵
     [X-076]  🔴6  vs  3🔵
     [X-077]  🔴2  vs  6🔵
     [X-078]  🔴6  vs  3🔵
     [X-079]  🔴2  vs  2🔵
     [X-080]  🔴2  vs  3🔵
  ++++++++++++++++++++++++++++++++++

[03:54:54] ▶ Раунд X-081 начался
[03:55:26] ✅ X-081   🔴4 vs 3🔵

  ~~~~~~~~~~~~~~~~~~~~~~~~~~~~~~~~~~
  🎲 МНОГО ПОСЛЕДОВАТЕЛЬНОСТЕЙ!
  Найдено: 4
  🔵66, 🔵11, 🔴22, 🔵33
  ~~~~~~~~~~~~~~~~~~~~~~~~~~~~~~~~~~
  🔥 [X-068]  🔴5  vs  6🔵
  🔥 [X-069]  🔴2  vs  6🔵
  🔥 [X-070]  🔴1  vs  1🔵
  🔥 [X-071]  🔴3  vs  1🔵
     [X-072]  🔴1  vs  1🔵
     [X-073]  🔴5  vs  1🔵
     [X-074]  🔴4  vs  2🔵
     [X-075]  🔴3  vs  5🔵
     [X-076]  🔴6  vs  3🔵
     [X-077]  🔴2  vs  6🔵
     [X-078]  🔴6  vs  3🔵
  🔥 [X-079]  🔴2  vs  2🔵
  🔥 [X-080]  🔴2  vs  3🔵
  🔥 [X-081]  🔴4  vs  3🔵
  ~~~~~~~~~~~~~~~~~~~~~~~~~~~~~~~~~~

[03:55:32] ▶ Раунд X-082 начался
[03:56:04] ✅ X-082   🔴5 vs 2🔵
[03:56:10] ▶ Раунд X-083 начался
[03:56:42] ✅ X-083   🔴6 vs 1🔵
[03:56:48] ▶ Раунд X-084 начался
[03:57:20] ✅ X-084   🔴1 vs 1🔵

  ++++++++++++++++++++++++++++++++++
  🔵 НОВАЯ ПАРА!
  Синий — 1
  Длина цепочки: 6 раундов
  ++++++++++++++++++++++++++++++++++
     [X-079]  🔴2  vs  2🔵
     [X-080]  🔴2  vs  3🔵
     [X-081]  🔴4  vs  3🔵
     [X-082]  🔴5  vs  2🔵
     [X-083]  🔴6  vs  1🔵
     [X-084]  🔴1  vs  1🔵
  ++++++++++++++++++++++++++++++++++

[03:57:26] ▶ Раунд X-085 начался
[03:57:58] ✅ X-085   🔴3 vs 1🔵
[03:58:04] ▶ Раунд X-086 начался
[03:58:36] ✅ X-086   🔴1 vs 3🔵
[03:58:42] ▶ Раунд X-087 начался
[03:59:14] ✅ X-087   🔴3 vs 5🔵
[03:59:20] ▶ Раунд X-088 начался
[03:59:52] ✅ X-088   🔴5 vs 1🔵
[03:59:58] ▶ Раунд X-089 начался
[04:00:30] ✅ X-089   🔴3 vs 6🔵

  ##################################
  🔴 XOX-ПАТТЕРН!
  Красный — 3
  Шаблон: xoxox
  ##################################
  🎯 [X-085]  🔴3  vs  1🔵
     [X-086]  🔴1  vs  3🔵
  🎯 [X-087]  🔴3  vs  5🔵
     [X-088]  🔴5  vs  1🔵
  🎯 [X-089]  🔴3  vs  6🔵
  ##################################

[04:00:36] ▶ Раунд X-090 начался
[04:01:08] ✅ X-090   🔴2 vs 1🔵
[04:01:14] ▶ Раунд X-091 начался
[04:01:46] ✅ X-091   🔴3 vs 3🔵

  ##################################
  🔴 XOX-ПАТТЕРН!
  Красный — 3
  Шаблон: xoxox
  ##################################
  🎯 [X-087]  🔴3  vs  5🔵
     [X-088]  🔴5  vs  1🔵
  🎯 [X-089]  🔴3  vs  6🔵
     [X-090]  🔴2  vs  1🔵
  🎯 [X-091]  🔴3  vs  3🔵
  ##################################


  ##################################
  🔵 XOX-ПАТТЕРН!
  Синий — 3
  Шаблон: xooooxoooox
  ##################################
  🎯 [X-081]  🔴4  vs  3🔵
     [X-082]  🔴5  vs  2🔵
     [X-083]  🔴6  vs  1🔵
     [X-084]  🔴1  vs  1🔵
     [X-085]  🔴3  vs  1🔵
  🎯 [X-086]  🔴1  vs  3🔵
     [X-087]  🔴3  vs  5🔵
     [X-088]  🔴5  vs  1🔵
     [X-089]  🔴3  vs  6🔵
     [X-090]  🔴2  vs  1🔵
  🎯 [X-091]  🔴3  vs  3🔵
  ##################################

[04:01:52] ▶ Раунд X-092 начался
[04:02:24] ✅ X-092   🔴6 vs 4🔵
[04:02:30] ▶ Раунд X-093 начался
[04:03:02] ✅ X-093   🔴6 vs 5🔵

  ++++++++++++++++++++++++++++++++++
  🔴 НОВАЯ ПАРА!
  Красный — 6
  Длина цепочки: 11 раундов
  ++++++++++++++++++++++++++++++++++
     [X-083]  🔴6  vs  1🔵
     [X-084]  🔴1  vs  1🔵
     [X-085]  🔴3  vs  1🔵
     [X-086]  🔴1  vs  3🔵
     [X-087]  🔴3  vs  5🔵
     [X-088]  🔴5  vs  1🔵
     [X-089]  🔴3  vs  6🔵
     [X-090]  🔴2  vs  1🔵
     [X-091]  🔴3  vs  3🔵
     [X-092]  🔴6  vs  4🔵
     [X-093]  🔴6  vs  5🔵
  ++++++++++++++++++++++++++++++++++

[04:03:08] ▶ Раунд X-094 начался
[04:03:40] ✅ X-094   🔴3 vs 1🔵
[04:03:46] ▶ Раунд X-095 начался
[04:04:18] ✅ X-095   🔴3 vs 1🔵

  ~~~~~~~~~~~~~~~~~~~~~~~~~~~~~~~~~~
  🎲 МНОГО ПОСЛЕДОВАТЕЛЬНОСТЕЙ!
  Найдено: 4
  🔵11, 🔴66, 🔴33, 🔵11
  ~~~~~~~~~~~~~~~~~~~~~~~~~~~~~~~~~~
  🔥 [X-083]  🔴6  vs  1🔵
  🔥 [X-084]  🔴1  vs  1🔵
     [X-085]  🔴3  vs  1🔵
     [X-086]  🔴1  vs  3🔵
     [X-087]  🔴3  vs  5🔵
     [X-088]  🔴5  vs  1🔵
     [X-089]  🔴3  vs  6🔵
     [X-090]  🔴2  vs  1🔵
     [X-091]  🔴3  vs  3🔵
  🔥 [X-092]  🔴6  vs  4🔵
  🔥 [X-093]  🔴6  vs  5🔵
  🔥 [X-094]  🔴3  vs  1🔵
  🔥 [X-095]  🔴3  vs  1🔵
  ~~~~~~~~~~~~~~~~~~~~~~~~~~~~~~~~~~


  ++++++++++++++++++++++++++++++++++
  🔴 НОВАЯ ПАРА!
  Красный — 3
  Длина цепочки: 4 раундов
  ++++++++++++++++++++++++++++++++++
     [X-092]  🔴6  vs  4🔵
     [X-093]  🔴6  vs  5🔵
     [X-094]  🔴3  vs  1🔵
     [X-095]  🔴3  vs  1🔵
  ++++++++++++++++++++++++++++++++++

[04:04:24] ▶ Раунд X-096 начался
[04:04:56] ✅ X-096   🔴2 vs 5🔵
[04:05:02] ▶ Раунд X-097 начался
[04:05:34] ✅ X-097   🔴5 vs 1🔵
[04:05:40] ▶ Раунд X-098 начался
[04:06:12] ✅ X-098   🔴1 vs 3🔵
[04:06:18] ▶ Раунд X-099 начался
[04:06:50] ✅ X-099   🔴5 vs 2🔵
[04:06:56] ▶ Раунд X-100 начался
[04:07:28] ✅ X-100   🔴1 vs 6🔵
[04:07:34] ▶ Раунд X-101 начался
[04:08:06] ✅ X-101   🔴6 vs 6🔵

  ++++++++++++++++++++++++++++++++++
  🔵 НОВАЯ ПАРА!
  Синий — 6
  Длина цепочки: 8 раундов
  ++++++++++++++++++++++++++++++++++
     [X-094]  🔴3  vs  1🔵
     [X-095]  🔴3  vs  1🔵
     [X-096]  🔴2  vs  5🔵
     [X-097]  🔴5  vs  1🔵
     [X-098]  🔴1  vs  3🔵
     [X-099]  🔴5  vs  2🔵
     [X-100]  🔴1  vs  6🔵
     [X-101]  🔴6  vs  6🔵
  ++++++++++++++++++++++++++++++++++

[04:08:12] ▶ Раунд X-102 начался
[04:08:44] ✅ X-102   🔴3 vs 6🔵
[04:08:50] ▶ Раунд X-103 начался
[04:09:22] ✅ X-103   🔴5 vs 5🔵
[04:09:28] ▶ Раунд X-104 начался
[04:10:00] ✅ X-104   🔴4 vs 2🔵
[04:10:06] ▶ Раунд X-105 начался
[04:10:38] ✅ X-105   🔴2 vs 6🔵
[04:10:44] ▶ Раунд X-106 начался
[Startup] История предзагружена: 500 раундов
[Startup] Активных паттернов: 5
  - run_streak: N одинаковых подряд, опционально с пропуском и последующим повтором
  - repeating_pair: Пара -> ждём повтор ТОЙ ЖЕ пары; любая другая пара сбивает цель
  - symmetric_gap: Симметричный повтор значения: x o^N x o^N x (N от MIN до MAX)
  - streak_burst: Накопление N последовательностей (2+ подряд) на обоих кубиках суммарно
  - pair_chain: Любая пара запускает ожидание любой следующей пары (на любом кубике)
Подключение к потоку событий...
Активных паттернов: 5
─────────────────────────────────────
[04:11:16] ✅ X-106   🔴3 vs 3🔵
[04:11:22] ▶ Раунд X-107 начался
[04:11:54] ✅ X-107   🔴1 vs 5🔵
[04:12:00] ▶ Раунд X-108 начался
[04:12:38] ▶ Раунд X-109 начался
[04:13:10] ✅ X-109   🔴1 vs 5🔵
[04:13:16] ▶ Раунд X-110 начался
[04:13:48] ✅ X-110   🔴5 vs 2🔵
[04:13:54] ▶ Раунд X-111 начался
[04:14:26] ✅ X-111   🔴5 vs 6🔵

  ~~~~~~~~~~~~~~~~~~~~~~~~~~~~~~~~~~
  🎲 МНОГО ПОСЛЕДОВАТЕЛЬНОСТЕЙ!
  Найдено: 3
  🔴11, 🔵55, 🔴55
  ~~~~~~~~~~~~~~~~~~~~~~~~~~~~~~~~~~
  🔥 [X-107]  🔴1  vs  5🔵
  🔥 [X-109]  🔴1  vs  5🔵
  🔥 [X-110]  🔴5  vs  2🔵
  🔥 [X-111]  🔴5  vs  6🔵
  ~~~~~~~~~~~~~~~~~~~~~~~~~~~~~~~~~~


  ++++++++++++++++++++++++++++++++++
  🔴 НОВАЯ ПАРА!
  Красный — 5
  Длина цепочки: 4 раундов
  ++++++++++++++++++++++++++++++++++
     [X-107]  🔴1  vs  5🔵
     [X-109]  🔴1  vs  5🔵
     [X-110]  🔴5  vs  2🔵
     [X-111]  🔴5  vs  6🔵
  ++++++++++++++++++++++++++++++++++

[04:14:32] ▶ Раунд X-112 начался
[04:15:04] ✅ X-112   🔴6 vs 4🔵
[Startup] История предзагружена: 500 раундов
[Startup] Активных паттернов: 5
  - run_streak: N одинаковых подряд, опционально с пропуском и последующим повтором
  - repeating_pair: Пара -> ждём повтор ТОЙ ЖЕ пары; любая другая пара сбивает цель
  - symmetric_gap: Симметричный повтор значения: x o^N x o^N x (N от MIN до MAX)
  - streak_burst: Накопление N последовательностей (2+ подряд) на обоих кубиках суммарно
  - pair_chain: Любая пара запускает ожидание любой следующей пары (на любом кубике)
Подключение к потоку событий...
Активных паттернов: 5
─────────────────────────────────────
[04:15:10] ▶ Раунд X-113 начался
[04:15:42] ✅ X-113   🔴6 vs 6🔵
[04:15:48] ▶ Раунд X-114 начался
[04:16:20] ✅ X-114   🔴4 vs 1🔵
[04:16:26] ▶ Раунд X-115 начался
[04:16:58] ✅ X-115   🔴6 vs 6🔵
[04:17:04] ▶ Раунд X-116 начался
[04:17:36] ✅ X-116   🔴4 vs 3🔵
[04:17:42] ▶ Раунд X-117 начался
[04:18:14] ✅ X-117   🔴1 vs 4🔵
[04:18:20] ▶ Раунд X-118 начался
[04:18:52] ✅ X-118   🔴6 vs 5🔵
[04:18:58] ▶ Раунд X-119 начался
[04:19:30] ✅ X-119   🔴1 vs 2🔵
[04:19:36] ▶ Раунд X-120 начался
[04:20:08] ✅ X-120   🔴6 vs 5🔵
[04:20:14] ▶ Раунд X-121 начался
[04:20:46] ✅ X-121   🔴2 vs 2🔵
[04:20:52] ▶ Раунд X-122 начался
[04:21:24] ✅ X-122   🔴6 vs 3🔵

  ##################################
  🔴 XOX-ПАТТЕРН!
  Красный — 6
  Шаблон: xoxox
  ##################################
  🎯 [X-118]  🔴6  vs  5🔵
     [X-119]  🔴1  vs  2🔵
  🎯 [X-120]  🔴6  vs  5🔵
     [X-121]  🔴2  vs  2🔵
  🎯 [X-122]  🔴6  vs  3🔵
  ##################################

[04:21:30] ▶ Раунд X-123 начался
[04:22:02] ✅ X-123   🔴6 vs 1🔵
[04:22:08] ▶ Раунд X-124 начался
[04:22:40] ✅ X-124   🔴2 vs 1🔵
[04:22:46] ▶ Раунд X-125 начался
[04:23:18] ✅ X-125   🔴4 vs 1🔵
[04:23:24] ▶ Раунд X-126 начался
[04:23:56] ✅ X-126   🔴6 vs 6🔵
[04:24:02] ▶ Раунд X-127 начался
[04:24:34] ✅ X-127   🔴1 vs 1🔵
[04:24:40] ▶ Раунд X-128 начался
[04:25:12] ✅ X-128   🔴5 vs 2🔵
[04:25:18] ▶ Раунд X-129 начался
[04:25:50] ✅ X-129   🔴5 vs 5🔵

  ~~~~~~~~~~~~~~~~~~~~~~~~~~~~~~~~~~
  🎲 МНОГО ПОСЛЕДОВАТЕЛЬНОСТЕЙ!
  Найдено: 3
  🔴66, 🔵11, 🔴55
  ~~~~~~~~~~~~~~~~~~~~~~~~~~~~~~~~~~
  🔥 [X-122]  🔴6  vs  3🔵
  🔥 [X-123]  🔴6  vs  1🔵
  🔥 [X-124]  🔴2  vs  1🔵
     [X-125]  🔴4  vs  1🔵
     [X-126]  🔴6  vs  6🔵
     [X-127]  🔴1  vs  1🔵
  🔥 [X-128]  🔴5  vs  2🔵
  🔥 [X-129]  🔴5  vs  5🔵
  ~~~~~~~~~~~~~~~~~~~~~~~~~~~~~~~~~~


  ++++++++++++++++++++++++++++++++++
  🔴 НОВАЯ ПАРА!
  Красный — 5
  Длина цепочки: 8 раундов
  ++++++++++++++++++++++++++++++++++
     [X-122]  🔴6  vs  3🔵
     [X-123]  🔴6  vs  1🔵
     [X-124]  🔴2  vs  1🔵
     [X-125]  🔴4  vs  1🔵
     [X-126]  🔴6  vs  6🔵
     [X-127]  🔴1  vs  1🔵
     [X-128]  🔴5  vs  2🔵
     [X-129]  🔴5  vs  5🔵
  ++++++++++++++++++++++++++++++++++

[04:25:56] ▶ Раунд X-130 начался
[04:26:28] ✅ X-130   🔴6 vs 3🔵
[04:26:34] ▶ Раунд X-131 начался
[04:27:06] ✅ X-131   🔴4 vs 5🔵
[04:27:12] ▶ Раунд X-132 начался
[04:27:44] ✅ X-132   🔴4 vs 3🔵

  ++++++++++++++++++++++++++++++++++
  🔴 НОВАЯ ПАРА!
  Красный — 4
  Длина цепочки: 5 раундов
  ++++++++++++++++++++++++++++++++++
     [X-128]  🔴5  vs  2🔵
     [X-129]  🔴5  vs  5🔵
     [X-130]  🔴6  vs  3🔵
     [X-131]  🔴4  vs  5🔵
     [X-132]  🔴4  vs  3🔵
  ++++++++++++++++++++++++++++++++++

[04:27:50] ▶ Раунд X-133 начался
[04:28:22] ✅ X-133   🔴6 vs 2🔵
[04:28:28] ▶ Раунд X-134 начался
[04:29:00] ✅ X-134   🔴4 vs 4🔵
[04:29:06] ▶ Раунд X-135 начался
[04:29:38] ✅ X-135   🔴1 vs 4🔵

  ++++++++++++++++++++++++++++++++++
  🔵 НОВАЯ ПАРА!
  Синий — 4
  Длина цепочки: 5 раундов
  ++++++++++++++++++++++++++++++++++
     [X-131]  🔴4  vs  5🔵
     [X-132]  🔴4  vs  3🔵
     [X-133]  🔴6  vs  2🔵
     [X-134]  🔴4  vs  4🔵
     [X-135]  🔴1  vs  4🔵
  ++++++++++++++++++++++++++++++++++

[04:29:44] ▶ Раунд X-136 начался
[04:30:16] ✅ X-136   🔴2 vs 2🔵
[04:30:22] ▶ Раунд X-137 начался
[04:30:54] ✅ X-137   🔴5 vs 5🔵
[04:31:00] ▶ Раунд X-138 начался
[04:31:32] ✅ X-138   🔴3 vs 3🔵
[04:31:38] ▶ Раунд X-139 начался
[04:32:10] ✅ X-139   🔴4 vs 6🔵
[04:32:16] ▶ Раунд X-140 начался
[04:32:48] ✅ X-140   🔴6 vs 2🔵
[04:32:54] ▶ Раунд X-141 начался
[04:33:26] ✅ X-141   🔴5 vs 4🔵
[04:33:32] ▶ Раунд X-142 начался
[04:34:04] ✅ X-142   🔴6 vs 2🔵
[04:34:10] ▶ Раунд X-143 начался
[04:34:42] ✅ X-143   🔴2 vs 4🔵
[04:34:48] ▶ Раунд X-144 начался
[04:35:20] ✅ X-144   🔴1 vs 3🔵

  ##################################
  🔵 XOX-ПАТТЕРН!
  Синий — 3
  Шаблон: xoooooxooooox
  ##################################
  🎯 [X-132]  🔴4  vs  3🔵
     [X-133]  🔴6  vs  2🔵
     [X-134]  🔴4  vs  4🔵
     [X-135]  🔴1  vs  4🔵
     [X-136]  🔴2  vs  2🔵
     [X-137]  🔴5  vs  5🔵
  🎯 [X-138]  🔴3  vs  3🔵
     [X-139]  🔴4  vs  6🔵
     [X-140]  🔴6  vs  2🔵
     [X-141]  🔴5  vs  4🔵
     [X-142]  🔴6  vs  2🔵
     [X-143]  🔴2  vs  4🔵
  🎯 [X-144]  🔴1  vs  3🔵
  ##################################

[04:35:26] ▶ Раунд X-145 начался
[04:35:58] ✅ X-145   🔴5 vs 6🔵

  ##################################
  🔴 XOX-ПАТТЕРН!
  Красный — 5
  Шаблон: xoooxooox
  ##################################
  🎯 [X-137]  🔴5  vs  5🔵
     [X-138]  🔴3  vs  3🔵
     [X-139]  🔴4  vs  6🔵
     [X-140]  🔴6  vs  2🔵
  🎯 [X-141]  🔴5  vs  4🔵
     [X-142]  🔴6  vs  2🔵
     [X-143]  🔴2  vs  4🔵
     [X-144]  🔴1  vs  3🔵
  🎯 [X-145]  🔴5  vs  6🔵
  ##################################

[04:36:04] ▶ Раунд X-146 начался
[04:36:36] ✅ X-146   🔴2 vs 1🔵
[04:36:42] ▶ Раунд X-147 начался
[04:37:14] ✅ X-147   🔴4 vs 2🔵
[04:37:20] ▶ Раунд X-148 начался
[04:37:52] ✅ X-148   🔴5 vs 1🔵
[04:37:58] ▶ Раунд X-149 начался
[04:38:30] ✅ X-149   🔴5 vs 3🔵

  ~~~~~~~~~~~~~~~~~~~~~~~~~~~~~~~~~~
  🎲 МНОГО ПОСЛЕДОВАТЕЛЬНОСТЕЙ!
  Найдено: 3
  🔴44, 🔵44, 🔴55
  ~~~~~~~~~~~~~~~~~~~~~~~~~~~~~~~~~~
  🔥 [X-131]  🔴4  vs  5🔵
  🔥 [X-132]  🔴4  vs  3🔵
     [X-133]  🔴6  vs  2🔵
  🔥 [X-134]  🔴4  vs  4🔵
  🔥 [X-135]  🔴1  vs  4🔵
     [X-136]  🔴2  vs  2🔵
     [X-137]  🔴5  vs  5🔵
     [X-138]  🔴3  vs  3🔵
     [X-139]  🔴4  vs  6🔵
     [X-140]  🔴6  vs  2🔵
     [X-141]  🔴5  vs  4🔵
     [X-142]  🔴6  vs  2🔵
     [X-143]  🔴2  vs  4🔵
     [X-144]  🔴1  vs  3🔵
     [X-145]  🔴5  vs  6🔵
     [X-146]  🔴2  vs  1🔵
     [X-147]  🔴4  vs  2🔵
  🔥 [X-148]  🔴5  vs  1🔵
  🔥 [X-149]  🔴5  vs  3🔵
  ~~~~~~~~~~~~~~~~~~~~~~~~~~~~~~~~~~


  ++++++++++++++++++++++++++++++++++
  🔴 НОВАЯ ПАРА!
  Красный — 5
  Длина цепочки: 16 раундов
  ++++++++++++++++++++++++++++++++++
     [X-134]  🔴4  vs  4🔵
     [X-135]  🔴1  vs  4🔵
     [X-136]  🔴2  vs  2🔵
     [X-137]  🔴5  vs  5🔵
     [X-138]  🔴3  vs  3🔵
     [X-139]  🔴4  vs  6🔵
     [X-140]  🔴6  vs  2🔵
     [X-141]  🔴5  vs  4🔵
     [X-142]  🔴6  vs  2🔵
     [X-143]  🔴2  vs  4🔵
     [X-144]  🔴1  vs  3🔵
     [X-145]  🔴5  vs  6🔵
     [X-146]  🔴2  vs  1🔵
     [X-147]  🔴4  vs  2🔵
     [X-148]  🔴5  vs  1🔵
     [X-149]  🔴5  vs  3🔵
  ++++++++++++++++++++++++++++++++++

[04:38:36] ▶ Раунд X-150 начался
[04:39:08] ✅ X-150   🔴4 vs 2🔵
[04:39:14] ▶ Раунд X-151 начался
[04:39:46] ✅ X-151   🔴6 vs 6🔵

  ##################################
  🔵 XOX-ПАТТЕРН!
  Синий — 6
  Шаблон: xoooooxooooox
  ##################################
  🎯 [X-139]  🔴4  vs  6🔵
     [X-140]  🔴6  vs  2🔵
     [X-141]  🔴5  vs  4🔵
     [X-142]  🔴6  vs  2🔵
     [X-143]  🔴2  vs  4🔵
     [X-144]  🔴1  vs  3🔵
  🎯 [X-145]  🔴5  vs  6🔵
     [X-146]  🔴2  vs  1🔵
     [X-147]  🔴4  vs  2🔵
     [X-148]  🔴5  vs  1🔵
     [X-149]  🔴5  vs  3🔵
     [X-150]  🔴4  vs  2🔵
  🎯 [X-151]  🔴6  vs  6🔵
  ##################################

[04:39:52] ▶ Раунд X-152 начался
[04:40:24] ✅ X-152   🔴2 vs 1🔵
[04:40:30] ▶ Раунд X-153 начался
[04:41:02] ✅ X-153   🔴1 vs 2🔵

  ##################################
  🔵 XOX-ПАТТЕРН!
  Синий — 2
  Шаблон: xooxoox
  ##################################
  🎯 [X-147]  🔴4  vs  2🔵
     [X-148]  🔴5  vs  1🔵
     [X-149]  🔴5  vs  3🔵
  🎯 [X-150]  🔴4  vs  2🔵
     [X-151]  🔴6  vs  6🔵
     [X-152]  🔴2  vs  1🔵
  🎯 [X-153]  🔴1  vs  2🔵
  ##################################

[04:41:08] ▶ Раунд X-154 начался
[04:41:40] ✅ X-154   🔴5 vs 1🔵
[04:41:46] ▶ Раунд X-155 начался
[04:42:18] ✅ X-155   🔴1 vs 3🔵
[04:42:25] ▶ Раунд X-156 начался
[04:42:56] ✅ X-156   🔴1 vs 3🔵

  ++++++++++++++++++++++++++++++++++
  🔴 НОВАЯ ПАРА!
  Красный — 1
  Длина цепочки: 9 раундов
  ++++++++++++++++++++++++++++++++++
     [X-148]  🔴5  vs  1🔵
     [X-149]  🔴5  vs  3🔵
     [X-150]  🔴4  vs  2🔵
     [X-151]  🔴6  vs  6🔵
     [X-152]  🔴2  vs  1🔵
     [X-153]  🔴1  vs  2🔵
     [X-154]  🔴5  vs  1🔵
     [X-155]  🔴1  vs  3🔵
     [X-156]  🔴1  vs  3🔵
  ++++++++++++++++++++++++++++++++++

[04:43:02] ▶ Раунд X-157 начался
[04:43:34] ✅ X-157   🔴6 vs 4🔵
[04:43:40] ▶ Раунд X-158 начался
[04:44:12] ✅ X-158   🔴4 vs 2🔵
[04:44:18] ▶ Раунд X-159 начался
[04:44:50] ✅ X-159   🔴1 vs 3🔵
[04:44:56] ▶ Раунд X-160 начался
[04:45:28] ✅ X-160   🔴4 vs 5🔵
[04:45:34] ▶ Раунд X-161 начался
[04:46:06] ✅ X-161   🔴1 vs 6🔵
[04:46:12] ▶ Раунд X-162 начался
[04:46:44] ✅ X-162   🔴4 vs 3🔵

  ##################################
  🔴 XOX-ПАТТЕРН!
  Красный — 4
  Шаблон: xoxox
  ##################################
  🎯 [X-158]  🔴4  vs  2🔵
     [X-159]  🔴1  vs  3🔵
  🎯 [X-160]  🔴4  vs  5🔵
     [X-161]  🔴1  vs  6🔵
  🎯 [X-162]  🔴4  vs  3🔵
  ##################################


  ##################################
  🔵 XOX-ПАТТЕРН!
  Синий — 3
  Шаблон: xooxoox
  ##################################
  🎯 [X-156]  🔴1  vs  3🔵
     [X-157]  🔴6  vs  4🔵
     [X-158]  🔴4  vs  2🔵
  🎯 [X-159]  🔴1  vs  3🔵
     [X-160]  🔴4  vs  5🔵
     [X-161]  🔴1  vs  6🔵
  🎯 [X-162]  🔴4  vs  3🔵
  ##################################

[04:46:50] ▶ Раунд X-163 начался
[04:47:22] ✅ X-163   🔴6 vs 5🔵

  ##################################
  🔴 XOX-ПАТТЕРН!
  Красный — 6
  Шаблон: xoooooxooooox
  ##################################
  🎯 [X-151]  🔴6  vs  6🔵
     [X-152]  🔴2  vs  1🔵
     [X-153]  🔴1  vs  2🔵
     [X-154]  🔴5  vs  1🔵
     [X-155]  🔴1  vs  3🔵
     [X-156]  🔴1  vs  3🔵
  🎯 [X-157]  🔴6  vs  4🔵
     [X-158]  🔴4  vs  2🔵
     [X-159]  🔴1  vs  3🔵
     [X-160]  🔴4  vs  5🔵
     [X-161]  🔴1  vs  6🔵
     [X-162]  🔴4  vs  3🔵
  🎯 [X-163]  🔴6  vs  5🔵
  ##################################

[04:47:28] ▶ Раунд X-164 начался
[04:48:00] ✅ X-164   🔴1 vs 3🔵
[04:48:06] ▶ Раунд X-165 начался
[04:48:38] ✅ X-165   🔴6 vs 2🔵
[04:48:44] ▶ Раунд X-166 начался
[04:49:16] ✅ X-166   🔴3 vs 2🔵

  ~~~~~~~~~~~~~~~~~~~~~~~~~~~~~~~~~~
  🎲 МНОГО ПОСЛЕДОВАТЕЛЬНОСТЕЙ!
  Найдено: 3
  🔴11, 🔵33, 🔵22
  ~~~~~~~~~~~~~~~~~~~~~~~~~~~~~~~~~~
  🔥 [X-155]  🔴1  vs  3🔵
  🔥 [X-156]  🔴1  vs  3🔵
     [X-157]  🔴6  vs  4🔵
     [X-158]  🔴4  vs  2🔵
     [X-159]  🔴1  vs  3🔵
     [X-160]  🔴4  vs  5🔵
     [X-161]  🔴1  vs  6🔵
     [X-162]  🔴4  vs  3🔵
     [X-163]  🔴6  vs  5🔵
     [X-164]  🔴1  vs  3🔵
  🔥 [X-165]  🔴6  vs  2🔵
  🔥 [X-166]  🔴3  vs  2🔵
  ~~~~~~~~~~~~~~~~~~~~~~~~~~~~~~~~~~


  ++++++++++++++++++++++++++++++++++
  🔵 НОВАЯ ПАРА!
  Синий — 2
  Длина цепочки: 12 раундов
  ++++++++++++++++++++++++++++++++++
     [X-155]  🔴1  vs  3🔵
     [X-156]  🔴1  vs  3🔵
     [X-157]  🔴6  vs  4🔵
     [X-158]  🔴4  vs  2🔵
     [X-159]  🔴1  vs  3🔵
     [X-160]  🔴4  vs  5🔵
     [X-161]  🔴1  vs  6🔵
     [X-162]  🔴4  vs  3🔵
     [X-163]  🔴6  vs  5🔵
     [X-164]  🔴1  vs  3🔵
     [X-165]  🔴6  vs  2🔵
     [X-166]  🔴3  vs  2🔵
  ++++++++++++++++++++++++++++++++++

[04:49:21] ▶ Раунд X-167 начался
[04:49:53] ✅ X-167   🔴4 vs 3🔵
[04:49:59] ▶ Раунд X-168 начался
[04:50:31] ✅ X-168   🔴6 vs 3🔵

  ++++++++++++++++++++++++++++++++++
  🔵 НОВАЯ ПАРА!
  Синий — 3
  Длина цепочки: 4 раундов
  ++++++++++++++++++++++++++++++++++
     [X-165]  🔴6  vs  2🔵
     [X-166]  🔴3  vs  2🔵
     [X-167]  🔴4  vs  3🔵
     [X-168]  🔴6  vs  3🔵
  ++++++++++++++++++++++++++++++++++

[Startup] История предзагружена: 500 раундов
[Startup] Активных паттернов: 5
  - run_streak: N одинаковых подряд, опционально с пропуском и последующим повтором
  - repeating_pair: Пара -> ждём повтор ТОЙ ЖЕ пары; любая другая пара сбивает цель
  - symmetric_gap: Симметричный повтор значения: x o^N x o^N x (N от MIN до MAX)
  - streak_burst: Накопление N последовательностей (2+ подряд), идущих без больших пропусков друг за другом
  - pair_chain: Любая пара запускает ожидание любой следующей пары (на любом кубике)
Подключение к потоку событий...
Активных паттернов: 5
─────────────────────────────────────
[04:50:37] ▶ Раунд X-169 начался
[04:51:09] ✅ X-169   🔴2 vs 1🔵
[04:51:15] ▶ Раунд X-170 начался
[04:51:47] ✅ X-170   🔴3 vs 5🔵
[04:51:53] ▶ Раунд X-171 начался
[04:52:25] ✅ X-171   🔴3 vs 3🔵
[04:52:31] ▶ Раунд X-172 начался
[04:53:03] ✅ X-172   🔴1 vs 4🔵
[04:53:09] ▶ Раунд X-173 начался
[04:53:41] ✅ X-173   🔴5 vs 6🔵
[04:53:47] ▶ Раунд X-174 начался
[04:54:19] ✅ X-174   🔴1 vs 2🔵
[04:54:25] ▶ Раунд X-175 начался
[04:54:57] ✅ X-175   🔴5 vs 6🔵
[04:55:03] ▶ Раунд X-176 начался
[04:55:35] ✅ X-176   🔴4 vs 1🔵
[04:55:41] ▶ Раунд X-177 начался
[04:56:13] ✅ X-177   🔴6 vs 1🔵

  ++++++++++++++++++++++++++++++++++
  🎲 ПАРА-ПРОПУСКИ-ПАРА
  🔴33 ... 🔵11
  Длина: 8 раундов
  ++++++++++++++++++++++++++++++++++
  🔥 [X-170]  🔴3  vs  5🔵
  🔥 [X-171]  🔴3  vs  3🔵
     [X-172]  🔴1  vs  4🔵
     [X-173]  🔴5  vs  6🔵
     [X-174]  🔴1  vs  2🔵
     [X-175]  🔴5  vs  6🔵
  🔥 [X-176]  🔴4  vs  1🔵
  🔥 [X-177]  🔴6  vs  1🔵
  ++++++++++++++++++++++++++++++++++

[04:56:19] ▶ Раунд X-178 начался
[04:56:51] ✅ X-178   🔴1 vs 1🔵
[04:56:57] ▶ Раунд X-179 начался
[04:57:29] ✅ X-179   🔴4 vs 2🔵
[04:57:35] ▶ Раунд X-180 начался
[04:58:07] ✅ X-180   🔴5 vs 5🔵
[04:58:13] ▶ Раунд X-181 начался
[04:58:45] ✅ X-181   🔴5 vs 6🔵

  ++++++++++++++++++++++++++++++++++
  🎲 ПАРА-ПРОПУСКИ-ПАРА
  🔵11 ... 🔴55
  Длина: 6 раундов
  ++++++++++++++++++++++++++++++++++
  🔥 [X-176]  🔴4  vs  1🔵
  🔥 [X-177]  🔴6  vs  1🔵
     [X-178]  🔴1  vs  1🔵
     [X-179]  🔴4  vs  2🔵
  🔥 [X-180]  🔴5  vs  5🔵
  🔥 [X-181]  🔴5  vs  6🔵
  ++++++++++++++++++++++++++++++++++

[04:58:51] ▶ Раунд X-182 начался
[04:59:23] ✅ X-182   🔴5 vs 4🔵
[04:59:29] ▶ Раунд X-183 начался
[05:00:01] ✅ X-183   🔴3 vs 1🔵
[Startup] История предзагружена: 500 раундов
[Startup] Активных паттернов: 5
  - run_streak: N одинаковых подряд, опционально с пропуском и последующим повтором
  - repeating_pair: Пара -> ждём повтор ТОЙ ЖЕ пары; любая другая пара сбивает цель
  - symmetric_gap: Симметричный повтор значения: x o^N x o^N x (N от MIN до MAX)
  - streak_burst: Накопление N последовательностей (2+ подряд), идущих без больших пропусков друг за другом
  - pair_chain: Любая пара запускает ожидание любой следующей пары (на любом кубике)
Подключение к потоку событий...
Активных паттернов: 5
─────────────────────────────────────
[05:00:07] ▶ Раунд X-184 начался
[05:00:39] ✅ X-184   🔴6 vs 1🔵
[05:00:45] ▶ Раунд X-185 начался
[05:01:17] ✅ X-185   🔴3 vs 6🔵
[05:01:23] ▶ Раунд X-186 начался
[05:01:55] ✅ X-186   🔴3 vs 5🔵
[05:02:01] ▶ Раунд X-187 начался
[05:02:33] ✅ X-187   🔴5 vs 6🔵
[05:02:39] ▶ Раунд X-188 начался
[05:03:11] ✅ X-188   🔴6 vs 5🔵
[05:03:17] ▶ Раунд X-189 начался
[05:03:49] ✅ X-189   🔴3 vs 2🔵
[05:03:55] ▶ Раунд X-190 начался
[05:04:27] ✅ X-190   🔴4 vs 1🔵
[05:04:33] ▶ Раунд X-191 начался
[05:05:05] ✅ X-191   🔴3 vs 6🔵
[05:05:11] ▶ Раунд X-192 начался
[05:05:43] ✅ X-192   🔴1 vs 4🔵
[05:05:49] ▶ Раунд X-193 начался
[05:06:21] ✅ X-193   🔴1 vs 3🔵

  ++++++++++++++++++++++++++++++++++
  🎲 ПАРА-ПРОПУСКИ-ПАРА
  3🔴3 ... 🔴11
  Длина: 9 раундов
  ++++++++++++++++++++++++++++++++++
  🔥 [X-185]  🔴3  vs  6🔵
  🔥 [X-186]  🔴3  vs  5🔵
      [X-187]  🔴5  vs  6🔵
      [X-188]  🔴6  vs  5🔵
      [X-189]  🔴3  vs  2🔵
      [X-190]  🔴4  vs  1🔵
      [X-191]  🔴3  vs  6🔵
  🔥 [X-192]  🔴1  vs  4🔵
  🔥 [X-193]  🔴1  vs  3🔵
  ++++++++++++++++++++++++++++++++++

[05:06:27] ▶ Раунд X-194 начался
[05:06:59] ✅ X-194   🔴1 vs 6🔵
[05:07:05] ▶ Раунд X-195 начался
[05:07:37] ✅ X-195   🔴6 vs 1🔵
[05:07:43] ▶ Раунд X-196 начался
[05:08:15] ✅ X-196   🔴3 vs 3🔵
[05:08:21] ▶ Раунд X-197 начался
[05:08:53] ✅ X-197   🔴4 vs 1🔵
[05:08:59] ▶ Раунд X-198 начался
[05:09:31] ✅ X-198   🔴6 vs 4🔵
[05:09:37] ▶ Раунд X-199 начался
[05:10:09] ✅ X-199   🔴3 vs 1🔵

  ##################################
  🔵 XOX-ПАТТЕРН!
  Синий — 1
  Шаблон: xoxox
  ##################################
  🎯 [X-195]  🔴6  vs  1🔵
      [X-196]  🔴3  vs  3🔵
  🎯 [X-197]  🔴4  vs  1🔵
      [X-198]  🔴6  vs  4🔵
  🎯 [X-199]  🔴3  vs  1🔵
  ##################################

[05:10:15] ▶ Раунд X-200 начался
[05:10:47] ✅ X-200   🔴4 vs 2🔵
[05:10:53] ▶ Раунд X-201 начался
[05:11:25] ✅ X-201   🔴4 vs 1🔵

  ##################################
  🔵 XOX-ПАТТЕРН!
  Синий — 1
  Шаблон: xoxox
  ##################################
  🎯 [X-197]  🔴4  vs  1🔵
      [X-198]  🔴6  vs  4🔵
  🎯 [X-199]  🔴3  vs  1🔵
      [X-200]  🔴4  vs  2🔵
  🎯 [X-201]  🔴4  vs  1🔵
  ##################################


  ++++++++++++++++++++++++++++++++++
  🎲 ПАРА-ПРОПУСКИ-ПАРА
  1🔴1 ... 🔴44
  Длина: 10 раундов
  ++++++++++++++++++++++++++++++++++
  🔥 [X-192]  🔴1  vs  4🔵
  🔥 [X-193]  🔴1  vs  3🔵
      [X-194]  🔴1  vs  6🔵
      [X-195]  🔴6  vs  1🔵
      [X-196]  🔴3  vs  3🔵
      [X-197]  🔴4  vs  1🔵
      [X-198]  🔴6  vs  4🔵
      [X-199]  🔴3  vs  1🔵
  🔥 [X-200]  🔴4  vs  2🔵
  🔥 [X-201]  🔴4  vs  1🔵
  ++++++++++++++++++++++++++++++++++

[05:11:31] ▶ Раунд X-202 начался
[05:12:03] ✅ X-202   🔴5 vs 3🔵
[05:12:09] ▶ Раунд X-203 начался
[05:12:41] ✅ X-203   🔴6 vs 3🔵

  ++++++++++++++++++++++++++++++++++
  🎲 ПАРА-ПРОПУСКИ-ПАРА
  4🔴4 ... 🔵33
  Длина: 4 раундов
  ++++++++++++++++++++++++++++++++++
  🔥 [X-200]  🔴4  vs  2🔵
  🔥 [X-201]  🔴4  vs  1🔵
  🔥 [X-202]  🔴5  vs  3🔵
  🔥 [X-203]  🔴6  vs  3🔵
  ++++++++++++++++++++++++++++++++++

[05:12:47] ▶ Раунд X-204 начался
[05:13:19] ✅ X-204   🔴2 vs 5🔵
[05:13:25] ▶ Раунд X-205 начался
[05:13:57] ✅ X-205   🔴5 vs 5🔵

  ++++++++++++++++++++++++++++++++++
  🎲 ПАРА-ПРОПУСКИ-ПАРА
  3🔵3 ... 🔵55
  Длина: 4 раундов
  ++++++++++++++++++++++++++++++++++
  🔥 [X-202]  🔴5  vs  3🔵
  🔥 [X-203]  🔴6  vs  3🔵
  🔥 [X-204]  🔴2  vs  5🔵
  🔥 [X-205]  🔴5  vs  5🔵
  ++++++++++++++++++++++++++++++++++

[05:14:03] ▶ Раунд X-206 начался
[05:14:35] ✅ X-206   🔴3 vs 3🔵
[05:14:41] ▶ Раунд X-207 начался
[05:15:13] ✅ X-207   🔴5 vs 4🔵
[05:15:19] ▶ Раунд X-208 начался
[05:15:51] ✅ X-208   🔴1 vs 4🔵

  ~~~~~~~~~~~~~~~~~~~~~~~~~~~~~~~~~~
  🎲 МНОГО ПОСЛЕДОВАТЕЛЬНОСТЕЙ!
  Найдено: 4 (🔴44, 🔵33, 🔵55, 🔵44)
  ~~~~~~~~~~~~~~~~~~~~~~~~~~~~~~~~~~
  🔥 [X-200]  🔴4  vs  2🔵
  🔥 [X-201]  🔴4  vs  1🔵
  🔥 [X-202]  🔴5  vs  3🔵
  🔥 [X-203]  🔴6  vs  3🔵
  🔥 [X-204]  🔴2  vs  5🔵
  🔥 [X-205]  🔴5  vs  5🔵
     [X-206]  🔴3  vs  3🔵
  🔥 [X-207]  🔴5  vs  4🔵
  🔥 [X-208]  🔴1  vs  4🔵
  ~~~~~~~~~~~~~~~~~~~~~~~~~~~~~~~~~~


  ++++++++++++++++++++++++++++++++++
  🎲 ПАРА-ПРОПУСКИ-ПАРА
  5🔵5 ... 🔵44
  Длина: 5 раундов
  ++++++++++++++++++++++++++++++++++
  🔥 [X-204]  🔴2  vs  5🔵
  🔥 [X-205]  🔴5  vs  5🔵
      [X-206]  🔴3  vs  3🔵
  🔥 [X-207]  🔴5  vs  4🔵
  🔥 [X-208]  🔴1  vs  4🔵
  ++++++++++++++++++++++++++++++++++

[05:15:57] ▶ Раунд X-209 начался
[05:16:29] ✅ X-209   🔴5 vs 1🔵

  ##################################
  🔴 XOX-ПАТТЕРН!
  Красный — 5
  Шаблон: xoxox
  ##################################
  🎯 [X-205]  🔴5  vs  5🔵
      [X-206]  🔴3  vs  3🔵
  🎯 [X-207]  🔴5  vs  4🔵
      [X-208]  🔴1  vs  4🔵
  🎯 [X-209]  🔴5  vs  1🔵
  ##################################

[05:16:35] ▶ Раунд X-210 начался
[05:17:07] ✅ X-210   🔴4 vs 3🔵
[05:17:13] ▶ Раунд X-211 начался
[05:17:45] ✅ X-211   🔴2 vs 1🔵
[05:17:51] ▶ Раунд X-212 начался
[05:18:23] ✅ X-212   🔴1 vs 3🔵
[05:18:29] ▶ Раунд X-213 начался
[05:19:01] ✅ X-213   🔴1 vs 1🔵

  ##################################
  🔵 XOX-ПАТТЕРН!
  Синий — 1
  Шаблон: xoxox
  ##################################
  🎯 [X-209]  🔴5  vs  1🔵
      [X-210]  🔴4  vs  3🔵
  🎯 [X-211]  🔴2  vs  1🔵
      [X-212]  🔴1  vs  3🔵
  🎯 [X-213]  🔴1  vs  1🔵
  ##################################


  ++++++++++++++++++++++++++++++++++
  🎲 ПАРА-ПРОПУСКИ-ПАРА
  4🔵4 ... 🔴11
  Длина: 7 раундов
  ++++++++++++++++++++++++++++++++++
  🔥 [X-207]  🔴5  vs  4🔵
  🔥 [X-208]  🔴1  vs  4🔵
      [X-209]  🔴5  vs  1🔵
      [X-210]  🔴4  vs  3🔵
      [X-211]  🔴2  vs  1🔵
  🔥 [X-212]  🔴1  vs  3🔵
  🔥 [X-213]  🔴1  vs  1🔵
  ++++++++++++++++++++++++++++++++++

[05:19:07] ▶ Раунд X-214 начался
[05:19:39] ✅ X-214   🔴6 vs 6🔵
[05:19:45] ▶ Раунд X-215 начался
[05:20:17] ✅ X-215   🔴4 vs 3🔵
[05:20:23] ▶ Раунд X-216 начался
[05:20:55] ✅ X-216   🔴5 vs 5🔵
[05:21:01] ▶ Раунд X-217 начался
[05:21:33] ✅ X-217   🔴3 vs 5🔵

  ++++++++++++++++++++++++++++++++++
  🎲 ПАРА-ПРОПУСКИ-ПАРА
  1🔴1 ... 🔵55
  Длина: 6 раундов
  ++++++++++++++++++++++++++++++++++
  🔥 [X-212]  🔴1  vs  3🔵
  🔥 [X-213]  🔴1  vs  1🔵
      [X-214]  🔴6  vs  6🔵
      [X-215]  🔴4  vs  3🔵
  🔥 [X-216]  🔴5  vs  5🔵
  🔥 [X-217]  🔴3  vs  5🔵
  ++++++++++++++++++++++++++++++++++

[05:21:39] ▶ Раунд X-218 начался
[05:22:11] ✅ X-218   🔴5 vs 5🔵
[05:22:17] ▶ Раунд X-219 начался
[05:22:49] ✅ X-219   🔴3 vs 2🔵
[05:22:55] ▶ Раунд X-220 начался
[05:23:27] ✅ X-220   🔴6 vs 2🔵

  ++++++++++++++++++++++++++++++++++
  🎲 ПАРА-ПРОПУСКИ-ПАРА
  5🔵5 ... 🔵22
  Длина: 5 раундов
  ++++++++++++++++++++++++++++++++++
  🔥 [X-216]  🔴5  vs  5🔵
  🔥 [X-217]  🔴3  vs  5🔵
      [X-218]  🔴5  vs  5🔵
  🔥 [X-219]  🔴3  vs  2🔵
  🔥 [X-220]  🔴6  vs  2🔵
  ++++++++++++++++++++++++++++++++++

[05:23:33] ▶ Раунд X-221 начался
[05:24:05] ✅ X-221   🔴2 vs 2🔵
[05:24:11] ▶ Раунд X-222 начался
[05:24:43] ✅ X-222   🔴5 vs 1🔵
[05:24:49] ▶ Раунд X-223 начался
[05:25:21] ✅ X-223   🔴1 vs 6🔵
[05:25:27] ▶ Раунд X-224 начался
[05:25:59] ✅ X-224   🔴6 vs 4🔵
[05:26:05] ▶ Раунд X-225 начался
[05:26:37] ✅ X-225   🔴2 vs 3🔵
[05:26:43] ▶ Раунд X-226 начался
[05:27:15] ✅ X-226   🔴2 vs 2🔵

  ~~~~~~~~~~~~~~~~~~~~~~~~~~~~~~~~~~
  🎲 МНОГО ПОСЛЕДОВАТЕЛЬНОСТЕЙ!
  Найдено: 4 (🔴11, 🔵555, 🔵222, 🔴22)
  ~~~~~~~~~~~~~~~~~~~~~~~~~~~~~~~~~~
  🔥 [X-212]  🔴1  vs  3🔵
  🔥 [X-213]  🔴1  vs  1🔵
     [X-214]  🔴6  vs  6🔵
     [X-215]  🔴4  vs  3🔵
  🔥 [X-216]  🔴5  vs  5🔵
  🔥 [X-217]  🔴3  vs  5🔵
  🔥 [X-218]  🔴5  vs  5🔵
  🔥 [X-219]  🔴3  vs  2🔵
  🔥 [X-220]  🔴6  vs  2🔵
  🔥 [X-221]  🔴2  vs  2🔵
     [X-222]  🔴5  vs  1🔵
     [X-223]  🔴1  vs  6🔵
     [X-224]  🔴6  vs  4🔵
  🔥 [X-225]  🔴2  vs  3🔵
  🔥 [X-226]  🔴2  vs  2🔵
  ~~~~~~~~~~~~~~~~~~~~~~~~~~~~~~~~~~


  ++++++++++++++++++++++++++++++++++
  🎲 ПАРА-ПРОПУСКИ-ПАРА
  2🔵2 ... 🔴22
  Длина: 8 раундов
  ++++++++++++++++++++++++++++++++++
  🔥 [X-219]  🔴3  vs  2🔵
  🔥 [X-220]  🔴6  vs  2🔵
      [X-221]  🔴2  vs  2🔵
      [X-222]  🔴5  vs  1🔵
      [X-223]  🔴1  vs  6🔵
      [X-224]  🔴6  vs  4🔵
  🔥 [X-225]  🔴2  vs  3🔵
  🔥 [X-226]  🔴2  vs  2🔵
  ++++++++++++++++++++++++++++++++++

[05:27:21] ▶ Раунд X-227 начался
[05:27:53] ✅ X-227   🔴6 vs 6🔵
[05:27:59] ▶ Раунд X-243 начался
[05:28:31] ✅ X-243   🔴3 vs 5🔵
[05:28:37] ▶ Раунд X-244 начался
[05:29:09] ✅ X-244   🔴6 vs 4🔵
[05:29:15] ▶ Раунд X-245 начался
[05:29:47] ✅ X-245   🔴4 vs 3🔵
[05:29:53] ▶ Раунд X-246 начался
[05:30:25] ✅ X-246   🔴2 vs 4🔵
[05:30:31] ▶ Раунд X-247 начался
[05:31:03] ✅ X-247   🔴6 vs 1🔵
[05:31:09] ▶ Раунд X-248 начался
[05:31:41] ✅ X-248   🔴3 vs 6🔵
[05:31:47] ▶ Раунд X-249 начался
[05:32:19] ✅ X-249   🔴1 vs 3🔵
[05:32:25] ▶ Раунд X-250 начался
[05:32:57] ✅ X-250   🔴5 vs 3🔵

  ++++++++++++++++++++++++++++++++++
  🎲 ПАРА-ПРОПУСКИ-ПАРА
  2🔴2 ... 🔵33
  Длина: 11 раундов
  ++++++++++++++++++++++++++++++++++
  🔥 [X-225]  🔴2  vs  3🔵
  🔥 [X-226]  🔴2  vs  2🔵
      [X-227]  🔴6  vs  6🔵
      [X-243]  🔴3  vs  5🔵
      [X-244]  🔴6  vs  4🔵
      [X-245]  🔴4  vs  3🔵
      [X-246]  🔴2  vs  4🔵
      [X-247]  🔴6  vs  1🔵
      [X-248]  🔴3  vs  6🔵
  🔥 [X-249]  🔴1  vs  3🔵
  🔥 [X-250]  🔴5  vs  3🔵
  ++++++++++++++++++++++++++++++++++

[05:33:03] ▶ Раунд X-251 начался
[05:33:35] ✅ X-251   🔴2 vs 5🔵

  ##################################
  🔴 XOX-ПАТТЕРН!
  Красный — 2
  Шаблон: xooooxoooox
  ##################################
  🎯 [X-226]  🔴2  vs  2🔵
      [X-227]  🔴6  vs  6🔵
      [X-243]  🔴3  vs  5🔵
      [X-244]  🔴6  vs  4🔵
      [X-245]  🔴4  vs  3🔵
  🎯 [X-246]  🔴2  vs  4🔵
      [X-247]  🔴6  vs  1🔵
      [X-248]  🔴3  vs  6🔵
      [X-249]  🔴1  vs  3🔵
      [X-250]  🔴5  vs  3🔵
  🎯 [X-251]  🔴2  vs  5🔵
  ##################################

[05:33:41] ▶ Раунд X-252 начался
[05:34:13] ✅ X-252   🔴2 vs 3🔵

  ++++++++++++++++++++++++++++++++++
  🎲 ПАРА-ПРОПУСКИ-ПАРА
  3🔵3 ... 🔴22
  Длина: 4 раундов
  ++++++++++++++++++++++++++++++++++
  🔥 [X-249]  🔴1  vs  3🔵
  🔥 [X-250]  🔴5  vs  3🔵
  🔥 [X-251]  🔴2  vs  5🔵
  🔥 [X-252]  🔴2  vs  3🔵
  ++++++++++++++++++++++++++++++++++

[05:34:19] ▶ Раунд X-253 начался
[05:34:51] ✅ X-253   🔴6 vs 4🔵
[05:34:57] ▶ Раунд X-254 начался
[05:35:29] ✅ X-254   🔴1 vs 2🔵
[05:35:35] ▶ Раунд X-255 начался
[05:36:07] ✅ X-255   🔴4 vs 3🔵
[05:36:13] ▶ Раунд X-256 начался
[05:36:45] ✅ X-256   🔴6 vs 5🔵
[05:36:51] ▶ Раунд X-257 начался
[05:37:23] ✅ X-257   🔴2 vs 5🔵

  ++++++++++++++++++++++++++++++++++
  🎲 ПАРА-ПРОПУСКИ-ПАРА
  2🔴2 ... 🔵55
  Длина: 7 раундов
  ++++++++++++++++++++++++++++++++++
  🔥 [X-251]  🔴2  vs  5🔵
  🔥 [X-252]  🔴2  vs  3🔵
      [X-253]  🔴6  vs  4🔵
      [X-254]  🔴1  vs  2🔵
      [X-255]  🔴4  vs  3🔵
  🔥 [X-256]  🔴6  vs  5🔵
  🔥 [X-257]  🔴2  vs  5🔵
  ++++++++++++++++++++++++++++++++++

[05:37:29] ▶ Раунд X-258 начался
[05:38:01] ✅ X-258   🔴3 vs 5🔵
[05:38:07] ▶ Раунд X-259 начался
[05:38:39] ✅ X-259   🔴6 vs 5🔵

  ──────────────────────────────────
  🔵 ПАТТЕРН!
  Синий — 5
  четыре подряд
  ──────────────────────────────────
  ⬅️ [X-254]  🔴1  vs  2🔵
  ⬅️ [X-255]  🔴4  vs  3🔵
  🔥 [X-256]  🔴6  vs  5🔵
  🔥 [X-257]  🔴2  vs  5🔵
  🔥 [X-258]  🔴3  vs  5🔵
  🔥 [X-259]  🔴6  vs  5🔵
  ──────────────────────────────────


  ##################################
  🔴 XOX-ПАТТЕРН!
  Красный — 6
  Шаблон: xooxoox
  ##################################
  🎯 [X-253]  🔴6  vs  4🔵
      [X-254]  🔴1  vs  2🔵
      [X-255]  🔴4  vs  3🔵
  🎯 [X-256]  🔴6  vs  5🔵
      [X-257]  🔴2  vs  5🔵
      [X-258]  🔴3  vs  5🔵
  🎯 [X-259]  🔴6  vs  5🔵
  ##################################

[05:38:45] ▶ Раунд X-260 начался
[05:39:17] ✅ X-260   🔴4 vs 6🔵
[05:39:23] ▶ Раунд X-261 начался
